sequence_id,dataset_source,sequence_length,start_timestamp,end_timestamp,sequence_duration_seconds,start_node_id,end_node_id,event_chain
SEQ_PRO_0001,Processed_IoT_dataset,12,31-Mar-19,31-Mar-19,0.0,TND_PRO_000081,TND_PRO_000066,Device (0) -> (+0 ms) -> Device (0) -> (+0 ms) -> Device (0) -> (+0 ms) -> Device (0) -> (+0 ms) -> Device (0) -> (+0 ms) -> Device (0) -> (+0 ms) -> Device (0) -> (+0 ms) -> Device (0) -> (+0 ms) -> Device (0) -> (+0 ms) -> Device (0) -> (+0 ms) -> Device (0) -> (+0 ms) -> Device (0)
SEQ_PRO_0002,Processed_IoT_dataset,12,31-Mar-19,31-Mar-19,0.0,TND_PRO_000067,TND_PRO_000072,Device (0) -> (+0 ms) -> Device (0) -> (+0 ms) -> Device (0) -> (+0 ms) -> Device (0) -> (+0 ms) -> Device (0) -> (+0 ms) -> Device (0) -> (+0 ms) -> Device (0) -> (+0 ms) -> Device (0) -> (+0 ms) -> Device (0) -> (+0 ms) -> Device (0) -> (+0 ms) -> Device (0) -> (+0 ms) -> Device (0)
SEQ_PRO_0003,Processed_IoT_dataset,12,31-Mar-19,31-Mar-19,0.0,TND_PRO_000073,TND_PRO_000100,Device (0) -> (+0 ms) -> Device (0) -> (+0 ms) -> Device (0) -> (+0 ms) -> Device (0) -> (+0 ms) -> Device (0) -> (+0 ms) -> Device (0) -> (+0 ms) -> Device (0) -> (+0 ms) -> Device (0) -> (+0 ms) -> Device (0) -> (+0 ms) -> Device (0) -> (+0 ms) -> Device (0) -> (+0 ms) -> Device (0)
SEQ_PRO_0004,Processed_IoT_dataset,12,31-Mar-19,31-Mar-19,0.0,TND_PRO_000101,TND_PRO_000112,Device (0) -> (+0 ms) -> Device (0) -> (+0 ms) -> Device (0) -> (+0 ms) -> Device (0) -> (+0 ms) -> Device (0) -> (+0 ms) -> Device (0) -> (+0 ms) -> Device (0) -> (+0 ms) -> Device (0) -> (+0 ms) -> Device (0) -> (+0 ms) -> Device (0) -> (+0 ms) -> Device (0) -> (+0 ms) -> Device (0)
SEQ_PRO_0005,Processed_IoT_dataset,12,31-Mar-19,31-Mar-19,0.0,TND_PRO_000113,TND_PRO_000124,Device (0) -> (+0 ms) -> Device (0) -> (+0 ms) -> Device (0) -> (+0 ms) -> Device (0) -> (+0 ms) -> Device (0) -> (+0 ms) -> Device (0) -> (+0 ms) -> Device (0) -> (+0 ms) -> Device (0) -> (+0 ms) -> Device (0) -> (+0 ms) -> Device (0) -> (+0 ms) -> Device (0) -> (+0 ms) -> Device (0)
SEQ_PRO_0006,Processed_IoT_dataset,12,31-Mar-19,31-Mar-19,0.0,TND_PRO_000125,TND_PRO_000136,Device (0) -> (+0 ms) -> Device (0) -> (+0 ms) -> Device (0) -> (+0 ms) -> Device (0) -> (+0 ms) -> Device (0) -> (+0 ms) -> Device (0) -> (+0 ms) -> Device (0) -> (+0 ms) -> Device (0) -> (+0 ms) -> Device (0) -> (+0 ms) -> Device (0) -> (+0 ms) -> Device (0) -> (+0 ms) -> Device (0)
SEQ_PRO_0007,Processed_IoT_dataset,12,31-Mar-19,31-Mar-19,0.0,TND_PRO_000137,TND_PRO_000148,Device (0) -> (+0 ms) -> Device (0) -> (+0 ms) -> Device (0) -> (+0 ms) -> Device (0) -> (+0 ms) -> Device (0) -> (+0 ms) -> Device (0) -> (+0 ms) -> Device (0) -> (+0 ms) -> Device (0) -> (+0 ms) -> Device (0) -> (+0 ms) -> Device (0) -> (+0 ms) -> Device (0) -> (+0 ms) -> Device (0)
SEQ_PRO_0008,Processed_IoT_dataset,12,31-Mar-19,31-Mar-19,0.0,TND_PRO_000149,TND_PRO_000160,Device (0) -> (+0 ms) -> Device (0) -> (+0 ms) -> Device (0) -> (+0 ms) -> Device (0) -> (+0 ms) -> Device (0) -> (+0 ms) -> Device (0) -> (+0 ms) -> Device (0) -> (+0 ms) -> Device (0) -> (+0 ms) -> Device (0) -> (+0 ms) -> Device (0) -> (+0 ms) -> Device (0) -> (+0 ms) -> Device (0)
SEQ_PRO_0009,Processed_IoT_dataset,12,31-Mar-19,31-Mar-19,0.0,TND_PRO_000161,TND_PRO_000172,Device (0) -> (+0 ms) -> Device (0) -> (+0 ms) -> Device (0) -> (+0 ms) -> Device (0) -> (+0 ms) -> Device (0) -> (+0 ms) -> Device (0) -> (+0 ms) -> Device (0) -> (+0 ms) -> Device (0) -> (+0 ms) -> Device (0) -> (+0 ms) -> Device (0) -> (+0 ms) -> Device (0) -> (+0 ms) -> Device (0)
SEQ_PRO_0010,Processed_IoT_dataset,12,31-Mar-19,31-Mar-19,0.0,TND_PRO_000173,TND_PRO_000184,Device (0) -> (+0 ms) -> Device (0) -> (+0 ms) -> Device (0) -> (+0 ms) -> Device (0) -> (+0 ms) -> Device (0) -> (+0 ms) -> Device (0) -> (+0 ms) -> Device (0) -> (+0 ms) -> Device (0) -> (+0 ms) -> Device (0) -> (+0 ms) -> Device (0) -> (+0 ms) -> Device (0) -> (+0 ms) -> Device (0)
SEQ_PRO_0011,Processed_IoT_dataset,12,31-Mar-19,31-Mar-19,0.0,TND_PRO_000185,TND_PRO_000196,Device (0) -> (+0 ms) -> Device (0) -> (+0 ms) -> Device (0) -> (+0 ms) -> Device (0) -> (+0 ms) -> Device (0) -> (+0 ms) -> Device (0) -> (+0 ms) -> Device (0) -> (+0 ms) -> Device (0) -> (+0 ms) -> Device (0) -> (+0 ms) -> Device (0) -> (+0 ms) -> Device (0) -> (+0 ms) -> Device (0)
SEQ_PRO_0012,Processed_IoT_dataset,12,31-Mar-19,31-Mar-19,0.0,TND_PRO_000197,TND_PRO_000208,Device (0) -> (+0 ms) -> Device (0) -> (+0 ms) -> Device (0) -> (+0 ms) -> Device (0) -> (+0 ms) -> Device (0) -> (+0 ms) -> Device (0) -> (+0 ms) -> Device (0) -> (+0 ms) -> Device (0) -> (+0 ms) -> Device (0) -> (+0 ms) -> Device (0) -> (+0 ms) -> Device (0) -> (+0 ms) -> Device (0)
SEQ_PRO_0013,Processed_IoT_dataset,12,31-Mar-19,31-Mar-19,0.0,TND_PRO_000209,TND_PRO_000220,Device (0) -> (+0 ms) -> Device (0) -> (+0 ms) -> Device (0) -> (+0 ms) -> Device (0) -> (+0 ms) -> Device (0) -> (+0 ms) -> Device (0) -> (+0 ms) -> Device (0) -> (+0 ms) -> Device (0) -> (+0 ms) -> Device (0) -> (+0 ms) -> Device (0) -> (+0 ms) -> Device (0) -> (+0 ms) -> Device (0)
SEQ_PRO_0014,Processed_IoT_dataset,12,31-Mar-19,31-Mar-19,0.0,TND_PRO_000221,TND_PRO_000232,Device (0) -> (+0 ms) -> Device (0) -> (+0 ms) -> Device (0) -> (+0 ms) -> Device (0) -> (+0 ms) -> Device (0) -> (+0 ms) -> Device (0) -> (+0 ms) -> Device (0) -> (+0 ms) -> Device (0) -> (+0 ms) -> Device (0) -> (+0 ms) -> Device (0) -> (+0 ms) -> Device (0) -> (+0 ms) -> Device (0)
SEQ_PRO_0015,Processed_IoT_dataset,12,31-Mar-19,31-Mar-19,0.0,TND_PRO_000233,TND_PRO_000244,Device (0) -> (+0 ms) -> Device (0) -> (+0 ms) -> Device (0) -> (+0 ms) -> Device (0) -> (+0 ms) -> Device (0) -> (+0 ms) -> Device (0) -> (+0 ms) -> Device (0) -> (+0 ms) -> Device (0) -> (+0 ms) -> Device (0) -> (+0 ms) -> Device (0) -> (+0 ms) -> Device (0) -> (+0 ms) -> Device (0)
SEQ_PRO_0016,Processed_IoT_dataset,12,31-Mar-19,1-Apr-19,0.0,TND_PRO_000245,TND_PRO_000256,Device (0) -> (+0 ms) -> Device (0) -> (+0 ms) -> Device (0) -> (+0 ms) -> Device (0) -> (+0 ms) -> Device (0) -> (+0 ms) -> Device (0) -> (+0 ms) -> Device (0) -> (+0 ms) -> Device (0) -> (+0 ms) -> Device (0) -> (+0 ms) -> Device (0) -> (+0 ms) -> Device (0) -> (+0 ms) -> Device (0)
SEQ_PRO_0017,Processed_IoT_dataset,12,1-Apr-19,1-Apr-19,0.0,TND_PRO_000257,TND_PRO_000268,Device (0) -> (+0 ms) -> Device (0) -> (+0 ms) -> Device (0) -> (+0 ms) -> Device (0) -> (+0 ms) -> Device (0) -> (+0 ms) -> Device (0) -> (+0 ms) -> Device (0) -> (+0 ms) -> Device (0) -> (+0 ms) -> Device (0) -> (+0 ms) -> Device (0) -> (+0 ms) -> Device (0) -> (+0 ms) -> Device (0)
SEQ_PRO_0018,Processed_IoT_dataset,12,1-Apr-19,1-Apr-19,0.0,TND_PRO_000269,TND_PRO_000280,Device (0) -> (+0 ms) -> Device (0) -> (+0 ms) -> Device (0) -> (+0 ms) -> Device (0) -> (+0 ms) -> Device (0) -> (+0 ms) -> Device (0) -> (+0 ms) -> Device (0) -> (+0 ms) -> Device (0) -> (+0 ms) -> Device (0) -> (+0 ms) -> Device (0) -> (+0 ms) -> Device (0) -> (+0 ms) -> Device (0)
SEQ_PRO_0019,Processed_IoT_dataset,12,1-Apr-19,1-Apr-19,0.0,TND_PRO_000281,TND_PRO_000292,Device (0) -> (+0 ms) -> Device (0) -> (+0 ms) -> Device (0) -> (+0 ms) -> Device (0) -> (+0 ms) -> Device (0) -> (+0 ms) -> Device (0) -> (+0 ms) -> Device (0) -> (+0 ms) -> Device (0) -> (+0 ms) -> Device (0) -> (+0 ms) -> Device (0) -> (+0 ms) -> Device (0) -> (+0 ms) -> Device (0)
SEQ_PRO_0020,Processed_IoT_dataset,12,1-Apr-19,1-Apr-19,0.0,TND_PRO_000293,TND_PRO_000304,Device (0) -> (+0 ms) -> Device (0) -> (+0 ms) -> Device (0) -> (+0 ms) -> Device (0) -> (+0 ms) -> Device (0) -> (+0 ms) -> Device (0) -> (+0 ms) -> Device (0) -> (+0 ms) -> Device (0) -> (+0 ms) -> Device (0) -> (+0 ms) -> Device (0) -> (+0 ms) -> Device (0) -> (+0 ms) -> Device (0)
SEQ_PRO_0021,Processed_IoT_dataset,12,1-Apr-19,1-Apr-19,0.0,TND_PRO_000305,TND_PRO_000316,Device (0) -> (+0 ms) -> Device (0) -> (+0 ms) -> Device (0) -> (+0 ms) -> Device (0) -> (+0 ms) -> Device (0) -> (+0 ms) -> Device (0) -> (+0 ms) -> Device (0) -> (+0 ms) -> Device (0) -> (+0 ms) -> Device (0) -> (+0 ms) -> Device (0) -> (+0 ms) -> Device (0) -> (+0 ms) -> Device (0)
SEQ_PRO_0022,Processed_IoT_dataset,12,1-Apr-19,1-Apr-19,0.0,TND_PRO_000317,TND_PRO_000328,Device (0) -> (+0 ms) -> Device (0) -> (+0 ms) -> Device (0) -> (+0 ms) -> Device (0) -> (+0 ms) -> Device (0) -> (+0 ms) -> Device (0) -> (+0 ms) -> Device (0) -> (+0 ms) -> Device (0) -> (+0 ms) -> Device (0) -> (+0 ms) -> Device (0) -> (+0 ms) -> Device (0) -> (+0 ms) -> Device (0)
SEQ_PRO_0023,Processed_IoT_dataset,12,1-Apr-19,1-Apr-19,0.0,TND_PRO_000329,TND_PRO_000340,Device (0) -> (+0 ms) -> Device (0) -> (+0 ms) -> Device (0) -> (+0 ms) -> Device (0) -> (+0 ms) -> Device (0) -> (+0 ms) -> Device (0) -> (+0 ms) -> Device (0) -> (+0 ms) -> Device (0) -> (+0 ms) -> Device (0) -> (+0 ms) -> Device (0) -> (+0 ms) -> Device (0) -> (+0 ms) -> Device (0)
SEQ_PRO_0024,Processed_IoT_dataset,12,1-Apr-19,1-Apr-19,0.0,TND_PRO_000341,TND_PRO_000352,Device (0) -> (+0 ms) -> Device (0) -> (+0 ms) -> Device (0) -> (+0 ms) -> Device (0) -> (+0 ms) -> Device (0) -> (+0 ms) -> Device (0) -> (+0 ms) -> Device (0) -> (+0 ms) -> Device (0) -> (+0 ms) -> Device (0) -> (+0 ms) -> Device (0) -> (+0 ms) -> Device (0) -> (+0 ms) -> Device (0)
SEQ_PRO_0025,Processed_IoT_dataset,12,1-Apr-19,1-Apr-19,0.0,TND_PRO_000353,TND_PRO_000364,Device (0) -> (+0 ms) -> Device (0) -> (+0 ms) -> Device (0) -> (+0 ms) -> Device (0) -> (+0 ms) -> Device (0) -> (+0 ms) -> Device (0) -> (+0 ms) -> Device (0) -> (+0 ms) -> Device (0) -> (+0 ms) -> Device (0) -> (+0 ms) -> Device (0) -> (+0 ms) -> Device (0) -> (+0 ms) -> Device (0)
SEQ_PRO_0026,Processed_IoT_dataset,12,1-Apr-19,1-Apr-19,0.0,TND_PRO_000365,TND_PRO_000376,Device (0) -> (+0 ms) -> Device (0) -> (+0 ms) -> Device (0) -> (+0 ms) -> Device (0) -> (+0 ms) -> Device (0) -> (+0 ms) -> Device (0) -> (+0 ms) -> Device (0) -> (+0 ms) -> Device (0) -> (+0 ms) -> Device (0) -> (+0 ms) -> Device (0) -> (+0 ms) -> Device (0) -> (+0 ms) -> Device (0)
SEQ_PRO_0027,Processed_IoT_dataset,12,1-Apr-19,1-Apr-19,0.0,TND_PRO_000377,TND_PRO_000388,Device (0) -> (+0 ms) -> Device (0) -> (+0 ms) -> Device (0) -> (+0 ms) -> Device (0) -> (+0 ms) -> Device (0) -> (+0 ms) -> Device (0) -> (+0 ms) -> Device (0) -> (+0 ms) -> Device (0) -> (+0 ms) -> Device (0) -> (+0 ms) -> Device (0) -> (+0 ms) -> Device (0) -> (+0 ms) -> Device (0)
SEQ_PRO_0028,Processed_IoT_dataset,12,1-Apr-19,1-Apr-19,0.0,TND_PRO_000389,TND_PRO_000400,Device (0) -> (+0 ms) -> Device (0) -> (+0 ms) -> Device (0) -> (+0 ms) -> Device (0) -> (+0 ms) -> Device (0) -> (+0 ms) -> Device (0) -> (+0 ms) -> Device (0) -> (+0 ms) -> Device (0) -> (+0 ms) -> Device (0) -> (+0 ms) -> Device (0) -> (+0 ms) -> Device (0) -> (+0 ms) -> Device (0)
SEQ_PRO_0029,Processed_IoT_dataset,12,1-Apr-19,1-Apr-19,0.0,TND_PRO_000401,TND_PRO_000412,Device (0) -> (+0 ms) -> Device (0) -> (+0 ms) -> Device (0) -> (+0 ms) -> Device (0) -> (+0 ms) -> Device (0) -> (+0 ms) -> Device (0) -> (+0 ms) -> Device (0) -> (+0 ms) -> Device (0) -> (+0 ms) -> Device (0) -> (+0 ms) -> Device (0) -> (+0 ms) -> Device (0) -> (+0 ms) -> Device (0)
SEQ_PRO_0030,Processed_IoT_dataset,12,1-Apr-19,1-Apr-19,0.0,TND_PRO_000413,TND_PRO_000424,Device (0) -> (+0 ms) -> Device (0) -> (+0 ms) -> Device (0) -> (+0 ms) -> Device (0) -> (+0 ms) -> Device (0) -> (+0 ms) -> Device (0) -> (+0 ms) -> Device (0) -> (+0 ms) -> Device (0) -> (+0 ms) -> Device (0) -> (+0 ms) -> Device (0) -> (+0 ms) -> Device (0) -> (+0 ms) -> Device (0)
SEQ_PRO_0031,Processed_IoT_dataset,12,1-Apr-19,1-Apr-19,0.0,TND_PRO_000425,TND_PRO_000436,Device (0) -> (+0 ms) -> Device (0) -> (+0 ms) -> Device (0) -> (+0 ms) -> Device (0) -> (+0 ms) -> Device (0) -> (+0 ms) -> Device (0) -> (+0 ms) -> Device (0) -> (+0 ms) -> Device (0) -> (+0 ms) -> Device (0) -> (+0 ms) -> Device (0) -> (+0 ms) -> Device (0) -> (+0 ms) -> Device (0)
SEQ_PRO_0032,Processed_IoT_dataset,12,1-Apr-19,1-Apr-19,0.0,TND_PRO_000437,TND_PRO_000448,Device (0) -> (+0 ms) -> Device (0) -> (+0 ms) -> Device (0) -> (+0 ms) -> Device (0) -> (+0 ms) -> Device (0) -> (+0 ms) -> Device (0) -> (+0 ms) -> Device (0) -> (+0 ms) -> Device (0) -> (+0 ms) -> Device (0) -> (+0 ms) -> Device (0) -> (+0 ms) -> Device (0) -> (+0 ms) -> Device (0)
SEQ_PRO_0033,Processed_IoT_dataset,12,1-Apr-19,1-Apr-19,0.0,TND_PRO_000449,TND_PRO_000460,Device (0) -> (+0 ms) -> Device (0) -> (+0 ms) -> Device (0) -> (+0 ms) -> Device (0) -> (+0 ms) -> Device (0) -> (+0 ms) -> Device (0) -> (+0 ms) -> Device (0) -> (+0 ms) -> Device (0) -> (+0 ms) -> Device (0) -> (+0 ms) -> Device (0) -> (+0 ms) -> Device (0) -> (+0 ms) -> Device (0)
SEQ_PRO_0034,Processed_IoT_dataset,12,1-Apr-19,1-Apr-19,0.0,TND_PRO_000461,TND_PRO_000472,Device (0) -> (+0 ms) -> Device (0) -> (+0 ms) -> Device (0) -> (+0 ms) -> Device (0) -> (+0 ms) -> Device (0) -> (+0 ms) -> Device (0) -> (+0 ms) -> Device (0) -> (+0 ms) -> Device (0) -> (+0 ms) -> Device (0) -> (+0 ms) -> Device (0) -> (+0 ms) -> Device (0) -> (+0 ms) -> Device (0)
SEQ_PRO_0035,Processed_IoT_dataset,12,1-Apr-19,1-Apr-19,0.0,TND_PRO_000473,TND_PRO_000484,Device (0) -> (+0 ms) -> Device (0) -> (+0 ms) -> Device (0) -> (+0 ms) -> Device (0) -> (+0 ms) -> Device (0) -> (+0 ms) -> Device (0) -> (+0 ms) -> Device (0) -> (+0 ms) -> Device (0) -> (+0 ms) -> Device (0) -> (+0 ms) -> Device (0) -> (+0 ms) -> Device (0) -> (+0 ms) -> Device (0)
SEQ_PRO_0036,Processed_IoT_dataset,12,1-Apr-19,1-Apr-19,0.0,TND_PRO_000485,TND_PRO_000496,Device (0) -> (+0 ms) -> Device (0) -> (+0 ms) -> Device (0) -> (+0 ms) -> Device (0) -> (+0 ms) -> Device (0) -> (+0 ms) -> Device (0) -> (+0 ms) -> Device (0) -> (+0 ms) -> Device (0) -> (+0 ms) -> Device (0) -> (+0 ms) -> Device (0) -> (+0 ms) -> Device (0) -> (+0 ms) -> Device (0)
SEQ_PRO_0037,Processed_IoT_dataset,12,1-Apr-19,31-Mar-19,0.0,TND_PRO_000497,TND_PRO_000508,Device (0) -> (+0 ms) -> Device (0) -> (+0 ms) -> Device (0) -> (+0 ms) -> Device (0) -> (+0 ms) -> Event (0) -> (+0 ms) -> Event (0) -> (+0 ms) -> Event (0) -> (+0 ms) -> Event (0) -> (+0 ms) -> Event (0) -> (+0 ms) -> Event (0) -> (+0 ms) -> Event (0) -> (+0 ms) -> Event (0)
SEQ_PRO_0038,Processed_IoT_dataset,12,31-Mar-19,31-Mar-19,0.0,TND_PRO_000509,TND_PRO_000520,Event (0) -> (+0 ms) -> Event (0) -> (+0 ms) -> Event (0) -> (+0 ms) -> Event (0) -> (+0 ms) -> Event (0) -> (+0 ms) -> Event (0) -> (+0 ms) -> Event (0) -> (+0 ms) -> Event (0) -> (+0 ms) -> Event (0) -> (+0 ms) -> Event (0) -> (+0 ms) -> Event (0) -> (+0 ms) -> Event (0)
SEQ_PRO_0039,Processed_IoT_dataset,12,31-Mar-19,31-Mar-19,0.0,TND_PRO_000521,TND_PRO_000532,Event (0) -> (+0 ms) -> Event (0) -> (+0 ms) -> Event (0) -> (+0 ms) -> Event (0) -> (+0 ms) -> Event (0) -> (+0 ms) -> Event (0) -> (+0 ms) -> Event (0) -> (+0 ms) -> Event (0) -> (+0 ms) -> Event (0) -> (+0 ms) -> Event (0) -> (+0 ms) -> Event (0) -> (+0 ms) -> Event (0)
SEQ_PRO_0040,Processed_IoT_dataset,12,31-Mar-19,31-Mar-19,0.0,TND_PRO_000533,TND_PRO_000544,Event (0) -> (+0 ms) -> Event (0) -> (+0 ms) -> Event (0) -> (+0 ms) -> Event (0) -> (+0 ms) -> Event (0) -> (+0 ms) -> Event (0) -> (+0 ms) -> Event (0) -> (+0 ms) -> Event (0) -> (+0 ms) -> Event (0) -> (+0 ms) -> Event (0) -> (+0 ms) -> Event (0) -> (+0 ms) -> Event (0)
SEQ_PRO_0041,Processed_IoT_dataset,12,31-Mar-19,31-Mar-19,0.0,TND_PRO_000545,TND_PRO_000556,Event (0) -> (+0 ms) -> Event (0) -> (+0 ms) -> Event (0) -> (+0 ms) -> Event (0) -> (+0 ms) -> Event (0) -> (+0 ms) -> Event (0) -> (+0 ms) -> Event (0) -> (+0 ms) -> Event (0) -> (+0 ms) -> Event (0) -> (+0 ms) -> Event (0) -> (+0 ms) -> Event (0) -> (+0 ms) -> Event (0)
SEQ_PRO_0042,Processed_IoT_dataset,12,31-Mar-19,31-Mar-19,0.0,TND_PRO_000557,TND_PRO_000568,Event (0) -> (+0 ms) -> Event (0) -> (+0 ms) -> Event (0) -> (+0 ms) -> Event (0) -> (+0 ms) -> Event (0) -> (+0 ms) -> Event (0) -> (+0 ms) -> Event (0) -> (+0 ms) -> Event (0) -> (+0 ms) -> Event (0) -> (+0 ms) -> Event (0) -> (+0 ms) -> Event (0) -> (+0 ms) -> Event (0)
SEQ_PRO_0043,Processed_IoT_dataset,12,31-Mar-19,31-Mar-19,0.0,TND_PRO_000569,TND_PRO_000580,Event (0) -> (+0 ms) -> Event (0) -> (+0 ms) -> Event (0) -> (+0 ms) -> Event (0) -> (+0 ms) -> Event (0) -> (+0 ms) -> Event (0) -> (+0 ms) -> Event (0) -> (+0 ms) -> Event (0) -> (+0 ms) -> Event (0) -> (+0 ms) -> Event (0) -> (+0 ms) -> Event (0) -> (+0 ms) -> Event (0)
SEQ_PRO_0044,Processed_IoT_dataset,12,31-Mar-19,31-Mar-19,0.0,TND_PRO_000581,TND_PRO_000592,Event (0) -> (+0 ms) -> Event (0) -> (+0 ms) -> Event (0) -> (+0 ms) -> Event (0) -> (+0 ms) -> Event (0) -> (+0 ms) -> Event (0) -> (+0 ms) -> Event (0) -> (+0 ms) -> Event (0) -> (+0 ms) -> Event (0) -> (+0 ms) -> Event (0) -> (+0 ms) -> Event (0) -> (+0 ms) -> Event (0)
SEQ_PRO_0045,Processed_IoT_dataset,12,31-Mar-19,31-Mar-19,0.0,TND_PRO_000593,TND_PRO_000604,Event (0) -> (+0 ms) -> Event (0) -> (+0 ms) -> Event (0) -> (+0 ms) -> Event (0) -> (+0 ms) -> Event (0) -> (+0 ms) -> Event (0) -> (+0 ms) -> Event (0) -> (+0 ms) -> Event (0) -> (+0 ms) -> Event (0) -> (+0 ms) -> Event (0) -> (+0 ms) -> Event (0) -> (+0 ms) -> Event (0)
SEQ_PRO_0046,Processed_IoT_dataset,12,31-Mar-19,31-Mar-19,0.0,TND_PRO_000605,TND_PRO_000616,Event (0) -> (+0 ms) -> Event (0) -> (+0 ms) -> Event (0) -> (+0 ms) -> Event (0) -> (+0 ms) -> Event (0) -> (+0 ms) -> Event (0) -> (+0 ms) -> Event (0) -> (+0 ms) -> Event (0) -> (+0 ms) -> Event (0) -> (+0 ms) -> Event (0) -> (+0 ms) -> Event (0) -> (+0 ms) -> Event (0)
SEQ_PRO_0047,Processed_IoT_dataset,12,31-Mar-19,31-Mar-19,0.0,TND_PRO_000617,TND_PRO_000628,Event (0) -> (+0 ms) -> Event (0) -> (+0 ms) -> Event (0) -> (+0 ms) -> Event (0) -> (+0 ms) -> Event (0) -> (+0 ms) -> Event (0) -> (+0 ms) -> Event (0) -> (+0 ms) -> Event (0) -> (+0 ms) -> Event (0) -> (+0 ms) -> Event (0) -> (+0 ms) -> Event (0) -> (+0 ms) -> Event (0)
SEQ_PRO_0048,Processed_IoT_dataset,12,31-Mar-19,31-Mar-19,0.0,TND_PRO_000629,TND_PRO_000640,Event (0) -> (+0 ms) -> Event (0) -> (+0 ms) -> Event (0) -> (+0 ms) -> Event (0) -> (+0 ms) -> Event (0) -> (+0 ms) -> Event (0) -> (+0 ms) -> Event (0) -> (+0 ms) -> Event (0) -> (+0 ms) -> Event (0) -> (+0 ms) -> Event (0) -> (+0 ms) -> Event (0) -> (+0 ms) -> Event (0)
SEQ_PRO_0049,Processed_IoT_dataset,12,31-Mar-19,31-Mar-19,0.0,TND_PRO_000641,TND_PRO_000652,Event (0) -> (+0 ms) -> Event (0) -> (+0 ms) -> Event (0) -> (+0 ms) -> Event (0) -> (+0 ms) -> Event (0) -> (+0 ms) -> Event (0) -> (+0 ms) -> Event (0) -> (+0 ms) -> Event (0) -> (+0 ms) -> Event (0) -> (+0 ms) -> Event (0) -> (+0 ms) -> Event (0) -> (+0 ms) -> Event (0)
SEQ_PRO_0050,Processed_IoT_dataset,12,31-Mar-19,31-Mar-19,0.0,TND_PRO_000653,TND_PRO_000664,Event (0) -> (+0 ms) -> Event (0) -> (+0 ms) -> Event (0) -> (+0 ms) -> Event (0) -> (+0 ms) -> Event (0) -> (+0 ms) -> Event (0) -> (+0 ms) -> Event (0) -> (+0 ms) -> Event (0) -> (+0 ms) -> Event (0) -> (+0 ms) -> Event (0) -> (+0 ms) -> Event (0) -> (+0 ms) -> Event (0)
SEQ_PRO_0051,Processed_IoT_dataset,12,31-Mar-19,31-Mar-19,0.0,TND_PRO_000665,TND_PRO_000676,Event (0) -> (+0 ms) -> Event (0) -> (+0 ms) -> Event (0) -> (+0 ms) -> Event (0) -> (+0 ms) -> Event (0) -> (+0 ms) -> Event (0) -> (+0 ms) -> Event (0) -> (+0 ms) -> Event (0) -> (+0 ms) -> Event (0) -> (+0 ms) -> Event (0) -> (+0 ms) -> Event (0) -> (+0 ms) -> Event (0)
SEQ_PRO_0052,Processed_IoT_dataset,12,31-Mar-19,31-Mar-19,0.0,TND_PRO_000677,TND_PRO_000688,Event (0) -> (+0 ms) -> Event (0) -> (+0 ms) -> Event (0) -> (+0 ms) -> Event (0) -> (+0 ms) -> Event (0) -> (+0 ms) -> Event (0) -> (+0 ms) -> Event (0) -> (+0 ms) -> Event (0) -> (+0 ms) -> Event (0) -> (+0 ms) -> Event (0) -> (+0 ms) -> Event (0) -> (+0 ms) -> Event (0)
SEQ_PRO_0053,Processed_IoT_dataset,12,31-Mar-19,31-Mar-19,0.0,TND_PRO_000689,TND_PRO_000700,Event (0) -> (+0 ms) -> Event (0) -> (+0 ms) -> Event (0) -> (+0 ms) -> Event (0) -> (+0 ms) -> Event (0) -> (+0 ms) -> Event (0) -> (+0 ms) -> Event (0) -> (+0 ms) -> Event (0) -> (+0 ms) -> Event (0) -> (+0 ms) -> Event (0) -> (+0 ms) -> Event (0) -> (+0 ms) -> Event (0)
SEQ_PRO_0054,Processed_IoT_dataset,12,31-Mar-19,31-Mar-19,0.0,TND_PRO_000701,TND_PRO_000712,Event (0) -> (+0 ms) -> Event (0) -> (+0 ms) -> Event (0) -> (+0 ms) -> Event (0) -> (+0 ms) -> Event (0) -> (+0 ms) -> Event (0) -> (+0 ms) -> Event (0) -> (+0 ms) -> Event (0) -> (+0 ms) -> Event (0) -> (+0 ms) -> Event (0) -> (+0 ms) -> Event (0) -> (+0 ms) -> Event (0)
SEQ_PRO_0055,Processed_IoT_dataset,12,31-Mar-19,31-Mar-19,0.0,TND_PRO_000713,TND_PRO_000724,Event (0) -> (+0 ms) -> Event (0) -> (+0 ms) -> Event (0) -> (+0 ms) -> Event (0) -> (+0 ms) -> Event (0) -> (+0 ms) -> Event (0) -> (+0 ms) -> Event (0) -> (+0 ms) -> Event (0) -> (+0 ms) -> Event (0) -> (+0 ms) -> Event (0) -> (+0 ms) -> Event (0) -> (+0 ms) -> Event (0)
SEQ_PRO_0056,Processed_IoT_dataset,12,31-Mar-19,31-Mar-19,0.0,TND_PRO_000725,TND_PRO_000736,Event (0) -> (+0 ms) -> Event (0) -> (+0 ms) -> Event (0) -> (+0 ms) -> Event (0) -> (+0 ms) -> Event (0) -> (+0 ms) -> Event (0) -> (+0 ms) -> Event (0) -> (+0 ms) -> Event (0) -> (+0 ms) -> Event (0) -> (+0 ms) -> Event (0) -> (+0 ms) -> Event (0) -> (+0 ms) -> Event (0)
SEQ_PRO_0057,Processed_IoT_dataset,12,31-Mar-19,31-Mar-19,0.0,TND_PRO_000737,TND_PRO_000748,Event (0) -> (+0 ms) -> Event (0) -> (+0 ms) -> Event (0) -> (+0 ms) -> Event (0) -> (+0 ms) -> Event (0) -> (+0 ms) -> Event (0) -> (+0 ms) -> Event (0) -> (+0 ms) -> Event (0) -> (+0 ms) -> Event (0) -> (+0 ms) -> Event (0) -> (+0 ms) -> Event (0) -> (+0 ms) -> Event (0)
SEQ_PRO_0058,Processed_IoT_dataset,12,31-Mar-19,31-Mar-19,0.0,TND_PRO_000749,TND_PRO_000760,Event (0) -> (+0 ms) -> Event (0) -> (+0 ms) -> Event (0) -> (+0 ms) -> Event (0) -> (+0 ms) -> Event (0) -> (+0 ms) -> Event (0) -> (+0 ms) -> Event (0) -> (+0 ms) -> Event (0) -> (+0 ms) -> Event (0) -> (+0 ms) -> Event (0) -> (+0 ms) -> Event (0) -> (+0 ms) -> Event (0)
SEQ_PRO_0059,Processed_IoT_dataset,12,31-Mar-19,31-Mar-19,0.0,TND_PRO_000761,TND_PRO_000772,Event (0) -> (+0 ms) -> Event (0) -> (+0 ms) -> Event (0) -> (+0 ms) -> Event (0) -> (+0 ms) -> Event (0) -> (+0 ms) -> Event (0) -> (+0 ms) -> Event (0) -> (+0 ms) -> Event (0) -> (+0 ms) -> Event (0) -> (+0 ms) -> Event (0) -> (+0 ms) -> Event (0) -> (+0 ms) -> Event (0)
SEQ_PRO_0060,Processed_IoT_dataset,12,31-Mar-19,31-Mar-19,0.0,TND_PRO_000773,TND_PRO_000784,Event (0) -> (+0 ms) -> Event (0) -> (+0 ms) -> Event (0) -> (+0 ms) -> Event (0) -> (+0 ms) -> Event (0) -> (+0 ms) -> Event (0) -> (+0 ms) -> Event (0) -> (+0 ms) -> Event (0) -> (+0 ms) -> Event (0) -> (+0 ms) -> Event (0) -> (+0 ms) -> Event (0) -> (+0 ms) -> Event (0)
SEQ_PRO_0061,Processed_IoT_dataset,12,31-Mar-19,31-Mar-19,0.0,TND_PRO_000785,TND_PRO_000796,Event (0) -> (+0 ms) -> Event (0) -> (+0 ms) -> Event (0) -> (+0 ms) -> Event (0) -> (+0 ms) -> Event (0) -> (+0 ms) -> Event (0) -> (+0 ms) -> Event (0) -> (+0 ms) -> Event (0) -> (+0 ms) -> Event (0) -> (+0 ms) -> Event (0) -> (+0 ms) -> Event (0) -> (+0 ms) -> Event (0)
SEQ_PRO_0062,Processed_IoT_dataset,12,31-Mar-19,31-Mar-19,0.0,TND_PRO_000797,TND_PRO_000808,Event (0) -> (+0 ms) -> Event (0) -> (+0 ms) -> Event (0) -> (+0 ms) -> Event (0) -> (+0 ms) -> Event (0) -> (+0 ms) -> Event (0) -> (+0 ms) -> Event (0) -> (+0 ms) -> Event (0) -> (+0 ms) -> Event (0) -> (+0 ms) -> Event (0) -> (+0 ms) -> Event (0) -> (+0 ms) -> Event (0)
SEQ_PRO_0063,Processed_IoT_dataset,12,31-Mar-19,31-Mar-19,0.0,TND_PRO_000809,TND_PRO_000820,Event (0) -> (+0 ms) -> Event (0) -> (+0 ms) -> Event (0) -> (+0 ms) -> Event (0) -> (+0 ms) -> Event (0) -> (+0 ms) -> Event (0) -> (+0 ms) -> Event (0) -> (+0 ms) -> Event (0) -> (+0 ms) -> Event (0) -> (+0 ms) -> Event (0) -> (+0 ms) -> Event (0) -> (+0 ms) -> Event (0)
SEQ_PRO_0064,Processed_IoT_dataset,12,31-Mar-19,31-Mar-19,0.0,TND_PRO_000821,TND_PRO_000832,Event (0) -> (+0 ms) -> Event (0) -> (+0 ms) -> Event (0) -> (+0 ms) -> Event (0) -> (+0 ms) -> Event (0) -> (+0 ms) -> Event (0) -> (+0 ms) -> Event (0) -> (+0 ms) -> Event (0) -> (+0 ms) -> Event (0) -> (+0 ms) -> Event (0) -> (+0 ms) -> Event (0) -> (+0 ms) -> Event (0)
SEQ_PRO_0065,Processed_IoT_dataset,12,31-Mar-19,31-Mar-19,0.0,TND_PRO_000833,TND_PRO_000844,Event (0) -> (+0 ms) -> Event (0) -> (+0 ms) -> Event (0) -> (+0 ms) -> Event (0) -> (+0 ms) -> Event (0) -> (+0 ms) -> Event (0) -> (+0 ms) -> Event (0) -> (+0 ms) -> Event (0) -> (+0 ms) -> Event (0) -> (+0 ms) -> Event (0) -> (+0 ms) -> Event (0) -> (+0 ms) -> Event (0)
SEQ_PRO_0066,Processed_IoT_dataset,12,31-Mar-19,31-Mar-19,0.0,TND_PRO_000845,TND_PRO_000856,Event (0) -> (+0 ms) -> Event (0) -> (+0 ms) -> Event (0) -> (+0 ms) -> Event (0) -> (+0 ms) -> Event (0) -> (+0 ms) -> Event (0) -> (+0 ms) -> Event (0) -> (+0 ms) -> Event (0) -> (+0 ms) -> Event (0) -> (+0 ms) -> Event (0) -> (+0 ms) -> Event (0) -> (+0 ms) -> Event (0)
SEQ_PRO_0067,Processed_IoT_dataset,12,31-Mar-19,31-Mar-19,0.0,TND_PRO_000857,TND_PRO_000868,Event (0) -> (+0 ms) -> Event (0) -> (+0 ms) -> Event (0) -> (+0 ms) -> Event (0) -> (+0 ms) -> Event (0) -> (+0 ms) -> Event (0) -> (+0 ms) -> Event (0) -> (+0 ms) -> Event (0) -> (+0 ms) -> Event (0) -> (+0 ms) -> Event (0) -> (+0 ms) -> Event (0) -> (+0 ms) -> Event (0)
SEQ_PRO_0068,Processed_IoT_dataset,12,31-Mar-19,31-Mar-19,0.0,TND_PRO_000869,TND_PRO_000880,Event (0) -> (+0 ms) -> Event (0) -> (+0 ms) -> Event (0) -> (+0 ms) -> Event (0) -> (+0 ms) -> Event (0) -> (+0 ms) -> Event (0) -> (+0 ms) -> Event (0) -> (+0 ms) -> Event (0) -> (+0 ms) -> Event (0) -> (+0 ms) -> Event (0) -> (+0 ms) -> Event (0) -> (+0 ms) -> Event (0)
SEQ_PRO_0069,Processed_IoT_dataset,12,31-Mar-19,31-Mar-19,0.0,TND_PRO_000881,TND_PRO_000892,Event (0) -> (+0 ms) -> Event (0) -> (+0 ms) -> Event (0) -> (+0 ms) -> Event (0) -> (+0 ms) -> Event (0) -> (+0 ms) -> Event (0) -> (+0 ms) -> Event (0) -> (+0 ms) -> Event (0) -> (+0 ms) -> Event (0) -> (+0 ms) -> Event (0) -> (+0 ms) -> Event (0) -> (+0 ms) -> Event (0)
SEQ_PRO_0070,Processed_IoT_dataset,12,31-Mar-19,31-Mar-19,0.0,TND_PRO_000893,TND_PRO_000904,Event (0) -> (+0 ms) -> Event (0) -> (+0 ms) -> Event (0) -> (+0 ms) -> Event (0) -> (+0 ms) -> Event (0) -> (+0 ms) -> Event (0) -> (+0 ms) -> Event (0) -> (+0 ms) -> Event (0) -> (+0 ms) -> Event (0) -> (+0 ms) -> Event (0) -> (+0 ms) -> Event (0) -> (+0 ms) -> Event (0)
SEQ_PRO_0071,Processed_IoT_dataset,12,31-Mar-19,31-Mar-19,0.0,TND_PRO_000905,TND_PRO_000916,Event (0) -> (+0 ms) -> Event (0) -> (+0 ms) -> Event (0) -> (+0 ms) -> Event (0) -> (+0 ms) -> Event (0) -> (+0 ms) -> Event (0) -> (+0 ms) -> Event (0) -> (+0 ms) -> Event (0) -> (+0 ms) -> Event (0) -> (+0 ms) -> Event (0) -> (+0 ms) -> Event (0) -> (+0 ms) -> Event (0)
SEQ_PRO_0072,Processed_IoT_dataset,12,31-Mar-19,31-Mar-19,0.0,TND_PRO_000917,TND_PRO_000928,Event (0) -> (+0 ms) -> Event (0) -> (+0 ms) -> Event (0) -> (+0 ms) -> Event (0) -> (+0 ms) -> Event (0) -> (+0 ms) -> Event (0) -> (+0 ms) -> Event (0) -> (+0 ms) -> Event (0) -> (+0 ms) -> Event (0) -> (+0 ms) -> Event (0) -> (+0 ms) -> Event (0) -> (+0 ms) -> Event (0)
SEQ_PRO_0073,Processed_IoT_dataset,12,31-Mar-19,31-Mar-19,0.0,TND_PRO_000929,TND_PRO_000940,Event (0) -> (+0 ms) -> Event (0) -> (+0 ms) -> Event (0) -> (+0 ms) -> Event (0) -> (+0 ms) -> Event (0) -> (+0 ms) -> Event (0) -> (+0 ms) -> Event (0) -> (+0 ms) -> Event (0) -> (+0 ms) -> Event (0) -> (+0 ms) -> Event (0) -> (+0 ms) -> Event (0) -> (+0 ms) -> Event (0)
SEQ_PRO_0074,Processed_IoT_dataset,12,31-Mar-19,31-Mar-19,0.0,TND_PRO_000941,TND_PRO_000952,Event (0) -> (+0 ms) -> Event (0) -> (+0 ms) -> Event (0) -> (+0 ms) -> Event (0) -> (+0 ms) -> Event (0) -> (+0 ms) -> Event (0) -> (+0 ms) -> Event (0) -> (+0 ms) -> Event (0) -> (+0 ms) -> Event (0) -> (+0 ms) -> Event (0) -> (+0 ms) -> Event (0) -> (+0 ms) -> Event (0)
SEQ_PRO_0075,Processed_IoT_dataset,12,31-Mar-19,31-Mar-19,0.0,TND_PRO_000953,TND_PRO_000964,Event (0) -> (+0 ms) -> Event (0) -> (+0 ms) -> Event (0) -> (+0 ms) -> Event (0) -> (+0 ms) -> Event (0) -> (+0 ms) -> Event (0) -> (+0 ms) -> Event (0) -> (+0 ms) -> Event (0) -> (+0 ms) -> Event (0) -> (+0 ms) -> Event (0) -> (+0 ms) -> Event (0) -> (+0 ms) -> Event (0)
SEQ_PRO_0076,Processed_IoT_dataset,12,31-Mar-19,31-Mar-19,0.0,TND_PRO_000965,TND_PRO_000976,Event (0) -> (+0 ms) -> Event (0) -> (+0 ms) -> Event (0) -> (+0 ms) -> Event (0) -> (+0 ms) -> Event (0) -> (+0 ms) -> Event (0) -> (+0 ms) -> Event (0) -> (+0 ms) -> Event (0) -> (+0 ms) -> Event (0) -> (+0 ms) -> Event (0) -> (+0 ms) -> Event (0) -> (+0 ms) -> Event (0)
SEQ_PRO_0077,Processed_IoT_dataset,12,31-Mar-19,31-Mar-19,0.0,TND_PRO_000977,TND_PRO_000988,Event (0) -> (+0 ms) -> Event (0) -> (+0 ms) -> Event (0) -> (+0 ms) -> Event (0) -> (+0 ms) -> Event (0) -> (+0 ms) -> Event (0) -> (+0 ms) -> Event (0) -> (+0 ms) -> Event (0) -> (+0 ms) -> Event (0) -> (+0 ms) -> Event (0) -> (+0 ms) -> Event (0) -> (+0 ms) -> Event (0)
SEQ_PRO_0078,Processed_IoT_dataset,12,31-Mar-19,31-Mar-19,0.0,TND_PRO_000989,TND_PRO_001000,Event (0) -> (+0 ms) -> Event (0) -> (+0 ms) -> Event (0) -> (+0 ms) -> Event (0) -> (+0 ms) -> Event (0) -> (+0 ms) -> Event (0) -> (+0 ms) -> Event (0) -> (+0 ms) -> Event (0) -> (+0 ms) -> Event (0) -> (+0 ms) -> Event (0) -> (+0 ms) -> Event (0) -> (+0 ms) -> Event (0)
SEQ_PRO_0079,Processed_IoT_dataset,12,31-Mar-19,31-Mar-19,0.0,TND_PRO_001001,TND_PRO_001012,Device (0) -> (+0 ms) -> Device (0) -> (+0 ms) -> Device (0) -> (+0 ms) -> Device (0) -> (+0 ms) -> Device (0) -> (+0 ms) -> Device (0) -> (+0 ms) -> Device (0) -> (+0 ms) -> Device (0) -> (+0 ms) -> Device (0) -> (+0 ms) -> Device (0) -> (+0 ms) -> Device (0) -> (+0 ms) -> Device (0)
SEQ_PRO_0080,Processed_IoT_dataset,12,31-Mar-19,31-Mar-19,0.0,TND_PRO_001013,TND_PRO_001024,Device (0) -> (+0 ms) -> Device (0) -> (+0 ms) -> Device (0) -> (+0 ms) -> Device (0) -> (+0 ms) -> Device (0) -> (+0 ms) -> Device (0) -> (+0 ms) -> Device (0) -> (+0 ms) -> Device (0) -> (+0 ms) -> Device (0) -> (+0 ms) -> Device (0) -> (+0 ms) -> Device (0) -> (+0 ms) -> Device (0)
SEQ_PRO_0081,Processed_IoT_dataset,12,31-Mar-19,31-Mar-19,0.0,TND_PRO_001025,TND_PRO_001036,Device (0) -> (+0 ms) -> Device (0) -> (+0 ms) -> Device (0) -> (+0 ms) -> Device (0) -> (+0 ms) -> Device (0) -> (+0 ms) -> Device (0) -> (+0 ms) -> Device (0) -> (+0 ms) -> Device (0) -> (+0 ms) -> Device (0) -> (+0 ms) -> Device (0) -> (+0 ms) -> Device (0) -> (+0 ms) -> Device (0)
SEQ_PRO_0082,Processed_IoT_dataset,12,31-Mar-19,31-Mar-19,0.0,TND_PRO_001037,TND_PRO_001048,Device (0) -> (+0 ms) -> Device (0) -> (+0 ms) -> Device (0) -> (+0 ms) -> Device (0) -> (+0 ms) -> Device (0) -> (+0 ms) -> Device (0) -> (+0 ms) -> Device (0) -> (+0 ms) -> Device (0) -> (+0 ms) -> Device (0) -> (+0 ms) -> Device (0) -> (+0 ms) -> Device (0) -> (+0 ms) -> Device (0)
SEQ_PRO_0083,Processed_IoT_dataset,12,31-Mar-19,31-Mar-19,0.0,TND_PRO_001049,TND_PRO_001060,Device (0) -> (+0 ms) -> Device (0) -> (+0 ms) -> Device (0) -> (+0 ms) -> Device (0) -> (+0 ms) -> Device (0) -> (+0 ms) -> Device (0) -> (+0 ms) -> Device (0) -> (+0 ms) -> Device (0) -> (+0 ms) -> Device (0) -> (+0 ms) -> Device (0) -> (+0 ms) -> Device (0) -> (+0 ms) -> Device (0)
SEQ_PRO_0084,Processed_IoT_dataset,12,31-Mar-19,31-Mar-19,0.0,TND_PRO_001061,TND_PRO_001072,Device (0) -> (+0 ms) -> Device (0) -> (+0 ms) -> Device (0) -> (+0 ms) -> Device (0) -> (+0 ms) -> Device (0) -> (+0 ms) -> Device (0) -> (+0 ms) -> Device (0) -> (+0 ms) -> Device (0) -> (+0 ms) -> Device (0) -> (+0 ms) -> Device (0) -> (+0 ms) -> Device (0) -> (+0 ms) -> Device (0)
SEQ_PRO_0085,Processed_IoT_dataset,12,31-Mar-19,31-Mar-19,0.0,TND_PRO_001073,TND_PRO_001084,Device (0) -> (+0 ms) -> Device (0) -> (+0 ms) -> Device (0) -> (+0 ms) -> Device (0) -> (+0 ms) -> Device (0) -> (+0 ms) -> Device (0) -> (+0 ms) -> Device (0) -> (+0 ms) -> Device (0) -> (+0 ms) -> Device (0) -> (+0 ms) -> Device (0) -> (+0 ms) -> Device (0) -> (+0 ms) -> Device (0)
SEQ_PRO_0086,Processed_IoT_dataset,12,31-Mar-19,31-Mar-19,0.0,TND_PRO_001085,TND_PRO_001096,Device (0) -> (+0 ms) -> Device (0) -> (+0 ms) -> Device (0) -> (+0 ms) -> Device (0) -> (+0 ms) -> Device (0) -> (+0 ms) -> Device (0) -> (+0 ms) -> Device (0) -> (+0 ms) -> Device (0) -> (+0 ms) -> Device (0) -> (+0 ms) -> Device (0) -> (+0 ms) -> Device (0) -> (+0 ms) -> Device (0)
SEQ_PRO_0087,Processed_IoT_dataset,12,31-Mar-19,31-Mar-19,0.0,TND_PRO_001097,TND_PRO_001108,Device (0) -> (+0 ms) -> Device (0) -> (+0 ms) -> Device (0) -> (+0 ms) -> Device (0) -> (+0 ms) -> Device (0) -> (+0 ms) -> Device (0) -> (+0 ms) -> Device (0) -> (+0 ms) -> Device (0) -> (+0 ms) -> Device (0) -> (+0 ms) -> Device (0) -> (+0 ms) -> Device (0) -> (+0 ms) -> Device (0)
SEQ_PRO_0088,Processed_IoT_dataset,12,31-Mar-19,31-Mar-19,0.0,TND_PRO_001109,TND_PRO_001120,Device (0) -> (+0 ms) -> Device (0) -> (+0 ms) -> Device (0) -> (+0 ms) -> Device (0) -> (+0 ms) -> Device (0) -> (+0 ms) -> Device (0) -> (+0 ms) -> Device (0) -> (+0 ms) -> Device (0) -> (+0 ms) -> Device (0) -> (+0 ms) -> Device (0) -> (+0 ms) -> Device (0) -> (+0 ms) -> Device (0)
SEQ_PRO_0089,Processed_IoT_dataset,12,31-Mar-19,31-Mar-19,0.0,TND_PRO_001121,TND_PRO_001132,Device (0) -> (+0 ms) -> Device (0) -> (+0 ms) -> Device (0) -> (+0 ms) -> Device (0) -> (+0 ms) -> Device (0) -> (+0 ms) -> Device (0) -> (+0 ms) -> Device (0) -> (+0 ms) -> Device (0) -> (+0 ms) -> Device (0) -> (+0 ms) -> Device (0) -> (+0 ms) -> Device (0) -> (+0 ms) -> Device (0)
SEQ_PRO_0090,Processed_IoT_dataset,12,31-Mar-19,31-Mar-19,0.0,TND_PRO_001133,TND_PRO_001144,Device (0) -> (+0 ms) -> Device (0) -> (+0 ms) -> Device (0) -> (+0 ms) -> Device (0) -> (+0 ms) -> Device (0) -> (+0 ms) -> Device (0) -> (+0 ms) -> Device (0) -> (+0 ms) -> Device (0) -> (+0 ms) -> Device (0) -> (+0 ms) -> Device (0) -> (+0 ms) -> Device (0) -> (+0 ms) -> Device (0)
SEQ_PRO_0091,Processed_IoT_dataset,12,31-Mar-19,31-Mar-19,0.0,TND_PRO_001145,TND_PRO_001156,Device (0) -> (+0 ms) -> Device (0) -> (+0 ms) -> Device (0) -> (+0 ms) -> Device (0) -> (+0 ms) -> Device (0) -> (+0 ms) -> Device (0) -> (+0 ms) -> Device (0) -> (+0 ms) -> Device (0) -> (+0 ms) -> Device (0) -> (+0 ms) -> Device (0) -> (+0 ms) -> Device (0) -> (+0 ms) -> Device (0)
SEQ_PRO_0092,Processed_IoT_dataset,12,31-Mar-19,31-Mar-19,0.0,TND_PRO_001157,TND_PRO_001168,Device (0) -> (+0 ms) -> Device (0) -> (+0 ms) -> Device (0) -> (+0 ms) -> Device (0) -> (+0 ms) -> Device (0) -> (+0 ms) -> Device (0) -> (+0 ms) -> Device (0) -> (+0 ms) -> Device (0) -> (+0 ms) -> Device (0) -> (+0 ms) -> Device (0) -> (+0 ms) -> Device (0) -> (+0 ms) -> Device (0)
SEQ_PRO_0093,Processed_IoT_dataset,12,31-Mar-19,31-Mar-19,0.0,TND_PRO_001169,TND_PRO_001180,Device (0) -> (+0 ms) -> Device (0) -> (+0 ms) -> Device (0) -> (+0 ms) -> Device (0) -> (+0 ms) -> Device (0) -> (+0 ms) -> Device (0) -> (+0 ms) -> Device (0) -> (+0 ms) -> Device (0) -> (+0 ms) -> Device (0) -> (+0 ms) -> Device (0) -> (+0 ms) -> Device (0) -> (+0 ms) -> Device (0)
SEQ_PRO_0094,Processed_IoT_dataset,12,31-Mar-19,31-Mar-19,0.0,TND_PRO_001181,TND_PRO_001192,Device (0) -> (+0 ms) -> Device (0) -> (+0 ms) -> Device (0) -> (+0 ms) -> Device (0) -> (+0 ms) -> Device (0) -> (+0 ms) -> Device (0) -> (+0 ms) -> Device (0) -> (+0 ms) -> Device (0) -> (+0 ms) -> Device (0) -> (+0 ms) -> Device (0) -> (+0 ms) -> Device (0) -> (+0 ms) -> Device (0)
SEQ_PRO_0095,Processed_IoT_dataset,12,31-Mar-19,31-Mar-19,0.0,TND_PRO_001193,TND_PRO_001204,Device (0) -> (+0 ms) -> Device (0) -> (+0 ms) -> Device (0) -> (+0 ms) -> Device (0) -> (+0 ms) -> Device (0) -> (+0 ms) -> Device (0) -> (+0 ms) -> Device (0) -> (+0 ms) -> Device (0) -> (+0 ms) -> Device (0) -> (+0 ms) -> Device (0) -> (+0 ms) -> Device (0) -> (+0 ms) -> Device (0)
SEQ_PRO_0096,Processed_IoT_dataset,12,31-Mar-19,31-Mar-19,0.0,TND_PRO_001205,TND_PRO_001216,Device (0) -> (+0 ms) -> Device (0) -> (+0 ms) -> Device (0) -> (+0 ms) -> Device (0) -> (+0 ms) -> Device (0) -> (+0 ms) -> Device (0) -> (+0 ms) -> Device (0) -> (+0 ms) -> Device (0) -> (+0 ms) -> Device (0) -> (+0 ms) -> Device (0) -> (+0 ms) -> Device (0) -> (+0 ms) -> Device (0)
SEQ_PRO_0097,Processed_IoT_dataset,12,31-Mar-19,31-Mar-19,0.0,TND_PRO_001217,TND_PRO_001228,Device (0) -> (+0 ms) -> Device (0) -> (+0 ms) -> Device (0) -> (+0 ms) -> Device (0) -> (+0 ms) -> Device (0) -> (+0 ms) -> Device (0) -> (+0 ms) -> Device (0) -> (+0 ms) -> Device (0) -> (+0 ms) -> Device (0) -> (+0 ms) -> Device (0) -> (+0 ms) -> Device (0) -> (+0 ms) -> Device (0)
SEQ_PRO_0098,Processed_IoT_dataset,12,31-Mar-19,31-Mar-19,0.0,TND_PRO_001229,TND_PRO_001240,Device (0) -> (+0 ms) -> Device (0) -> (+0 ms) -> Device (0) -> (+0 ms) -> Device (0) -> (+0 ms) -> Device (0) -> (+0 ms) -> Device (0) -> (+0 ms) -> Device (0) -> (+0 ms) -> Device (0) -> (+0 ms) -> Device (0) -> (+0 ms) -> Device (0) -> (+0 ms) -> Device (0) -> (+0 ms) -> Device (0)
SEQ_PRO_0099,Processed_IoT_dataset,12,31-Mar-19,31-Mar-19,0.0,TND_PRO_001241,TND_PRO_001252,Device (0) -> (+0 ms) -> Device (0) -> (+0 ms) -> Device (0) -> (+0 ms) -> Device (0) -> (+0 ms) -> Device (0) -> (+0 ms) -> Device (0) -> (+0 ms) -> Device (0) -> (+0 ms) -> Device (0) -> (+0 ms) -> Device (0) -> (+0 ms) -> Device (0) -> (+0 ms) -> Device (0) -> (+0 ms) -> Device (0)
SEQ_PRO_0100,Processed_IoT_dataset,12,31-Mar-19,31-Mar-19,0.0,TND_PRO_001253,TND_PRO_001264,Device (0) -> (+0 ms) -> Device (0) -> (+0 ms) -> Device (0) -> (+0 ms) -> Device (0) -> (+0 ms) -> Device (0) -> (+0 ms) -> Device (0) -> (+0 ms) -> Device (0) -> (+0 ms) -> Device (0) -> (+0 ms) -> Device (0) -> (+0 ms) -> Device (0) -> (+0 ms) -> Device (0) -> (+0 ms) -> Device (0)
SEQ_PRO_0101,Processed_IoT_dataset,12,31-Mar-19,31-Mar-19,0.0,TND_PRO_001265,TND_PRO_001276,Device (0) -> (+0 ms) -> Device (0) -> (+0 ms) -> Device (0) -> (+0 ms) -> Device (0) -> (+0 ms) -> Device (0) -> (+0 ms) -> Device (0) -> (+0 ms) -> Device (0) -> (+0 ms) -> Device (0) -> (+0 ms) -> Device (0) -> (+0 ms) -> Device (0) -> (+0 ms) -> Device (0) -> (+0 ms) -> Device (0)
SEQ_PRO_0102,Processed_IoT_dataset,12,31-Mar-19,31-Mar-19,0.0,TND_PRO_001277,TND_PRO_001288,Device (0) -> (+0 ms) -> Device (0) -> (+0 ms) -> Device (0) -> (+0 ms) -> Device (0) -> (+0 ms) -> Device (0) -> (+0 ms) -> Device (0) -> (+0 ms) -> Device (0) -> (+0 ms) -> Device (0) -> (+0 ms) -> Device (0) -> (+0 ms) -> Device (0) -> (+0 ms) -> Device (0) -> (+0 ms) -> Device (0)
SEQ_PRO_0103,Processed_IoT_dataset,12,31-Mar-19,31-Mar-19,0.0,TND_PRO_001289,TND_PRO_001300,Device (0) -> (+0 ms) -> Device (0) -> (+0 ms) -> Device (0) -> (+0 ms) -> Device (0) -> (+0 ms) -> Device (0) -> (+0 ms) -> Device (0) -> (+0 ms) -> Device (0) -> (+0 ms) -> Device (0) -> (+0 ms) -> Device (0) -> (+0 ms) -> Device (0) -> (+0 ms) -> Device (0) -> (+0 ms) -> Device (0)
SEQ_PRO_0104,Processed_IoT_dataset,12,31-Mar-19,31-Mar-19,0.0,TND_PRO_001301,TND_PRO_001312,Device (0) -> (+0 ms) -> Device (0) -> (+0 ms) -> Device (0) -> (+0 ms) -> Device (0) -> (+0 ms) -> Device (0) -> (+0 ms) -> Device (0) -> (+0 ms) -> Device (0) -> (+0 ms) -> Device (0) -> (+0 ms) -> Device (0) -> (+0 ms) -> Device (0) -> (+0 ms) -> Device (0) -> (+0 ms) -> Device (0)
SEQ_PRO_0105,Processed_IoT_dataset,12,31-Mar-19,31-Mar-19,0.0,TND_PRO_001313,TND_PRO_001324,Device (0) -> (+0 ms) -> Device (0) -> (+0 ms) -> Device (0) -> (+0 ms) -> Device (0) -> (+0 ms) -> Device (0) -> (+0 ms) -> Device (0) -> (+0 ms) -> Device (0) -> (+0 ms) -> Device (0) -> (+0 ms) -> Device (0) -> (+0 ms) -> Device (0) -> (+0 ms) -> Device (0) -> (+0 ms) -> Device (0)
SEQ_PRO_0106,Processed_IoT_dataset,12,31-Mar-19,31-Mar-19,0.0,TND_PRO_001325,TND_PRO_001336,Device (0) -> (+0 ms) -> Device (0) -> (+0 ms) -> Device (0) -> (+0 ms) -> Device (0) -> (+0 ms) -> Device (0) -> (+0 ms) -> Device (0) -> (+0 ms) -> Device (0) -> (+0 ms) -> Device (0) -> (+0 ms) -> Device (0) -> (+0 ms) -> Device (0) -> (+0 ms) -> Device (0) -> (+0 ms) -> Device (0)
SEQ_PRO_0107,Processed_IoT_dataset,12,31-Mar-19,31-Mar-19,0.0,TND_PRO_001337,TND_PRO_001348,Device (0) -> (+0 ms) -> Device (0) -> (+0 ms) -> Device (0) -> (+0 ms) -> Device (0) -> (+0 ms) -> Device (0) -> (+0 ms) -> Device (0) -> (+0 ms) -> Device (0) -> (+0 ms) -> Device (0) -> (+0 ms) -> Device (0) -> (+0 ms) -> Device (0) -> (+0 ms) -> Device (0) -> (+0 ms) -> Device (0)
SEQ_PRO_0108,Processed_IoT_dataset,12,31-Mar-19,31-Mar-19,0.0,TND_PRO_001349,TND_PRO_001360,Device (0) -> (+0 ms) -> Device (0) -> (+0 ms) -> Device (0) -> (+0 ms) -> Device (0) -> (+0 ms) -> Device (0) -> (+0 ms) -> Device (0) -> (+0 ms) -> Device (0) -> (+0 ms) -> Device (0) -> (+0 ms) -> Device (0) -> (+0 ms) -> Device (0) -> (+0 ms) -> Device (0) -> (+0 ms) -> Device (0)
SEQ_PRO_0109,Processed_IoT_dataset,12,31-Mar-19,31-Mar-19,0.0,TND_PRO_001361,TND_PRO_001372,Device (0) -> (+0 ms) -> Device (0) -> (+0 ms) -> Device (0) -> (+0 ms) -> Device (0) -> (+0 ms) -> Device (0) -> (+0 ms) -> Device (0) -> (+0 ms) -> Device (0) -> (+0 ms) -> Device (0) -> (+0 ms) -> Device (0) -> (+0 ms) -> Device (0) -> (+0 ms) -> Device (0) -> (+0 ms) -> Device (0)
SEQ_PRO_0110,Processed_IoT_dataset,12,31-Mar-19,31-Mar-19,0.0,TND_PRO_001373,TND_PRO_001384,Device (0) -> (+0 ms) -> Device (0) -> (+0 ms) -> Device (0) -> (+0 ms) -> Device (0) -> (+0 ms) -> Device (0) -> (+0 ms) -> Device (0) -> (+0 ms) -> Device (0) -> (+0 ms) -> Device (0) -> (+0 ms) -> Device (0) -> (+0 ms) -> Device (0) -> (+0 ms) -> Device (0) -> (+0 ms) -> Device (0)
SEQ_PRO_0111,Processed_IoT_dataset,12,31-Mar-19,31-Mar-19,0.0,TND_PRO_001385,TND_PRO_001396,Device (0) -> (+0 ms) -> Device (0) -> (+0 ms) -> Device (0) -> (+0 ms) -> Device (0) -> (+0 ms) -> Device (0) -> (+0 ms) -> Device (0) -> (+0 ms) -> Device (0) -> (+0 ms) -> Device (0) -> (+0 ms) -> Device (0) -> (+0 ms) -> Device (0) -> (+0 ms) -> Device (0) -> (+0 ms) -> Device (0)
SEQ_PRO_0112,Processed_IoT_dataset,12,31-Mar-19,31-Mar-19,0.0,TND_PRO_001397,TND_PRO_001408,Device (0) -> (+0 ms) -> Device (0) -> (+0 ms) -> Device (0) -> (+0 ms) -> Device (0) -> (+0 ms) -> Device (0) -> (+0 ms) -> Device (0) -> (+0 ms) -> Device (0) -> (+0 ms) -> Device (0) -> (+0 ms) -> Device (0) -> (+0 ms) -> Device (0) -> (+0 ms) -> Device (0) -> (+0 ms) -> Device (0)
SEQ_PRO_0113,Processed_IoT_dataset,12,31-Mar-19,31-Mar-19,0.0,TND_PRO_001409,TND_PRO_001420,Device (0) -> (+0 ms) -> Device (0) -> (+0 ms) -> Device (0) -> (+0 ms) -> Device (0) -> (+0 ms) -> Device (0) -> (+0 ms) -> Device (0) -> (+0 ms) -> Device (0) -> (+0 ms) -> Device (0) -> (+0 ms) -> Device (0) -> (+0 ms) -> Device (0) -> (+0 ms) -> Device (0) -> (+0 ms) -> Device (0)
SEQ_PRO_0114,Processed_IoT_dataset,12,31-Mar-19,31-Mar-19,0.0,TND_PRO_001421,TND_PRO_001432,Device (0) -> (+0 ms) -> Device (0) -> (+0 ms) -> Device (0) -> (+0 ms) -> Device (0) -> (+0 ms) -> Device (0) -> (+0 ms) -> Device (0) -> (+0 ms) -> Device (0) -> (+0 ms) -> Device (0) -> (+0 ms) -> Device (0) -> (+0 ms) -> Device (0) -> (+0 ms) -> Device (0) -> (+0 ms) -> Device (0)
SEQ_PRO_0115,Processed_IoT_dataset,12,31-Mar-19,31-Mar-19,0.0,TND_PRO_001433,TND_PRO_001444,Device (0) -> (+0 ms) -> Device (0) -> (+0 ms) -> Device (0) -> (+0 ms) -> Device (0) -> (+0 ms) -> Device (0) -> (+0 ms) -> Device (0) -> (+0 ms) -> Device (0) -> (+0 ms) -> Device (0) -> (+0 ms) -> Device (0) -> (+0 ms) -> Device (0) -> (+0 ms) -> Device (0) -> (+0 ms) -> Device (0)
SEQ_PRO_0116,Processed_IoT_dataset,12,31-Mar-19,31-Mar-19,0.0,TND_PRO_001445,TND_PRO_001456,Device (0) -> (+0 ms) -> Device (0) -> (+0 ms) -> Device (0) -> (+0 ms) -> Device (0) -> (+0 ms) -> Device (0) -> (+0 ms) -> Device (0) -> (+0 ms) -> Device (0) -> (+0 ms) -> Device (0) -> (+0 ms) -> Device (0) -> (+0 ms) -> Device (0) -> (+0 ms) -> Device (0) -> (+0 ms) -> Device (0)
SEQ_PRO_0117,Processed_IoT_dataset,12,31-Mar-19,31-Mar-19,0.0,TND_PRO_001457,TND_PRO_001468,Device (0) -> (+0 ms) -> Device (0) -> (+0 ms) -> Device (0) -> (+0 ms) -> Device (0) -> (+0 ms) -> Device (0) -> (+0 ms) -> Device (0) -> (+0 ms) -> Device (0) -> (+0 ms) -> Device (0) -> (+0 ms) -> Device (0) -> (+0 ms) -> Device (0) -> (+0 ms) -> Device (0) -> (+0 ms) -> Device (0)
SEQ_PRO_0118,Processed_IoT_dataset,12,31-Mar-19,31-Mar-19,0.0,TND_PRO_001469,TND_PRO_001480,Device (0) -> (+0 ms) -> Device (0) -> (+0 ms) -> Device (0) -> (+0 ms) -> Device (0) -> (+0 ms) -> Device (0) -> (+0 ms) -> Device (0) -> (+0 ms) -> Device (0) -> (+0 ms) -> Device (0) -> (+0 ms) -> Device (0) -> (+0 ms) -> Device (0) -> (+0 ms) -> Device (0) -> (+0 ms) -> Device (0)
SEQ_PRO_0119,Processed_IoT_dataset,12,31-Mar-19,31-Mar-19,0.0,TND_PRO_001481,TND_PRO_001492,Device (0) -> (+0 ms) -> Device (0) -> (+0 ms) -> Device (0) -> (+0 ms) -> Device (0) -> (+0 ms) -> Device (0) -> (+0 ms) -> Device (0) -> (+0 ms) -> Device (0) -> (+0 ms) -> Device (0) -> (+0 ms) -> Device (0) -> (+0 ms) -> Device (0) -> (+0 ms) -> Device (0) -> (+0 ms) -> Device (0)
SEQ_PRO_0120,Processed_IoT_dataset,12,31-Mar-19,31-Mar-19,0.0,TND_PRO_001493,TND_PRO_001504,Device (0) -> (+0 ms) -> Device (0) -> (+0 ms) -> Device (0) -> (+0 ms) -> Device (0) -> (+0 ms) -> Device (0) -> (+0 ms) -> Device (0) -> (+0 ms) -> Device (0) -> (+0 ms) -> Device (0) -> (+0 ms) -> Event (0) -> (+0 ms) -> Event (0) -> (+0 ms) -> Event (0) -> (+0 ms) -> Event (0)
SEQ_PRO_0121,Processed_IoT_dataset,12,31-Mar-19,31-Mar-19,0.0,TND_PRO_001505,TND_PRO_001516,Event (0) -> (+0 ms) -> Event (0) -> (+0 ms) -> Event (0) -> (+0 ms) -> Event (0) -> (+0 ms) -> Event (0) -> (+0 ms) -> Event (0) -> (+0 ms) -> Event (0) -> (+0 ms) -> Event (0) -> (+0 ms) -> Event (0) -> (+0 ms) -> Event (0) -> (+0 ms) -> Event (0) -> (+0 ms) -> Event (0)
SEQ_PRO_0122,Processed_IoT_dataset,12,31-Mar-19,31-Mar-19,0.0,TND_PRO_001517,TND_PRO_001528,Event (0) -> (+0 ms) -> Event (0) -> (+0 ms) -> Event (0) -> (+0 ms) -> Event (0) -> (+0 ms) -> Event (0) -> (+0 ms) -> Event (0) -> (+0 ms) -> Event (0) -> (+0 ms) -> Event (0) -> (+0 ms) -> Event (0) -> (+0 ms) -> Event (0) -> (+0 ms) -> Event (0) -> (+0 ms) -> Event (0)
SEQ_PRO_0123,Processed_IoT_dataset,12,31-Mar-19,31-Mar-19,0.0,TND_PRO_001529,TND_PRO_001540,Event (0) -> (+0 ms) -> Event (0) -> (+0 ms) -> Event (0) -> (+0 ms) -> Event (0) -> (+0 ms) -> Event (0) -> (+0 ms) -> Event (0) -> (+0 ms) -> Event (0) -> (+0 ms) -> Event (0) -> (+0 ms) -> Event (0) -> (+0 ms) -> Event (0) -> (+0 ms) -> Event (0) -> (+0 ms) -> Event (0)
SEQ_PRO_0124,Processed_IoT_dataset,12,31-Mar-19,31-Mar-19,0.0,TND_PRO_001541,TND_PRO_001552,Event (0) -> (+0 ms) -> Event (0) -> (+0 ms) -> Event (0) -> (+0 ms) -> Event (0) -> (+0 ms) -> Event (0) -> (+0 ms) -> Event (0) -> (+0 ms) -> Event (0) -> (+0 ms) -> Event (0) -> (+0 ms) -> Event (0) -> (+0 ms) -> Event (0) -> (+0 ms) -> Event (0) -> (+0 ms) -> Event (0)
SEQ_PRO_0125,Processed_IoT_dataset,12,31-Mar-19,31-Mar-19,0.0,TND_PRO_001553,TND_PRO_001564,Event (0) -> (+0 ms) -> Event (0) -> (+0 ms) -> Event (0) -> (+0 ms) -> Event (0) -> (+0 ms) -> Event (0) -> (+0 ms) -> Event (0) -> (+0 ms) -> Event (0) -> (+0 ms) -> Event (0) -> (+0 ms) -> Event (0) -> (+0 ms) -> Event (0) -> (+0 ms) -> Event (0) -> (+0 ms) -> Event (0)
SEQ_PRO_0126,Processed_IoT_dataset,12,31-Mar-19,31-Mar-19,0.0,TND_PRO_001565,TND_PRO_001576,Event (0) -> (+0 ms) -> Event (0) -> (+0 ms) -> Event (0) -> (+0 ms) -> Event (0) -> (+0 ms) -> Event (0) -> (+0 ms) -> Event (0) -> (+0 ms) -> Event (0) -> (+0 ms) -> Event (0) -> (+0 ms) -> Event (0) -> (+0 ms) -> Event (0) -> (+0 ms) -> Event (0) -> (+0 ms) -> Event (0)
SEQ_PRO_0127,Processed_IoT_dataset,12,31-Mar-19,31-Mar-19,0.0,TND_PRO_001577,TND_PRO_001588,Event (0) -> (+0 ms) -> Event (0) -> (+0 ms) -> Event (0) -> (+0 ms) -> Event (0) -> (+0 ms) -> Event (0) -> (+0 ms) -> Event (0) -> (+0 ms) -> Event (0) -> (+0 ms) -> Event (0) -> (+0 ms) -> Event (0) -> (+0 ms) -> Event (0) -> (+0 ms) -> Event (0) -> (+0 ms) -> Event (0)
SEQ_PRO_0128,Processed_IoT_dataset,12,31-Mar-19,31-Mar-19,0.0,TND_PRO_001589,TND_PRO_001600,Event (0) -> (+0 ms) -> Event (0) -> (+0 ms) -> Event (0) -> (+0 ms) -> Event (0) -> (+0 ms) -> Event (0) -> (+0 ms) -> Event (0) -> (+0 ms) -> Event (0) -> (+0 ms) -> Event (0) -> (+0 ms) -> Event (0) -> (+0 ms) -> Event (0) -> (+0 ms) -> Event (0) -> (+0 ms) -> Event (0)
SEQ_PRO_0129,Processed_IoT_dataset,12,31-Mar-19,31-Mar-19,0.0,TND_PRO_001601,TND_PRO_001612,Event (0) -> (+0 ms) -> Event (0) -> (+0 ms) -> Event (0) -> (+0 ms) -> Event (0) -> (+0 ms) -> Event (0) -> (+0 ms) -> Event (0) -> (+0 ms) -> Event (0) -> (+0 ms) -> Event (0) -> (+0 ms) -> Event (0) -> (+0 ms) -> Event (0) -> (+0 ms) -> Event (0) -> (+0 ms) -> Event (0)
SEQ_PRO_0130,Processed_IoT_dataset,12,31-Mar-19,31-Mar-19,0.0,TND_PRO_001613,TND_PRO_001624,Event (0) -> (+0 ms) -> Event (0) -> (+0 ms) -> Event (0) -> (+0 ms) -> Event (0) -> (+0 ms) -> Event (0) -> (+0 ms) -> Event (0) -> (+0 ms) -> Event (0) -> (+0 ms) -> Event (0) -> (+0 ms) -> Event (0) -> (+0 ms) -> Event (0) -> (+0 ms) -> Event (0) -> (+0 ms) -> Event (0)
SEQ_PRO_0131,Processed_IoT_dataset,12,31-Mar-19,31-Mar-19,0.0,TND_PRO_001625,TND_PRO_001636,Event (0) -> (+0 ms) -> Event (0) -> (+0 ms) -> Event (0) -> (+0 ms) -> Event (0) -> (+0 ms) -> Event (0) -> (+0 ms) -> Event (0) -> (+0 ms) -> Event (0) -> (+0 ms) -> Event (0) -> (+0 ms) -> Event (0) -> (+0 ms) -> Event (0) -> (+0 ms) -> Event (0) -> (+0 ms) -> Event (0)
SEQ_PRO_0132,Processed_IoT_dataset,12,31-Mar-19,31-Mar-19,0.0,TND_PRO_001637,TND_PRO_001648,Event (0) -> (+0 ms) -> Event (0) -> (+0 ms) -> Event (0) -> (+0 ms) -> Event (0) -> (+0 ms) -> Event (0) -> (+0 ms) -> Event (0) -> (+0 ms) -> Event (0) -> (+0 ms) -> Event (0) -> (+0 ms) -> Event (0) -> (+0 ms) -> Event (0) -> (+0 ms) -> Event (0) -> (+0 ms) -> Event (0)
SEQ_PRO_0133,Processed_IoT_dataset,12,31-Mar-19,31-Mar-19,0.0,TND_PRO_001649,TND_PRO_001660,Event (0) -> (+0 ms) -> Event (0) -> (+0 ms) -> Event (0) -> (+0 ms) -> Event (0) -> (+0 ms) -> Event (0) -> (+0 ms) -> Event (0) -> (+0 ms) -> Event (0) -> (+0 ms) -> Event (0) -> (+0 ms) -> Event (0) -> (+0 ms) -> Event (0) -> (+0 ms) -> Event (0) -> (+0 ms) -> Event (0)
SEQ_PRO_0134,Processed_IoT_dataset,12,31-Mar-19,31-Mar-19,0.0,TND_PRO_001661,TND_PRO_001672,Event (0) -> (+0 ms) -> Event (0) -> (+0 ms) -> Event (0) -> (+0 ms) -> Event (0) -> (+0 ms) -> Event (0) -> (+0 ms) -> Event (0) -> (+0 ms) -> Event (0) -> (+0 ms) -> Event (0) -> (+0 ms) -> Event (0) -> (+0 ms) -> Event (0) -> (+0 ms) -> Event (0) -> (+0 ms) -> Event (0)
SEQ_PRO_0135,Processed_IoT_dataset,12,31-Mar-19,31-Mar-19,0.0,TND_PRO_001673,TND_PRO_001684,Event (0) -> (+0 ms) -> Event (0) -> (+0 ms) -> Event (0) -> (+0 ms) -> Event (0) -> (+0 ms) -> Event (0) -> (+0 ms) -> Event (0) -> (+0 ms) -> Event (0) -> (+0 ms) -> Event (0) -> (+0 ms) -> Event (0) -> (+0 ms) -> Event (0) -> (+0 ms) -> Event (0) -> (+0 ms) -> Event (0)
SEQ_PRO_0136,Processed_IoT_dataset,12,31-Mar-19,31-Mar-19,0.0,TND_PRO_001685,TND_PRO_001696,Event (0) -> (+0 ms) -> Event (0) -> (+0 ms) -> Event (0) -> (+0 ms) -> Event (0) -> (+0 ms) -> Event (0) -> (+0 ms) -> Event (0) -> (+0 ms) -> Event (0) -> (+0 ms) -> Event (0) -> (+0 ms) -> Event (0) -> (+0 ms) -> Event (0) -> (+0 ms) -> Event (0) -> (+0 ms) -> Event (0)
SEQ_PRO_0137,Processed_IoT_dataset,12,31-Mar-19,31-Mar-19,0.0,TND_PRO_001697,TND_PRO_001708,Event (0) -> (+0 ms) -> Event (0) -> (+0 ms) -> Event (0) -> (+0 ms) -> Event (0) -> (+0 ms) -> Event (0) -> (+0 ms) -> Event (0) -> (+0 ms) -> Event (0) -> (+0 ms) -> Event (0) -> (+0 ms) -> Event (0) -> (+0 ms) -> Event (0) -> (+0 ms) -> Event (0) -> (+0 ms) -> Event (0)
SEQ_PRO_0138,Processed_IoT_dataset,12,31-Mar-19,31-Mar-19,0.0,TND_PRO_001709,TND_PRO_001720,Event (0) -> (+0 ms) -> Event (0) -> (+0 ms) -> Event (0) -> (+0 ms) -> Event (0) -> (+0 ms) -> Event (0) -> (+0 ms) -> Event (0) -> (+0 ms) -> Event (0) -> (+0 ms) -> Event (0) -> (+0 ms) -> Event (0) -> (+0 ms) -> Event (0) -> (+0 ms) -> Event (0) -> (+0 ms) -> Event (0)
SEQ_PRO_0139,Processed_IoT_dataset,12,31-Mar-19,31-Mar-19,0.0,TND_PRO_001721,TND_PRO_001732,Event (0) -> (+0 ms) -> Event (0) -> (+0 ms) -> Event (0) -> (+0 ms) -> Event (0) -> (+0 ms) -> Event (0) -> (+0 ms) -> Event (0) -> (+0 ms) -> Event (0) -> (+0 ms) -> Event (0) -> (+0 ms) -> Event (0) -> (+0 ms) -> Event (0) -> (+0 ms) -> Event (0) -> (+0 ms) -> Event (0)
SEQ_PRO_0140,Processed_IoT_dataset,12,31-Mar-19,31-Mar-19,0.0,TND_PRO_001733,TND_PRO_001744,Event (0) -> (+0 ms) -> Event (0) -> (+0 ms) -> Event (0) -> (+0 ms) -> Event (0) -> (+0 ms) -> Event (0) -> (+0 ms) -> Event (0) -> (+0 ms) -> Event (0) -> (+0 ms) -> Event (0) -> (+0 ms) -> Event (0) -> (+0 ms) -> Event (0) -> (+0 ms) -> Event (0) -> (+0 ms) -> Event (0)
SEQ_PRO_0141,Processed_IoT_dataset,12,31-Mar-19,31-Mar-19,0.0,TND_PRO_001745,TND_PRO_000052,Event (0) -> (+0 ms) -> Event (0) -> (+0 ms) -> Event (0) -> (+0 ms) -> Event (0) -> (+0 ms) -> Event (0) -> (+0 ms) -> Event (0) -> (+0 ms) -> Device (0) -> (+0 ms) -> Device (0) -> (+0 ms) -> Device (0) -> (+0 ms) -> Device (0) -> (+0 ms) -> Device (0) -> (+0 ms) -> Device (0)
SEQ_PRO_0142,Processed_IoT_dataset,12,31-Mar-19,31-Mar-19,0.0,TND_PRO_000053,TND_PRO_000014,Device (0) -> (+0 ms) -> Device (0) -> (+0 ms) -> Device (0) -> (+0 ms) -> Device (0) -> (+0 ms) -> Device (0) -> (+0 ms) -> Device (0) -> (+0 ms) -> Device (0) -> (+0 ms) -> Device (0) -> (+0 ms) -> Device (0) -> (+0 ms) -> Device (0) -> (+0 ms) -> Device (0) -> (+0 ms) -> Device (0)
SEQ_PRO_0143,Processed_IoT_dataset,12,31-Mar-19,31-Mar-19,0.0,TND_PRO_000015,TND_PRO_000026,Device (0) -> (+0 ms) -> Device (0) -> (+0 ms) -> Device (0) -> (+0 ms) -> Device (0) -> (+0 ms) -> Device (0) -> (+0 ms) -> Device (0) -> (+0 ms) -> Device (0) -> (+0 ms) -> Device (0) -> (+0 ms) -> Device (0) -> (+0 ms) -> Device (0) -> (+0 ms) -> Device (0) -> (+0 ms) -> Device (0)
SEQ_PRO_0144,Processed_IoT_dataset,12,31-Mar-19,31-Mar-19,0.0,TND_PRO_000027,TND_PRO_000029,Device (0) -> (+0 ms) -> Device (0) -> (+0 ms) -> Device (0) -> (+0 ms) -> Device (0) -> (+0 ms) -> Device (0) -> (+0 ms) -> Device (0) -> (+0 ms) -> Device (0) -> (+0 ms) -> Device (0) -> (+0 ms) -> Device (0) -> (+0 ms) -> Device (0) -> (+0 ms) -> Device (0) -> (+0 ms) -> Device (0)
SEQ_PRO_0145,Processed_IoT_dataset,12,31-Mar-19,31-Mar-19,0.0,TND_PRO_000030,TND_PRO_000086,Device (0) -> (+0 ms) -> Device (0) -> (+0 ms) -> Device (0) -> (+0 ms) -> Device (0) -> (+0 ms) -> Device (0) -> (+0 ms) -> Device (0) -> (+0 ms) -> Device (0) -> (+0 ms) -> Device (0) -> (+0 ms) -> Device (0) -> (+0 ms) -> Device (0) -> (+0 ms) -> Device (0) -> (+0 ms) -> Device (0)
SEQ_PRO_0146,Processed_IoT_dataset,10,31-Mar-19,31-Mar-19,0.0,TND_PRO_000087,TND_PRO_000080,Device (0) -> (+0 ms) -> Device (0) -> (+0 ms) -> Device (0) -> (+0 ms) -> Device (0) -> (+0 ms) -> Device (0) -> (+0 ms) -> Device (0) -> (+0 ms) -> Device (0) -> (+0 ms) -> Device (0) -> (+0 ms) -> Device (0) -> (+0 ms) -> Device (0)
SEQ_PRO_0147,Processed_Linux_dataset,12,2019-04-02T15:28:35Z,2019-04-02T15:28:50Z,15.0,TND_PRO_002751,TND_PRO_002754,Process (0) -> (+0 ms) -> Process (0) -> (+0 ms) -> Process (0) -> (+5.00 s) -> Process (0) -> (+0 ms) -> Process (0) -> (+0 ms) -> Process (0) -> (+5.00 s) -> Process (0) -> (+0 ms) -> Process (0) -> (+0 ms) -> Process (0) -> (+5.00 s) -> Process (0) -> (+0 ms) -> Process (0) -> (+0 ms) -> Process (0)
SEQ_PRO_0148,Processed_Linux_dataset,12,2019-04-02T15:28:55Z,2019-04-02T15:29:10Z,15.0,TND_PRO_002755,TND_PRO_002758,Process (0) -> (+0 ms) -> Process (0) -> (+0 ms) -> Process (0) -> (+5.00 s) -> Process (0) -> (+0 ms) -> Process (0) -> (+0 ms) -> Process (0) -> (+5.00 s) -> Process (0) -> (+0 ms) -> Process (0) -> (+0 ms) -> Process (0) -> (+5.00 s) -> Process (0) -> (+0 ms) -> Process (0) -> (+0 ms) -> Process (0)
SEQ_PRO_0149,Processed_Linux_dataset,12,2019-04-02T15:29:15Z,2019-04-02T15:29:30Z,15.0,TND_PRO_002259,TND_PRO_002762,Process (0) -> (+0 ms) -> Process (0) -> (+0 ms) -> Process (0) -> (+5.00 s) -> Process (0) -> (+0 ms) -> Process (0) -> (+0 ms) -> Process (0) -> (+5.00 s) -> Process (0) -> (+0 ms) -> Process (0) -> (+0 ms) -> Process (0) -> (+5.00 s) -> Process (0) -> (+0 ms) -> Process (0) -> (+0 ms) -> Process (0)
SEQ_PRO_0150,Processed_Linux_dataset,12,2019-04-02T15:29:35Z,2019-04-02T15:29:50Z,15.0,TND_PRO_002763,TND_PRO_002266,Process (0) -> (+0 ms) -> Process (0) -> (+0 ms) -> Process (0) -> (+5.00 s) -> Process (0) -> (+0 ms) -> Process (0) -> (+0 ms) -> Process (0) -> (+5.00 s) -> Process (0) -> (+0 ms) -> Process (0) -> (+0 ms) -> Process (0) -> (+5.00 s) -> Process (0) -> (+0 ms) -> Process (0) -> (+0 ms) -> Process (0)
SEQ_PRO_0151,Processed_Linux_dataset,12,2019-04-02T15:29:55Z,2019-04-02T15:30:10Z,15.0,TND_PRO_002267,TND_PRO_001770,Process (0) -> (+0 ms) -> Process (0) -> (+0 ms) -> Process (0) -> (+5.00 s) -> Process (0) -> (+0 ms) -> Process (0) -> (+0 ms) -> Process (0) -> (+5.00 s) -> Process (0) -> (+0 ms) -> Process (0) -> (+0 ms) -> Process (0) -> (+5.00 s) -> Process (0) -> (+0 ms) -> Process (0) -> (+0 ms) -> Process (0)
SEQ_PRO_0152,Processed_Linux_dataset,12,2019-04-02T15:30:15Z,2019-04-02T15:30:30Z,15.0,TND_PRO_002271,TND_PRO_002774,Process (0) -> (+0 ms) -> Process (0) -> (+0 ms) -> Process (0) -> (+5.00 s) -> Process (0) -> (+0 ms) -> Process (0) -> (+0 ms) -> Process (0) -> (+5.00 s) -> Process (0) -> (+0 ms) -> Process (0) -> (+0 ms) -> Process (0) -> (+5.00 s) -> Process (0) -> (+0 ms) -> Process (0) -> (+0 ms) -> Process (0)
SEQ_PRO_0153,Processed_Linux_dataset,12,2019-04-02T15:30:35Z,2019-04-02T15:30:50Z,15.0,TND_PRO_002775,TND_PRO_002778,Process (0) -> (+0 ms) -> Process (0) -> (+0 ms) -> Process (0) -> (+5.00 s) -> Process (0) -> (+0 ms) -> Process (0) -> (+0 ms) -> Process (0) -> (+5.00 s) -> Process (0) -> (+0 ms) -> Process (0) -> (+0 ms) -> Process (0) -> (+5.00 s) -> Process (0) -> (+0 ms) -> Process (0) -> (+0 ms) -> Process (0)
SEQ_PRO_0154,Processed_Linux_dataset,12,2019-04-02T15:30:55Z,2019-04-02T15:31:10Z,15.0,TND_PRO_001779,TND_PRO_001782,Process (0) -> (+0 ms) -> Process (0) -> (+0 ms) -> Process (0) -> (+5.00 s) -> Process (0) -> (+0 ms) -> Process (0) -> (+0 ms) -> Process (0) -> (+5.00 s) -> Process (0) -> (+0 ms) -> Process (0) -> (+0 ms) -> Process (0) -> (+5.00 s) -> Process (0) -> (+0 ms) -> Process (0) -> (+0 ms) -> Process (0)
SEQ_PRO_0155,Processed_Linux_dataset,12,2019-04-02T15:31:15Z,2019-04-02T15:31:30Z,15.0,TND_PRO_002283,TND_PRO_002286,Process (0) -> (+0 ms) -> Process (0) -> (+0 ms) -> Process (0) -> (+5.00 s) -> Process (0) -> (+0 ms) -> Process (0) -> (+0 ms) -> Process (0) -> (+5.00 s) -> Process (0) -> (+0 ms) -> Process (0) -> (+0 ms) -> Process (0) -> (+5.00 s) -> Process (0) -> (+0 ms) -> Process (0) -> (+0 ms) -> Process (0)
SEQ_PRO_0156,Processed_Linux_dataset,12,2019-04-02T15:31:35Z,2019-04-02T15:31:50Z,15.0,TND_PRO_002287,TND_PRO_001790,Process (0) -> (+0 ms) -> Process (0) -> (+0 ms) -> Process (0) -> (+5.00 s) -> Process (0) -> (+0 ms) -> Process (0) -> (+0 ms) -> Process (0) -> (+5.00 s) -> Process (0) -> (+0 ms) -> Process (0) -> (+0 ms) -> Process (0) -> (+5.00 s) -> Process (0) -> (+0 ms) -> Process (0) -> (+0 ms) -> Process (0)
SEQ_PRO_0157,Processed_Linux_dataset,12,2019-04-02T15:31:55Z,2019-04-02T15:32:10Z,15.0,TND_PRO_001791,TND_PRO_002294,Process (0) -> (+0 ms) -> Process (0) -> (+0 ms) -> Process (0) -> (+5.00 s) -> Process (0) -> (+0 ms) -> Process (0) -> (+0 ms) -> Process (0) -> (+5.00 s) -> Process (0) -> (+0 ms) -> Process (0) -> (+0 ms) -> Process (0) -> (+5.00 s) -> Process (0) -> (+0 ms) -> Process (0) -> (+0 ms) -> Process (0)
SEQ_PRO_0158,Processed_Linux_dataset,12,2019-04-02T15:32:15Z,2019-04-02T15:32:30Z,15.0,TND_PRO_002295,TND_PRO_001798,Process (0) -> (+0 ms) -> Process (0) -> (+0 ms) -> Process (0) -> (+5.00 s) -> Process (0) -> (+0 ms) -> Process (0) -> (+0 ms) -> Process (0) -> (+5.00 s) -> Process (0) -> (+0 ms) -> Process (0) -> (+0 ms) -> Process (0) -> (+5.00 s) -> Process (0) -> (+0 ms) -> Process (0) -> (+0 ms) -> Process (0)
SEQ_PRO_0159,Processed_Linux_dataset,12,2019-04-02T15:32:35Z,2019-04-02T15:32:50Z,15.0,TND_PRO_002299,TND_PRO_002302,Process (0) -> (+0 ms) -> Process (0) -> (+0 ms) -> Process (0) -> (+5.00 s) -> Process (0) -> (+0 ms) -> Process (0) -> (+0 ms) -> Process (0) -> (+5.00 s) -> Process (0) -> (+0 ms) -> Process (0) -> (+0 ms) -> Process (0) -> (+5.00 s) -> Process (0) -> (+0 ms) -> Process (0) -> (+0 ms) -> Process (0)
SEQ_PRO_0160,Processed_Linux_dataset,12,2019-04-02T15:32:55Z,2019-04-02T15:33:10Z,15.0,TND_PRO_002803,TND_PRO_002806,Process (0) -> (+0 ms) -> Process (0) -> (+0 ms) -> Process (0) -> (+5.00 s) -> Process (0) -> (+0 ms) -> Process (0) -> (+0 ms) -> Process (0) -> (+5.00 s) -> Process (0) -> (+0 ms) -> Process (0) -> (+0 ms) -> Process (0) -> (+5.00 s) -> Process (0) -> (+0 ms) -> Process (0) -> (+0 ms) -> Process (0)
SEQ_PRO_0161,Processed_Linux_dataset,12,2019-04-02T15:33:15Z,2019-04-02T15:33:30Z,15.0,TND_PRO_002807,TND_PRO_002810,Process (0) -> (+0 ms) -> Process (0) -> (+0 ms) -> Process (0) -> (+5.00 s) -> Process (0) -> (+0 ms) -> Process (0) -> (+0 ms) -> Process (0) -> (+5.00 s) -> Process (0) -> (+0 ms) -> Process (0) -> (+0 ms) -> Process (0) -> (+5.00 s) -> Process (0) -> (+0 ms) -> Process (0) -> (+0 ms) -> Process (0)
SEQ_PRO_0162,Processed_Linux_dataset,12,2019-04-02T15:33:35Z,2019-04-02T15:33:50Z,15.0,TND_PRO_002311,TND_PRO_002314,Process (0) -> (+0 ms) -> Process (0) -> (+0 ms) -> Process (0) -> (+5.00 s) -> Process (0) -> (+0 ms) -> Process (0) -> (+0 ms) -> Process (0) -> (+5.00 s) -> Process (0) -> (+0 ms) -> Process (0) -> (+0 ms) -> Process (0) -> (+5.00 s) -> Process (0) -> (+0 ms) -> Process (0) -> (+0 ms) -> Process (0)
SEQ_PRO_0163,Processed_Linux_dataset,12,2019-04-02T15:33:55Z,2019-04-02T15:34:10Z,15.0,TND_PRO_002315,TND_PRO_002818,Process (0) -> (+0 ms) -> Process (0) -> (+0 ms) -> Process (0) -> (+5.00 s) -> Process (0) -> (+0 ms) -> Process (0) -> (+0 ms) -> Process (0) -> (+5.00 s) -> Process (0) -> (+0 ms) -> Process (0) -> (+0 ms) -> Process (0) -> (+5.00 s) -> Process (0) -> (+0 ms) -> Process (0) -> (+0 ms) -> Process (0)
SEQ_PRO_0164,Processed_Linux_dataset,12,2019-04-02T15:34:15Z,2019-04-02T15:34:30Z,15.0,TND_PRO_001819,TND_PRO_001822,Process (0) -> (+0 ms) -> Process (0) -> (+0 ms) -> Process (0) -> (+5.00 s) -> Process (0) -> (+0 ms) -> Process (0) -> (+0 ms) -> Process (0) -> (+5.00 s) -> Process (0) -> (+0 ms) -> Process (0) -> (+0 ms) -> Process (0) -> (+5.00 s) -> Process (0) -> (+0 ms) -> Process (0) -> (+0 ms) -> Process (0)
SEQ_PRO_0165,Processed_Linux_dataset,12,2019-04-02T15:34:35Z,2019-04-02T15:34:50Z,15.0,TND_PRO_002823,TND_PRO_001826,Process (0) -> (+0 ms) -> Process (0) -> (+0 ms) -> Process (0) -> (+5.00 s) -> Process (0) -> (+0 ms) -> Process (0) -> (+0 ms) -> Process (0) -> (+5.00 s) -> Process (0) -> (+0 ms) -> Process (0) -> (+0 ms) -> Process (0) -> (+5.00 s) -> Process (0) -> (+0 ms) -> Process (0) -> (+0 ms) -> Process (0)
SEQ_PRO_0166,Processed_Linux_dataset,12,2019-04-02T15:34:55Z,2019-04-02T15:35:10Z,15.0,TND_PRO_001827,TND_PRO_001830,Process (0) -> (+0 ms) -> Process (0) -> (+0 ms) -> Process (0) -> (+5.00 s) -> Process (0) -> (+0 ms) -> Process (0) -> (+0 ms) -> Process (0) -> (+5.00 s) -> Process (0) -> (+0 ms) -> Process (0) -> (+0 ms) -> Process (0) -> (+5.00 s) -> Process (0) -> (+0 ms) -> Process (0) -> (+0 ms) -> Process (0)
SEQ_PRO_0167,Processed_Linux_dataset,12,2019-04-02T15:35:15Z,2019-04-02T15:35:30Z,15.0,TND_PRO_001831,TND_PRO_001834,Process (0) -> (+0 ms) -> Process (0) -> (+0 ms) -> Process (0) -> (+5.00 s) -> Process (0) -> (+0 ms) -> Process (0) -> (+0 ms) -> Process (0) -> (+5.00 s) -> Process (0) -> (+0 ms) -> Process (0) -> (+0 ms) -> Process (0) -> (+5.00 s) -> Process (0) -> (+0 ms) -> Process (0) -> (+0 ms) -> Process (0)
SEQ_PRO_0168,Processed_Linux_dataset,12,2019-04-02T15:35:35Z,2019-04-02T15:35:50Z,15.0,TND_PRO_001835,TND_PRO_002838,Process (0) -> (+0 ms) -> Process (0) -> (+0 ms) -> Process (0) -> (+5.00 s) -> Process (0) -> (+0 ms) -> Process (0) -> (+0 ms) -> Process (0) -> (+5.00 s) -> Process (0) -> (+0 ms) -> Process (0) -> (+0 ms) -> Process (0) -> (+5.00 s) -> Process (0) -> (+0 ms) -> Process (0) -> (+0 ms) -> Process (0)
SEQ_PRO_0169,Processed_Linux_dataset,12,2019-04-02T15:35:55Z,2019-04-02T15:36:10Z,15.0,TND_PRO_001839,TND_PRO_001842,Process (0) -> (+0 ms) -> Process (0) -> (+0 ms) -> Process (0) -> (+5.00 s) -> Process (0) -> (+0 ms) -> Process (0) -> (+0 ms) -> Process (0) -> (+5.00 s) -> Process (0) -> (+0 ms) -> Process (0) -> (+0 ms) -> Process (0) -> (+5.00 s) -> Process (0) -> (+0 ms) -> Process (0) -> (+0 ms) -> Process (0)
SEQ_PRO_0170,Processed_Linux_dataset,12,2019-04-02T15:36:15Z,2019-04-02T15:36:30Z,15.0,TND_PRO_002843,TND_PRO_002346,Process (0) -> (+0 ms) -> Process (0) -> (+0 ms) -> Process (0) -> (+5.00 s) -> Process (0) -> (+0 ms) -> Process (0) -> (+0 ms) -> Process (0) -> (+5.00 s) -> Process (0) -> (+0 ms) -> Process (0) -> (+0 ms) -> Process (0) -> (+5.00 s) -> Process (0) -> (+0 ms) -> Process (0) -> (+0 ms) -> Process (0)
SEQ_PRO_0171,Processed_Linux_dataset,12,2019-04-02T15:36:35Z,2019-04-02T15:36:50Z,15.0,TND_PRO_002347,TND_PRO_002350,Process (0) -> (+0 ms) -> Process (0) -> (+0 ms) -> Process (0) -> (+5.00 s) -> Process (0) -> (+0 ms) -> Process (0) -> (+0 ms) -> Process (0) -> (+5.00 s) -> Process (0) -> (+0 ms) -> Process (0) -> (+0 ms) -> Process (0) -> (+5.00 s) -> Process (0) -> (+0 ms) -> Process (0) -> (+0 ms) -> Process (0)
SEQ_PRO_0172,Processed_Linux_dataset,12,2019-04-02T15:36:55Z,2019-04-02T15:37:10Z,15.0,TND_PRO_002851,TND_PRO_002854,Process (0) -> (+0 ms) -> Process (0) -> (+0 ms) -> Process (0) -> (+5.00 s) -> Process (0) -> (+0 ms) -> Process (0) -> (+0 ms) -> Process (0) -> (+5.00 s) -> Process (0) -> (+0 ms) -> Process (0) -> (+0 ms) -> Process (0) -> (+5.00 s) -> Process (0) -> (+0 ms) -> Process (0) -> (+0 ms) -> Process (0)
SEQ_PRO_0173,Processed_Linux_dataset,12,2019-04-02T15:37:15Z,2019-04-02T15:37:30Z,15.0,TND_PRO_002855,TND_PRO_002358,Process (0) -> (+0 ms) -> Process (0) -> (+0 ms) -> Process (0) -> (+5.00 s) -> Process (0) -> (+0 ms) -> Process (0) -> (+0 ms) -> Process (0) -> (+5.00 s) -> Process (0) -> (+0 ms) -> Process (0) -> (+0 ms) -> Process (0) -> (+5.00 s) -> Process (0) -> (+0 ms) -> Process (0) -> (+0 ms) -> Process (0)
SEQ_PRO_0174,Processed_Linux_dataset,12,2019-04-02T15:37:35Z,2019-04-02T15:37:50Z,15.0,TND_PRO_001859,TND_PRO_001862,Process (0) -> (+0 ms) -> Process (0) -> (+0 ms) -> Process (0) -> (+5.00 s) -> Process (0) -> (+0 ms) -> Process (0) -> (+0 ms) -> Process (0) -> (+5.00 s) -> Process (0) -> (+0 ms) -> Process (0) -> (+0 ms) -> Process (0) -> (+5.00 s) -> Process (0) -> (+0 ms) -> Process (0) -> (+0 ms) -> Process (0)
SEQ_PRO_0175,Processed_Linux_dataset,12,2019-04-02T15:37:55Z,2019-04-02T15:38:10Z,15.0,TND_PRO_002363,TND_PRO_001866,Process (0) -> (+0 ms) -> Process (0) -> (+0 ms) -> Process (0) -> (+5.00 s) -> Process (0) -> (+0 ms) -> Process (0) -> (+0 ms) -> Process (0) -> (+5.00 s) -> Process (0) -> (+0 ms) -> Process (0) -> (+0 ms) -> Process (0) -> (+5.00 s) -> Process (0) -> (+0 ms) -> Process (0) -> (+0 ms) -> Process (0)
SEQ_PRO_0176,Processed_Linux_dataset,12,2019-04-02T15:38:15Z,2019-04-02T15:38:30Z,15.0,TND_PRO_001867,TND_PRO_002870,Process (0) -> (+0 ms) -> Process (0) -> (+0 ms) -> Process (0) -> (+5.00 s) -> Process (0) -> (+0 ms) -> Process (0) -> (+0 ms) -> Process (0) -> (+5.00 s) -> Process (0) -> (+0 ms) -> Process (0) -> (+0 ms) -> Process (0) -> (+5.00 s) -> Process (0) -> (+0 ms) -> Process (0) -> (+0 ms) -> Process (0)
SEQ_PRO_0177,Processed_Linux_dataset,12,2019-04-02T15:38:35Z,2019-04-02T15:38:50Z,15.0,TND_PRO_002871,TND_PRO_002874,Process (0) -> (+0 ms) -> Process (0) -> (+0 ms) -> Process (0) -> (+5.00 s) -> Process (0) -> (+0 ms) -> Process (0) -> (+0 ms) -> Process (0) -> (+5.00 s) -> Process (0) -> (+0 ms) -> Process (0) -> (+0 ms) -> Process (0) -> (+5.00 s) -> Process (0) -> (+0 ms) -> Process (0) -> (+0 ms) -> Process (0)
SEQ_PRO_0178,Processed_Linux_dataset,12,2019-04-02T15:38:55Z,2019-04-02T15:39:10Z,15.0,TND_PRO_001875,TND_PRO_002878,Process (0) -> (+0 ms) -> Process (0) -> (+0 ms) -> Process (0) -> (+5.00 s) -> Process (0) -> (+0 ms) -> Process (0) -> (+0 ms) -> Process (0) -> (+5.00 s) -> Process (0) -> (+0 ms) -> Process (0) -> (+0 ms) -> Process (0) -> (+5.00 s) -> Process (0) -> (+0 ms) -> Process (0) -> (+0 ms) -> Process (0)
SEQ_PRO_0179,Processed_Linux_dataset,12,2019-04-02T15:39:15Z,2019-04-02T15:39:30Z,15.0,TND_PRO_002879,TND_PRO_001882,Process (0) -> (+0 ms) -> Process (0) -> (+0 ms) -> Process (0) -> (+5.00 s) -> Process (0) -> (+0 ms) -> Process (0) -> (+0 ms) -> Process (0) -> (+5.00 s) -> Process (0) -> (+0 ms) -> Process (0) -> (+0 ms) -> Process (0) -> (+5.00 s) -> Process (0) -> (+0 ms) -> Process (0) -> (+0 ms) -> Process (0)
SEQ_PRO_0180,Processed_Linux_dataset,12,2019-04-02T15:39:35Z,2019-04-02T15:39:50Z,15.0,TND_PRO_001883,TND_PRO_001886,Process (0) -> (+0 ms) -> Process (0) -> (+0 ms) -> Process (0) -> (+5.00 s) -> Process (0) -> (+0 ms) -> Process (0) -> (+0 ms) -> Process (0) -> (+5.00 s) -> Process (0) -> (+0 ms) -> Process (0) -> (+0 ms) -> Process (0) -> (+5.00 s) -> Process (0) -> (+0 ms) -> Process (0) -> (+0 ms) -> Process (0)
SEQ_PRO_0181,Processed_Linux_dataset,12,2019-04-02T15:39:55Z,2019-04-02T15:40:10Z,15.0,TND_PRO_002387,TND_PRO_002890,Process (0) -> (+0 ms) -> Process (0) -> (+0 ms) -> Process (0) -> (+5.00 s) -> Process (0) -> (+0 ms) -> Process (0) -> (+0 ms) -> Process (0) -> (+5.00 s) -> Process (0) -> (+0 ms) -> Process (0) -> (+0 ms) -> Process (0) -> (+5.00 s) -> Process (0) -> (+0 ms) -> Process (0) -> (+0 ms) -> Process (0)
SEQ_PRO_0182,Processed_Linux_dataset,12,2019-04-02T15:40:15Z,2019-04-02T15:40:30Z,15.0,TND_PRO_002891,TND_PRO_002894,Process (0) -> (+0 ms) -> Process (0) -> (+0 ms) -> Process (0) -> (+5.00 s) -> Process (0) -> (+0 ms) -> Process (0) -> (+0 ms) -> Process (0) -> (+5.00 s) -> Process (0) -> (+0 ms) -> Process (0) -> (+0 ms) -> Process (0) -> (+5.00 s) -> Process (0) -> (+0 ms) -> Process (0) -> (+0 ms) -> Process (0)
SEQ_PRO_0183,Processed_Linux_dataset,12,2019-04-02T15:40:35Z,2019-04-02T15:40:50Z,15.0,TND_PRO_002895,TND_PRO_002398,Process (0) -> (+0 ms) -> Process (0) -> (+0 ms) -> Process (0) -> (+5.00 s) -> Process (0) -> (+0 ms) -> Process (0) -> (+0 ms) -> Process (0) -> (+5.00 s) -> Process (0) -> (+0 ms) -> Process (0) -> (+0 ms) -> Process (0) -> (+5.00 s) -> Process (0) -> (+0 ms) -> Process (0) -> (+0 ms) -> Process (0)
SEQ_PRO_0184,Processed_Linux_dataset,12,2019-04-02T15:40:55Z,2019-04-02T15:41:10Z,15.0,TND_PRO_002399,TND_PRO_002402,Process (0) -> (+0 ms) -> Process (0) -> (+0 ms) -> Process (0) -> (+5.00 s) -> Process (0) -> (+0 ms) -> Process (0) -> (+0 ms) -> Process (0) -> (+5.00 s) -> Process (0) -> (+0 ms) -> Process (0) -> (+0 ms) -> Process (0) -> (+5.00 s) -> Process (0) -> (+0 ms) -> Process (0) -> (+0 ms) -> Process (0)
SEQ_PRO_0185,Processed_Linux_dataset,12,2019-04-02T15:41:15Z,2019-04-02T15:41:30Z,15.0,TND_PRO_001903,TND_PRO_001906,Process (0) -> (+0 ms) -> Process (0) -> (+0 ms) -> Process (0) -> (+5.00 s) -> Process (0) -> (+0 ms) -> Process (0) -> (+0 ms) -> Process (0) -> (+5.00 s) -> Process (0) -> (+0 ms) -> Process (0) -> (+0 ms) -> Process (0) -> (+5.00 s) -> Process (0) -> (+0 ms) -> Process (0) -> (+0 ms) -> Process (0)
SEQ_PRO_0186,Processed_Linux_dataset,12,2019-04-02T15:41:35Z,2019-04-02T15:41:50Z,15.0,TND_PRO_002907,TND_PRO_001910,Process (0) -> (+0 ms) -> Process (0) -> (+0 ms) -> Process (0) -> (+5.00 s) -> Process (0) -> (+0 ms) -> Process (0) -> (+0 ms) -> Process (0) -> (+5.00 s) -> Process (0) -> (+0 ms) -> Process (0) -> (+0 ms) -> Process (0) -> (+5.00 s) -> Process (0) -> (+0 ms) -> Process (0) -> (+0 ms) -> Process (0)
SEQ_PRO_0187,Processed_Linux_dataset,12,2019-04-02T15:41:55Z,2019-04-02T15:42:10Z,15.0,TND_PRO_001911,TND_PRO_001914,Process (0) -> (+0 ms) -> Process (0) -> (+0 ms) -> Process (0) -> (+5.00 s) -> Process (0) -> (+0 ms) -> Process (0) -> (+0 ms) -> Process (0) -> (+5.00 s) -> Process (0) -> (+0 ms) -> Process (0) -> (+0 ms) -> Process (0) -> (+5.00 s) -> Process (0) -> (+0 ms) -> Process (0) -> (+0 ms) -> Process (0)
SEQ_PRO_0188,Processed_Linux_dataset,12,2019-04-02T15:42:15Z,2019-04-02T15:42:30Z,15.0,TND_PRO_001915,TND_PRO_002418,Process (0) -> (+0 ms) -> Process (0) -> (+0 ms) -> Process (0) -> (+5.00 s) -> Process (0) -> (+0 ms) -> Process (0) -> (+0 ms) -> Process (0) -> (+5.00 s) -> Process (0) -> (+0 ms) -> Process (0) -> (+0 ms) -> Process (0) -> (+5.00 s) -> Process (0) -> (+0 ms) -> Process (0) -> (+0 ms) -> Process (0)
SEQ_PRO_0189,Processed_Linux_dataset,12,2019-04-02T15:42:35Z,2019-04-02T15:42:50Z,15.0,TND_PRO_002419,TND_PRO_001922,Process (0) -> (+0 ms) -> Process (0) -> (+0 ms) -> Process (0) -> (+5.00 s) -> Process (0) -> (+0 ms) -> Process (0) -> (+0 ms) -> Process (0) -> (+5.00 s) -> Process (0) -> (+0 ms) -> Process (0) -> (+0 ms) -> Process (0) -> (+5.00 s) -> Process (0) -> (+0 ms) -> Process (0) -> (+0 ms) -> Process (0)
SEQ_PRO_0190,Processed_Linux_dataset,12,2019-04-02T15:42:55Z,2019-04-02T15:43:10Z,15.0,TND_PRO_002423,TND_PRO_002426,Process (0) -> (+0 ms) -> Process (0) -> (+0 ms) -> Process (0) -> (+5.00 s) -> Process (0) -> (+0 ms) -> Process (0) -> (+0 ms) -> Process (0) -> (+5.00 s) -> Process (0) -> (+0 ms) -> Process (0) -> (+0 ms) -> Process (0) -> (+5.00 s) -> Process (0) -> (+0 ms) -> Process (0) -> (+0 ms) -> Process (0)
SEQ_PRO_0191,Processed_Linux_dataset,12,2019-04-02T15:43:15Z,2019-04-02T15:43:30Z,15.0,TND_PRO_002427,TND_PRO_002430,Process (0) -> (+0 ms) -> Process (0) -> (+0 ms) -> Process (0) -> (+5.00 s) -> Process (0) -> (+0 ms) -> Process (0) -> (+0 ms) -> Process (0) -> (+5.00 s) -> Process (0) -> (+0 ms) -> Process (0) -> (+0 ms) -> Process (0) -> (+5.00 s) -> Process (0) -> (+0 ms) -> Process (0) -> (+0 ms) -> Process (0)
SEQ_PRO_0192,Processed_Linux_dataset,12,2019-04-02T15:43:35Z,2019-04-02T15:43:50Z,15.0,TND_PRO_002431,TND_PRO_002434,Process (0) -> (+0 ms) -> Process (0) -> (+0 ms) -> Process (0) -> (+5.00 s) -> Process (0) -> (+0 ms) -> Process (0) -> (+0 ms) -> Process (0) -> (+5.00 s) -> Process (0) -> (+0 ms) -> Process (0) -> (+0 ms) -> Process (0) -> (+5.00 s) -> Process (0) -> (+0 ms) -> Process (0) -> (+0 ms) -> Process (0)
SEQ_PRO_0193,Processed_Linux_dataset,12,2019-04-02T15:43:55Z,2019-04-02T15:44:10Z,15.0,TND_PRO_002435,TND_PRO_002438,Process (0) -> (+0 ms) -> Process (0) -> (+0 ms) -> Process (0) -> (+5.00 s) -> Process (0) -> (+0 ms) -> Process (0) -> (+0 ms) -> Process (0) -> (+5.00 s) -> Process (0) -> (+0 ms) -> Process (0) -> (+0 ms) -> Process (0) -> (+5.00 s) -> Process (0) -> (+0 ms) -> Process (0) -> (+0 ms) -> Process (0)
SEQ_PRO_0194,Processed_Linux_dataset,12,2019-04-02T15:44:15Z,2019-04-02T15:44:30Z,15.0,TND_PRO_002439,TND_PRO_002442,Process (0) -> (+0 ms) -> Process (0) -> (+0 ms) -> Process (0) -> (+5.00 s) -> Process (0) -> (+0 ms) -> Process (0) -> (+0 ms) -> Process (0) -> (+5.00 s) -> Process (0) -> (+0 ms) -> Process (0) -> (+0 ms) -> Process (0) -> (+5.00 s) -> Process (0) -> (+0 ms) -> Process (0) -> (+0 ms) -> Process (0)
SEQ_PRO_0195,Processed_Linux_dataset,12,2019-04-02T15:44:35Z,2019-04-02T15:44:50Z,15.0,TND_PRO_002943,TND_PRO_001946,Process (0) -> (+0 ms) -> Process (0) -> (+0 ms) -> Process (0) -> (+5.00 s) -> Process (0) -> (+0 ms) -> Process (0) -> (+0 ms) -> Process (0) -> (+5.00 s) -> Process (0) -> (+0 ms) -> Process (0) -> (+0 ms) -> Process (0) -> (+5.00 s) -> Process (0) -> (+0 ms) -> Process (0) -> (+0 ms) -> Process (0)
SEQ_PRO_0196,Processed_Linux_dataset,12,2019-04-02T15:44:55Z,2019-04-02T15:45:10Z,15.0,TND_PRO_002947,TND_PRO_001950,Process (0) -> (+0 ms) -> Process (0) -> (+0 ms) -> Process (0) -> (+5.00 s) -> Process (0) -> (+0 ms) -> Process (0) -> (+0 ms) -> Process (0) -> (+5.00 s) -> Process (0) -> (+0 ms) -> Process (0) -> (+0 ms) -> Process (0) -> (+5.00 s) -> Process (0) -> (+0 ms) -> Process (0) -> (+0 ms) -> Process (0)
SEQ_PRO_0197,Processed_Linux_dataset,12,2019-04-02T15:45:15Z,2019-04-02T15:45:30Z,15.0,TND_PRO_002951,TND_PRO_002454,Process (0) -> (+0 ms) -> Process (0) -> (+0 ms) -> Process (0) -> (+5.00 s) -> Process (0) -> (+0 ms) -> Process (0) -> (+0 ms) -> Process (0) -> (+5.00 s) -> Process (0) -> (+0 ms) -> Process (0) -> (+0 ms) -> Process (0) -> (+5.00 s) -> Process (0) -> (+0 ms) -> Process (0) -> (+0 ms) -> Process (0)
SEQ_PRO_0198,Processed_Linux_dataset,12,2019-04-02T15:45:35Z,2019-04-02T15:45:50Z,15.0,TND_PRO_002955,TND_PRO_001958,Process (0) -> (+0 ms) -> Process (0) -> (+0 ms) -> Process (0) -> (+5.00 s) -> Process (0) -> (+0 ms) -> Process (0) -> (+0 ms) -> Process (0) -> (+5.00 s) -> Process (0) -> (+0 ms) -> Process (0) -> (+0 ms) -> Process (0) -> (+5.00 s) -> Process (0) -> (+0 ms) -> Process (0) -> (+0 ms) -> Process (0)
SEQ_PRO_0199,Processed_Linux_dataset,12,2019-04-02T15:45:55Z,2019-04-02T15:46:10Z,15.0,TND_PRO_001959,TND_PRO_002962,Process (0) -> (+0 ms) -> Process (0) -> (+0 ms) -> Process (0) -> (+5.00 s) -> Process (0) -> (+0 ms) -> Process (0) -> (+0 ms) -> Process (0) -> (+5.00 s) -> Process (0) -> (+0 ms) -> Process (0) -> (+0 ms) -> Process (0) -> (+5.00 s) -> Process (0) -> (+0 ms) -> Process (0) -> (+0 ms) -> Process (0)
SEQ_PRO_0200,Processed_Linux_dataset,12,2019-04-02T15:46:15Z,2019-04-02T15:46:30Z,15.0,TND_PRO_002963,TND_PRO_001966,Process (0) -> (+0 ms) -> Process (0) -> (+0 ms) -> Process (0) -> (+5.00 s) -> Process (0) -> (+0 ms) -> Process (0) -> (+0 ms) -> Process (0) -> (+5.00 s) -> Process (0) -> (+0 ms) -> Process (0) -> (+0 ms) -> Process (0) -> (+5.00 s) -> Process (0) -> (+0 ms) -> Process (0) -> (+0 ms) -> Process (0)
SEQ_PRO_0201,Processed_Linux_dataset,12,2019-04-02T15:46:35Z,2019-04-02T15:46:50Z,15.0,TND_PRO_002467,TND_PRO_002470,Process (0) -> (+0 ms) -> Process (0) -> (+0 ms) -> Process (0) -> (+5.00 s) -> Process (0) -> (+0 ms) -> Process (0) -> (+0 ms) -> Process (0) -> (+5.00 s) -> Process (0) -> (+0 ms) -> Process (0) -> (+0 ms) -> Process (0) -> (+5.00 s) -> Process (0) -> (+0 ms) -> Process (0) -> (+0 ms) -> Process (0)
SEQ_PRO_0202,Processed_Linux_dataset,12,2019-04-02T15:46:55Z,2019-04-02T15:47:10Z,15.0,TND_PRO_002471,TND_PRO_002974,Process (0) -> (+0 ms) -> Process (0) -> (+0 ms) -> Process (0) -> (+5.00 s) -> Process (0) -> (+0 ms) -> Process (0) -> (+0 ms) -> Process (0) -> (+5.00 s) -> Process (0) -> (+0 ms) -> Process (0) -> (+0 ms) -> Process (0) -> (+5.00 s) -> Process (0) -> (+0 ms) -> Process (0) -> (+0 ms) -> Process (0)
SEQ_PRO_0203,Processed_Linux_dataset,12,2019-04-02T15:47:15Z,2019-04-02T15:47:30Z,15.0,TND_PRO_002475,TND_PRO_002478,Process (0) -> (+0 ms) -> Process (0) -> (+0 ms) -> Process (0) -> (+5.00 s) -> Process (0) -> (+0 ms) -> Process (0) -> (+0 ms) -> Process (0) -> (+5.00 s) -> Process (0) -> (+0 ms) -> Process (0) -> (+0 ms) -> Process (0) -> (+5.00 s) -> Process (0) -> (+0 ms) -> Process (0) -> (+0 ms) -> Process (0)
SEQ_PRO_0204,Processed_Linux_dataset,12,2019-04-02T15:47:35Z,2019-04-02T15:47:50Z,15.0,TND_PRO_002479,TND_PRO_002982,Process (0) -> (+0 ms) -> Process (0) -> (+0 ms) -> Process (0) -> (+5.00 s) -> Process (0) -> (+0 ms) -> Process (0) -> (+0 ms) -> Process (0) -> (+5.00 s) -> Process (0) -> (+0 ms) -> Process (0) -> (+0 ms) -> Process (0) -> (+5.00 s) -> Process (0) -> (+0 ms) -> Process (0) -> (+0 ms) -> Process (0)
SEQ_PRO_0205,Processed_Linux_dataset,12,2019-04-02T15:47:55Z,2019-04-02T15:48:10Z,15.0,TND_PRO_002983,TND_PRO_002986,Process (0) -> (+0 ms) -> Process (0) -> (+0 ms) -> Process (0) -> (+5.00 s) -> Process (0) -> (+0 ms) -> Process (0) -> (+0 ms) -> Process (0) -> (+5.00 s) -> Process (0) -> (+0 ms) -> Process (0) -> (+0 ms) -> Process (0) -> (+5.00 s) -> Process (0) -> (+0 ms) -> Process (0) -> (+0 ms) -> Process (0)
SEQ_PRO_0206,Processed_Linux_dataset,12,2019-04-02T15:48:15Z,2019-04-02T15:48:30Z,15.0,TND_PRO_002987,TND_PRO_002990,Process (0) -> (+0 ms) -> Process (0) -> (+0 ms) -> Process (0) -> (+5.00 s) -> Process (0) -> (+0 ms) -> Process (0) -> (+0 ms) -> Process (0) -> (+5.00 s) -> Process (0) -> (+0 ms) -> Process (0) -> (+0 ms) -> Process (0) -> (+5.00 s) -> Process (0) -> (+0 ms) -> Process (0) -> (+0 ms) -> Process (0)
SEQ_PRO_0207,Processed_Linux_dataset,12,2019-04-02T15:48:35Z,2019-04-02T15:48:50Z,15.0,TND_PRO_002991,TND_PRO_002994,Process (0) -> (+0 ms) -> Process (0) -> (+0 ms) -> Process (0) -> (+5.00 s) -> Process (0) -> (+0 ms) -> Process (0) -> (+0 ms) -> Process (0) -> (+5.00 s) -> Process (0) -> (+0 ms) -> Process (0) -> (+0 ms) -> Process (0) -> (+5.00 s) -> Process (0) -> (+0 ms) -> Process (0) -> (+0 ms) -> Process (0)
SEQ_PRO_0208,Processed_Linux_dataset,12,2019-04-02T15:48:55Z,2019-04-02T15:49:10Z,15.0,TND_PRO_002995,TND_PRO_002998,Process (0) -> (+0 ms) -> Process (0) -> (+0 ms) -> Process (0) -> (+5.00 s) -> Process (0) -> (+0 ms) -> Process (0) -> (+0 ms) -> Process (0) -> (+5.00 s) -> Process (0) -> (+0 ms) -> Process (0) -> (+0 ms) -> Process (0) -> (+5.00 s) -> Process (0) -> (+0 ms) -> Process (0) -> (+0 ms) -> Process (0)
SEQ_PRO_0209,Processed_Linux_dataset,12,2019-04-02T15:49:15Z,2019-05-01T19:45:53Z,2519798.0,TND_PRO_002999,TND_PRO_003006,Process (0) -> (+0 ms) -> Process (0) -> (+0 ms) -> Process (0) -> (+5.00 s) -> Process (0) -> (+0 ms) -> Process (0) -> (+0 ms) -> Process (0) -> (+41996.1 min) -> Process (0) -> (+5.00 s) -> Process (0) -> (+5.00 s) -> Process (0) -> (+5.00 s) -> Process (0) -> (+5.00 s) -> Process (0) -> (+5.00 s) -> Process (0)
SEQ_PRO_0210,Processed_Linux_dataset,12,2019-05-01T19:45:58Z,2019-05-01T19:46:53Z,55.0,TND_PRO_003007,TND_PRO_003018,Process (0) -> (+5.00 s) -> Process (0) -> (+5.00 s) -> Process (0) -> (+5.00 s) -> Process (0) -> (+5.00 s) -> Process (0) -> (+5.00 s) -> Process (0) -> (+5.00 s) -> Process (0) -> (+5.00 s) -> Process (0) -> (+5.00 s) -> Process (0) -> (+5.00 s) -> Process (0) -> (+5.00 s) -> Process (0) -> (+5.00 s) -> Process (0)
SEQ_PRO_0211,Processed_Linux_dataset,12,2019-05-01T19:46:58Z,2019-05-01T19:47:53Z,55.0,TND_PRO_003019,TND_PRO_003030,Process (0) -> (+5.00 s) -> Process (0) -> (+5.00 s) -> Process (0) -> (+5.00 s) -> Process (0) -> (+5.00 s) -> Process (0) -> (+5.00 s) -> Process (0) -> (+5.00 s) -> Process (0) -> (+5.00 s) -> Process (0) -> (+5.00 s) -> Process (0) -> (+5.00 s) -> Process (0) -> (+5.00 s) -> Process (0) -> (+5.00 s) -> Process (0)
SEQ_PRO_0212,Processed_Linux_dataset,12,2019-05-01T19:47:58Z,2019-05-01T19:48:53Z,55.0,TND_PRO_003031,TND_PRO_003042,Process (0) -> (+5.00 s) -> Process (0) -> (+5.00 s) -> Process (0) -> (+5.00 s) -> Process (0) -> (+5.00 s) -> Process (0) -> (+5.00 s) -> Process (0) -> (+5.00 s) -> Process (0) -> (+5.00 s) -> Process (0) -> (+5.00 s) -> Process (0) -> (+5.00 s) -> Process (0) -> (+5.00 s) -> Process (0) -> (+5.00 s) -> Process (0)
SEQ_PRO_0213,Processed_Linux_dataset,12,2019-05-01T19:48:58Z,2019-05-01T19:49:53Z,55.0,TND_PRO_003043,TND_PRO_003054,Process (0) -> (+5.00 s) -> Process (0) -> (+5.00 s) -> Process (0) -> (+5.00 s) -> Process (0) -> (+5.00 s) -> Process (0) -> (+5.00 s) -> Process (0) -> (+5.00 s) -> Process (0) -> (+5.00 s) -> Process (0) -> (+5.00 s) -> Process (0) -> (+5.00 s) -> Process (0) -> (+5.00 s) -> Process (0) -> (+5.00 s) -> Process (0)
SEQ_PRO_0214,Processed_Linux_dataset,12,2019-05-01T19:49:58Z,2019-05-01T19:50:53Z,55.0,TND_PRO_003055,TND_PRO_003066,Process (0) -> (+5.00 s) -> Process (0) -> (+5.00 s) -> Process (0) -> (+5.00 s) -> Process (0) -> (+5.00 s) -> Process (0) -> (+5.00 s) -> Process (0) -> (+5.00 s) -> Process (0) -> (+5.00 s) -> Process (0) -> (+5.00 s) -> Process (0) -> (+5.00 s) -> Process (0) -> (+5.00 s) -> Process (0) -> (+5.00 s) -> Process (0)
SEQ_PRO_0215,Processed_Linux_dataset,12,2019-05-01T19:50:58Z,2019-05-01T19:51:53Z,55.0,TND_PRO_003067,TND_PRO_003078,Process (0) -> (+5.00 s) -> Process (0) -> (+5.00 s) -> Process (0) -> (+5.00 s) -> Process (0) -> (+5.00 s) -> Process (0) -> (+5.00 s) -> Process (0) -> (+5.00 s) -> Process (0) -> (+5.00 s) -> Process (0) -> (+5.00 s) -> Process (0) -> (+5.00 s) -> Process (0) -> (+5.00 s) -> Process (0) -> (+5.00 s) -> Process (0)
SEQ_PRO_0216,Processed_Linux_dataset,12,2019-05-01T19:51:58Z,2019-05-01T19:52:53Z,55.0,TND_PRO_003079,TND_PRO_003090,Process (0) -> (+5.00 s) -> Process (0) -> (+5.00 s) -> Process (0) -> (+5.00 s) -> Process (0) -> (+5.00 s) -> Process (0) -> (+5.00 s) -> Process (0) -> (+5.00 s) -> Process (0) -> (+5.00 s) -> Process (0) -> (+5.00 s) -> Process (0) -> (+5.00 s) -> Process (0) -> (+5.00 s) -> Process (0) -> (+5.00 s) -> Process (0)
SEQ_PRO_0217,Processed_Linux_dataset,12,2019-05-01T19:52:58Z,2019-05-01T19:53:53Z,55.0,TND_PRO_003091,TND_PRO_003102,Process (0) -> (+5.00 s) -> Process (0) -> (+5.00 s) -> Process (0) -> (+5.00 s) -> Process (0) -> (+5.00 s) -> Process (0) -> (+5.00 s) -> Process (0) -> (+5.00 s) -> Process (0) -> (+5.00 s) -> Process (0) -> (+5.00 s) -> Process (0) -> (+5.00 s) -> Process (0) -> (+5.00 s) -> Process (0) -> (+5.00 s) -> Process (0)
SEQ_PRO_0218,Processed_Linux_dataset,12,2019-05-01T19:53:58Z,2019-05-01T19:54:53Z,55.0,TND_PRO_003103,TND_PRO_003114,Process (0) -> (+5.00 s) -> Process (0) -> (+5.00 s) -> Process (0) -> (+5.00 s) -> Process (0) -> (+5.00 s) -> Process (0) -> (+5.00 s) -> Process (0) -> (+5.00 s) -> Process (0) -> (+5.00 s) -> Process (0) -> (+5.00 s) -> Process (0) -> (+5.00 s) -> Process (0) -> (+5.00 s) -> Process (0) -> (+5.00 s) -> Process (0)
SEQ_PRO_0219,Processed_Linux_dataset,12,2019-05-01T19:54:58Z,2019-05-01T19:55:53Z,55.0,TND_PRO_003115,TND_PRO_003126,Process (0) -> (+5.00 s) -> Process (0) -> (+5.00 s) -> Process (0) -> (+5.00 s) -> Process (0) -> (+5.00 s) -> Process (0) -> (+5.00 s) -> Process (0) -> (+5.00 s) -> Process (0) -> (+5.00 s) -> Process (0) -> (+5.00 s) -> Process (0) -> (+5.00 s) -> Process (0) -> (+5.00 s) -> Process (0) -> (+5.00 s) -> Process (0)
SEQ_PRO_0220,Processed_Linux_dataset,12,2019-05-01T19:55:58Z,2019-05-01T19:56:53Z,55.0,TND_PRO_003127,TND_PRO_003138,Process (0) -> (+5.00 s) -> Process (0) -> (+5.00 s) -> Process (0) -> (+5.00 s) -> Process (0) -> (+5.00 s) -> Process (0) -> (+5.00 s) -> Process (0) -> (+5.00 s) -> Process (0) -> (+5.00 s) -> Process (0) -> (+5.00 s) -> Process (0) -> (+5.00 s) -> Process (0) -> (+5.00 s) -> Process (0) -> (+5.00 s) -> Process (0)
SEQ_PRO_0221,Processed_Linux_dataset,12,2019-05-01T19:56:58Z,2019-05-01T19:57:53Z,55.0,TND_PRO_003139,TND_PRO_003150,Process (0) -> (+5.00 s) -> Process (0) -> (+5.00 s) -> Process (0) -> (+5.00 s) -> Process (0) -> (+5.00 s) -> Process (0) -> (+5.00 s) -> Process (0) -> (+5.00 s) -> Process (0) -> (+5.00 s) -> Process (0) -> (+5.00 s) -> Process (0) -> (+5.00 s) -> Process (0) -> (+5.00 s) -> Process (0) -> (+5.00 s) -> Process (0)
SEQ_PRO_0222,Processed_Linux_dataset,12,2019-05-01T19:57:58Z,2019-05-01T19:58:53Z,55.0,TND_PRO_003151,TND_PRO_003162,Process (0) -> (+5.00 s) -> Process (0) -> (+5.00 s) -> Process (0) -> (+5.00 s) -> Process (0) -> (+5.00 s) -> Process (0) -> (+5.00 s) -> Process (0) -> (+5.00 s) -> Process (0) -> (+5.00 s) -> Process (0) -> (+5.00 s) -> Process (0) -> (+5.00 s) -> Process (0) -> (+5.00 s) -> Process (0) -> (+5.00 s) -> Process (0)
SEQ_PRO_0223,Processed_Linux_dataset,12,2019-05-01T19:58:58Z,2019-05-01T19:59:53Z,55.0,TND_PRO_003163,TND_PRO_003174,Process (0) -> (+5.00 s) -> Process (0) -> (+5.00 s) -> Process (0) -> (+5.00 s) -> Process (0) -> (+5.00 s) -> Process (0) -> (+5.00 s) -> Process (0) -> (+5.00 s) -> Process (0) -> (+5.00 s) -> Process (0) -> (+5.00 s) -> Process (0) -> (+5.00 s) -> Process (0) -> (+5.00 s) -> Process (0) -> (+5.00 s) -> Process (0)
SEQ_PRO_0224,Processed_Linux_dataset,12,2019-05-01T19:59:58Z,2019-05-01T20:00:53Z,55.0,TND_PRO_003175,TND_PRO_003186,Process (0) -> (+5.00 s) -> Process (0) -> (+5.00 s) -> Process (0) -> (+5.00 s) -> Process (0) -> (+5.00 s) -> Process (0) -> (+5.00 s) -> Process (0) -> (+5.00 s) -> Process (0) -> (+5.00 s) -> Process (0) -> (+5.00 s) -> Process (0) -> (+5.00 s) -> Process (0) -> (+5.00 s) -> Process (0) -> (+5.00 s) -> Process (0)
SEQ_PRO_0225,Processed_Linux_dataset,12,2019-05-01T20:00:58Z,2019-05-01T20:01:53Z,55.0,TND_PRO_003187,TND_PRO_003198,Process (0) -> (+5.00 s) -> Process (0) -> (+5.00 s) -> Process (0) -> (+5.00 s) -> Process (0) -> (+5.00 s) -> Process (0) -> (+5.00 s) -> Process (0) -> (+5.00 s) -> Process (0) -> (+5.00 s) -> Process (0) -> (+5.00 s) -> Process (0) -> (+5.00 s) -> Process (0) -> (+5.00 s) -> Process (0) -> (+5.00 s) -> Process (0)
SEQ_PRO_0226,Processed_Linux_dataset,12,2019-05-01T20:01:58Z,2019-05-01T20:02:53Z,55.0,TND_PRO_003199,TND_PRO_003210,Process (0) -> (+5.00 s) -> Process (0) -> (+5.00 s) -> Process (0) -> (+5.00 s) -> Process (0) -> (+5.00 s) -> Process (0) -> (+5.00 s) -> Process (0) -> (+5.00 s) -> Process (0) -> (+5.00 s) -> Process (0) -> (+5.00 s) -> Process (0) -> (+5.00 s) -> Process (0) -> (+5.00 s) -> Process (0) -> (+5.00 s) -> Process (0)
SEQ_PRO_0227,Processed_Linux_dataset,12,2019-05-01T20:02:58Z,2019-05-01T20:03:53Z,55.0,TND_PRO_003211,TND_PRO_003222,Process (0) -> (+5.00 s) -> Process (0) -> (+5.00 s) -> Process (0) -> (+5.00 s) -> Process (0) -> (+5.00 s) -> Process (0) -> (+5.00 s) -> Process (0) -> (+5.00 s) -> Process (0) -> (+5.00 s) -> Process (0) -> (+5.00 s) -> Process (0) -> (+5.00 s) -> Process (0) -> (+5.00 s) -> Process (0) -> (+5.00 s) -> Process (0)
SEQ_PRO_0228,Processed_Linux_dataset,12,2019-05-01T20:03:58Z,2019-05-01T20:04:53Z,55.0,TND_PRO_003223,TND_PRO_003234,Process (0) -> (+5.00 s) -> Process (0) -> (+5.00 s) -> Process (0) -> (+5.00 s) -> Process (0) -> (+5.00 s) -> Process (0) -> (+5.00 s) -> Process (0) -> (+5.00 s) -> Process (0) -> (+5.00 s) -> Process (0) -> (+5.00 s) -> Process (0) -> (+5.00 s) -> Process (0) -> (+5.00 s) -> Process (0) -> (+5.00 s) -> Process (0)
SEQ_PRO_0229,Processed_Linux_dataset,12,2019-05-01T20:04:58Z,2019-05-01T20:05:53Z,55.0,TND_PRO_003235,TND_PRO_003246,Process (0) -> (+5.00 s) -> Process (0) -> (+5.00 s) -> Process (0) -> (+5.00 s) -> Process (0) -> (+5.00 s) -> Process (0) -> (+5.00 s) -> Process (0) -> (+5.00 s) -> Process (0) -> (+5.00 s) -> Process (0) -> (+5.00 s) -> Process (0) -> (+5.00 s) -> Process (0) -> (+5.00 s) -> Process (0) -> (+5.00 s) -> Process (0)
SEQ_PRO_0230,Processed_Linux_dataset,12,2019-05-01T20:05:58Z,2019-05-01T20:44:43Z,2325.0,TND_PRO_003247,TND_PRO_002508,Process (0) -> (+5.00 s) -> Process (0) -> (+5.00 s) -> Process (0) -> (+5.00 s) -> Process (0) -> (+37.9 min) -> Process (0) -> (+5.00 s) -> Process (0) -> (+5.00 s) -> Process (0) -> (+5.00 s) -> Process (0) -> (+5.00 s) -> Process (0) -> (+5.00 s) -> Process (0) -> (+5.00 s) -> Process (0) -> (+5.00 s) -> Process (0)
SEQ_PRO_0231,Processed_Linux_dataset,12,2019-05-01T20:44:48Z,2019-05-01T20:45:43Z,55.0,TND_PRO_002509,TND_PRO_002520,Process (0) -> (+5.00 s) -> Process (0) -> (+5.00 s) -> Process (0) -> (+5.00 s) -> Process (0) -> (+5.00 s) -> Process (0) -> (+5.00 s) -> Process (0) -> (+5.00 s) -> Process (0) -> (+5.00 s) -> Process (0) -> (+5.00 s) -> Process (0) -> (+5.00 s) -> Process (0) -> (+5.00 s) -> Process (0) -> (+5.00 s) -> Process (0)
SEQ_PRO_0232,Processed_Linux_dataset,12,2019-05-01T20:45:48Z,2019-05-01T20:46:43Z,55.0,TND_PRO_002521,TND_PRO_002532,Process (0) -> (+5.00 s) -> Process (0) -> (+5.00 s) -> Process (0) -> (+5.00 s) -> Process (0) -> (+5.00 s) -> Process (0) -> (+5.00 s) -> Process (0) -> (+5.00 s) -> Process (0) -> (+5.00 s) -> Process (0) -> (+5.00 s) -> Process (0) -> (+5.00 s) -> Process (0) -> (+5.00 s) -> Process (0) -> (+5.00 s) -> Process (0)
SEQ_PRO_0233,Processed_Linux_dataset,12,2019-05-01T20:46:48Z,2019-05-01T20:47:43Z,55.0,TND_PRO_002533,TND_PRO_002544,Process (0) -> (+5.00 s) -> Process (0) -> (+5.00 s) -> Process (0) -> (+5.00 s) -> Process (0) -> (+5.00 s) -> Process (0) -> (+5.00 s) -> Process (0) -> (+5.00 s) -> Process (0) -> (+5.00 s) -> Process (0) -> (+5.00 s) -> Process (0) -> (+5.00 s) -> Process (0) -> (+5.00 s) -> Process (0) -> (+5.00 s) -> Process (0)
SEQ_PRO_0234,Processed_Linux_dataset,12,2019-05-01T20:47:48Z,2019-05-01T20:48:43Z,55.0,TND_PRO_002545,TND_PRO_002556,Process (0) -> (+5.00 s) -> Process (0) -> (+5.00 s) -> Process (0) -> (+5.00 s) -> Process (0) -> (+5.00 s) -> Process (0) -> (+5.00 s) -> Process (0) -> (+5.00 s) -> Process (0) -> (+5.00 s) -> Process (0) -> (+5.00 s) -> Process (0) -> (+5.00 s) -> Process (0) -> (+5.00 s) -> Process (0) -> (+5.00 s) -> Process (0)
SEQ_PRO_0235,Processed_Linux_dataset,12,2019-05-01T20:48:48Z,2019-05-01T20:49:43Z,55.0,TND_PRO_002557,TND_PRO_002568,Process (0) -> (+5.00 s) -> Process (0) -> (+5.00 s) -> Process (0) -> (+5.00 s) -> Process (0) -> (+5.00 s) -> Process (0) -> (+5.00 s) -> Process (0) -> (+5.00 s) -> Process (0) -> (+5.00 s) -> Process (0) -> (+5.00 s) -> Process (0) -> (+5.00 s) -> Process (0) -> (+5.00 s) -> Process (0) -> (+5.00 s) -> Process (0)
SEQ_PRO_0236,Processed_Linux_dataset,12,2019-05-01T20:49:48Z,2019-05-01T20:50:43Z,55.0,TND_PRO_002569,TND_PRO_002580,Process (0) -> (+5.00 s) -> Process (0) -> (+5.00 s) -> Process (0) -> (+5.00 s) -> Process (0) -> (+5.00 s) -> Process (0) -> (+5.00 s) -> Process (0) -> (+5.00 s) -> Process (0) -> (+5.00 s) -> Process (0) -> (+5.00 s) -> Process (0) -> (+5.00 s) -> Process (0) -> (+5.00 s) -> Process (0) -> (+5.00 s) -> Process (0)
SEQ_PRO_0237,Processed_Linux_dataset,12,2019-05-01T20:50:48Z,2019-05-01T20:51:43Z,55.0,TND_PRO_002581,TND_PRO_002592,Process (0) -> (+5.00 s) -> Process (0) -> (+5.00 s) -> Process (0) -> (+5.00 s) -> Process (0) -> (+5.00 s) -> Process (0) -> (+5.00 s) -> Process (0) -> (+5.00 s) -> Process (0) -> (+5.00 s) -> Process (0) -> (+5.00 s) -> Process (0) -> (+5.00 s) -> Process (0) -> (+5.00 s) -> Process (0) -> (+5.00 s) -> Process (0)
SEQ_PRO_0238,Processed_Linux_dataset,12,2019-05-01T20:51:48Z,2019-05-01T20:52:43Z,55.0,TND_PRO_002593,TND_PRO_002604,Process (0) -> (+5.00 s) -> Process (0) -> (+5.00 s) -> Process (0) -> (+5.00 s) -> Process (0) -> (+5.00 s) -> Process (0) -> (+5.00 s) -> Process (0) -> (+5.00 s) -> Process (0) -> (+5.00 s) -> Process (0) -> (+5.00 s) -> Process (0) -> (+5.00 s) -> Process (0) -> (+5.00 s) -> Process (0) -> (+5.00 s) -> Process (0)
SEQ_PRO_0239,Processed_Linux_dataset,12,2019-05-01T20:52:48Z,2019-05-01T20:53:43Z,55.0,TND_PRO_002605,TND_PRO_002616,Process (0) -> (+5.00 s) -> Process (0) -> (+5.00 s) -> Process (0) -> (+5.00 s) -> Process (0) -> (+5.00 s) -> Process (0) -> (+5.00 s) -> Process (0) -> (+5.00 s) -> Process (0) -> (+5.00 s) -> Process (0) -> (+5.00 s) -> Process (0) -> (+5.00 s) -> Process (0) -> (+5.00 s) -> Process (0) -> (+5.00 s) -> Process (0)
SEQ_PRO_0240,Processed_Linux_dataset,12,2019-05-01T20:53:48Z,2019-05-01T20:54:43Z,55.0,TND_PRO_002617,TND_PRO_002628,Process (0) -> (+5.00 s) -> Process (0) -> (+5.00 s) -> Process (0) -> (+5.00 s) -> Process (0) -> (+5.00 s) -> Process (0) -> (+5.00 s) -> Process (0) -> (+5.00 s) -> Process (0) -> (+5.00 s) -> Process (0) -> (+5.00 s) -> Process (0) -> (+5.00 s) -> Process (0) -> (+5.00 s) -> Process (0) -> (+5.00 s) -> Process (0)
SEQ_PRO_0241,Processed_Linux_dataset,12,2019-05-01T20:54:48Z,2019-05-01T20:55:43Z,55.0,TND_PRO_002629,TND_PRO_002640,Process (0) -> (+5.00 s) -> Process (0) -> (+5.00 s) -> Process (0) -> (+5.00 s) -> Process (0) -> (+5.00 s) -> Process (0) -> (+5.00 s) -> Process (0) -> (+5.00 s) -> Process (0) -> (+5.00 s) -> Process (0) -> (+5.00 s) -> Process (0) -> (+5.00 s) -> Process (0) -> (+5.00 s) -> Process (0) -> (+5.00 s) -> Process (0)
SEQ_PRO_0242,Processed_Linux_dataset,12,2019-05-01T20:55:48Z,2019-05-01T20:56:43Z,55.0,TND_PRO_002641,TND_PRO_002652,Process (0) -> (+5.00 s) -> Process (0) -> (+5.00 s) -> Process (0) -> (+5.00 s) -> Process (0) -> (+5.00 s) -> Process (0) -> (+5.00 s) -> Process (0) -> (+5.00 s) -> Process (0) -> (+5.00 s) -> Process (0) -> (+5.00 s) -> Process (0) -> (+5.00 s) -> Process (0) -> (+5.00 s) -> Process (0) -> (+5.00 s) -> Process (0)
SEQ_PRO_0243,Processed_Linux_dataset,12,2019-05-01T20:56:48Z,2019-05-01T20:57:43Z,55.0,TND_PRO_002653,TND_PRO_002664,Process (0) -> (+5.00 s) -> Process (0) -> (+5.00 s) -> Process (0) -> (+5.00 s) -> Process (0) -> (+5.00 s) -> Process (0) -> (+5.00 s) -> Process (0) -> (+5.00 s) -> Process (0) -> (+5.00 s) -> Process (0) -> (+5.00 s) -> Process (0) -> (+5.00 s) -> Process (0) -> (+5.00 s) -> Process (0) -> (+5.00 s) -> Process (0)
SEQ_PRO_0244,Processed_Linux_dataset,12,2019-05-01T20:57:48Z,2019-05-01T20:58:43Z,55.0,TND_PRO_002665,TND_PRO_002676,Process (0) -> (+5.00 s) -> Process (0) -> (+5.00 s) -> Process (0) -> (+5.00 s) -> Process (0) -> (+5.00 s) -> Process (0) -> (+5.00 s) -> Process (0) -> (+5.00 s) -> Process (0) -> (+5.00 s) -> Process (0) -> (+5.00 s) -> Process (0) -> (+5.00 s) -> Process (0) -> (+5.00 s) -> Process (0) -> (+5.00 s) -> Process (0)
SEQ_PRO_0245,Processed_Linux_dataset,12,2019-05-01T20:58:48Z,2019-05-01T20:59:43Z,55.0,TND_PRO_002677,TND_PRO_002688,Process (0) -> (+5.00 s) -> Process (0) -> (+5.00 s) -> Process (0) -> (+5.00 s) -> Process (0) -> (+5.00 s) -> Process (0) -> (+5.00 s) -> Process (0) -> (+5.00 s) -> Process (0) -> (+5.00 s) -> Process (0) -> (+5.00 s) -> Process (0) -> (+5.00 s) -> Process (0) -> (+5.00 s) -> Process (0) -> (+5.00 s) -> Process (0)
SEQ_PRO_0246,Processed_Linux_dataset,12,2019-05-01T20:59:48Z,2019-05-01T21:00:43Z,55.0,TND_PRO_002689,TND_PRO_002700,Process (0) -> (+5.00 s) -> Process (0) -> (+5.00 s) -> Process (0) -> (+5.00 s) -> Process (0) -> (+5.00 s) -> Process (0) -> (+5.00 s) -> Process (0) -> (+5.00 s) -> Process (0) -> (+5.00 s) -> Process (0) -> (+5.00 s) -> Process (0) -> (+5.00 s) -> Process (0) -> (+5.00 s) -> Process (0) -> (+5.00 s) -> Process (0)
SEQ_PRO_0247,Processed_Linux_dataset,12,2019-05-01T21:00:48Z,2019-05-01T21:01:43Z,55.0,TND_PRO_002701,TND_PRO_002712,Process (0) -> (+5.00 s) -> Process (0) -> (+5.00 s) -> Process (0) -> (+5.00 s) -> Process (0) -> (+5.00 s) -> Process (0) -> (+5.00 s) -> Process (0) -> (+5.00 s) -> Process (0) -> (+5.00 s) -> Process (0) -> (+5.00 s) -> Process (0) -> (+5.00 s) -> Process (0) -> (+5.00 s) -> Process (0) -> (+5.00 s) -> Process (0)
SEQ_PRO_0248,Processed_Linux_dataset,12,2019-05-01T21:01:48Z,2019-05-01T21:02:43Z,55.0,TND_PRO_002713,TND_PRO_002724,Process (0) -> (+5.00 s) -> Process (0) -> (+5.00 s) -> Process (0) -> (+5.00 s) -> Process (0) -> (+5.00 s) -> Process (0) -> (+5.00 s) -> Process (0) -> (+5.00 s) -> Process (0) -> (+5.00 s) -> Process (0) -> (+5.00 s) -> Process (0) -> (+5.00 s) -> Process (0) -> (+5.00 s) -> Process (0) -> (+5.00 s) -> Process (0)
SEQ_PRO_0249,Processed_Linux_dataset,12,2019-05-01T21:02:48Z,2019-05-01T21:03:43Z,55.0,TND_PRO_002725,TND_PRO_002736,Process (0) -> (+5.00 s) -> Process (0) -> (+5.00 s) -> Process (0) -> (+5.00 s) -> Process (0) -> (+5.00 s) -> Process (0) -> (+5.00 s) -> Process (0) -> (+5.00 s) -> Process (0) -> (+5.00 s) -> Process (0) -> (+5.00 s) -> Process (0) -> (+5.00 s) -> Process (0) -> (+5.00 s) -> Process (0) -> (+5.00 s) -> Process (0)
SEQ_PRO_0250,Processed_Linux_dataset,12,2019-05-01T21:03:48Z,2019-05-01T21:04:43Z,55.0,TND_PRO_002737,TND_PRO_002748,Process (0) -> (+5.00 s) -> Process (0) -> (+5.00 s) -> Process (0) -> (+5.00 s) -> Process (0) -> (+5.00 s) -> Process (0) -> (+5.00 s) -> Process (0) -> (+5.00 s) -> Process (0) -> (+5.00 s) -> Process (0) -> (+5.00 s) -> Process (0) -> (+5.00 s) -> Process (0) -> (+5.00 s) -> Process (0) -> (+5.00 s) -> Process (0)
SEQ_PRO_0251,Processed_Linux_dataset,12,2019-05-01T21:04:48Z,2019-05-02T10:47:58Z,49390.0,TND_PRO_002749,TND_PRO_002010,Process (0) -> (+5.00 s) -> Process (0) -> (+822.3 min) -> Process (0) -> (+5.00 s) -> Process (0) -> (+5.00 s) -> Process (0) -> (+5.00 s) -> Process (0) -> (+5.00 s) -> Process (0) -> (+5.00 s) -> Process (0) -> (+5.00 s) -> Process (0) -> (+5.00 s) -> Process (0) -> (+5.00 s) -> Process (0) -> (+5.00 s) -> Process (0)
SEQ_PRO_0252,Processed_Linux_dataset,12,2019-05-02T10:48:03Z,2019-05-02T10:48:58Z,55.0,TND_PRO_002011,TND_PRO_002022,Process (0) -> (+5.00 s) -> Process (0) -> (+5.00 s) -> Process (0) -> (+5.00 s) -> Process (0) -> (+5.00 s) -> Process (0) -> (+5.00 s) -> Process (0) -> (+5.00 s) -> Process (0) -> (+5.00 s) -> Process (0) -> (+5.00 s) -> Process (0) -> (+5.00 s) -> Process (0) -> (+5.00 s) -> Process (0) -> (+5.00 s) -> Process (0)
SEQ_PRO_0253,Processed_Linux_dataset,12,2019-05-02T10:49:03Z,2019-05-02T10:49:58Z,55.0,TND_PRO_002023,TND_PRO_002034,Process (0) -> (+5.00 s) -> Process (0) -> (+5.00 s) -> Process (0) -> (+5.00 s) -> Process (0) -> (+5.00 s) -> Process (0) -> (+5.00 s) -> Process (0) -> (+5.00 s) -> Process (0) -> (+5.00 s) -> Process (0) -> (+5.00 s) -> Process (0) -> (+5.00 s) -> Process (0) -> (+5.00 s) -> Process (0) -> (+5.00 s) -> Process (0)
SEQ_PRO_0254,Processed_Linux_dataset,12,2019-05-02T10:50:03Z,2019-05-02T10:50:58Z,55.0,TND_PRO_002035,TND_PRO_002046,Process (0) -> (+5.00 s) -> Process (0) -> (+5.00 s) -> Process (0) -> (+5.00 s) -> Process (0) -> (+5.00 s) -> Process (0) -> (+5.00 s) -> Process (0) -> (+5.00 s) -> Process (0) -> (+5.00 s) -> Process (0) -> (+5.00 s) -> Process (0) -> (+5.00 s) -> Process (0) -> (+5.00 s) -> Process (0) -> (+5.00 s) -> Process (0)
SEQ_PRO_0255,Processed_Linux_dataset,12,2019-05-02T10:51:03Z,2019-05-02T10:51:58Z,55.0,TND_PRO_002047,TND_PRO_002058,Process (0) -> (+5.00 s) -> Process (0) -> (+5.00 s) -> Process (0) -> (+5.00 s) -> Process (0) -> (+5.00 s) -> Process (0) -> (+5.00 s) -> Process (0) -> (+5.00 s) -> Process (0) -> (+5.00 s) -> Process (0) -> (+5.00 s) -> Process (0) -> (+5.00 s) -> Process (0) -> (+5.00 s) -> Process (0) -> (+5.00 s) -> Process (0)
SEQ_PRO_0256,Processed_Linux_dataset,12,2019-05-02T10:52:03Z,2019-05-02T10:52:58Z,55.0,TND_PRO_002059,TND_PRO_002070,Process (0) -> (+5.00 s) -> Process (0) -> (+5.00 s) -> Process (0) -> (+5.00 s) -> Process (0) -> (+5.00 s) -> Process (0) -> (+5.00 s) -> Process (0) -> (+5.00 s) -> Process (0) -> (+5.00 s) -> Process (0) -> (+5.00 s) -> Process (0) -> (+5.00 s) -> Process (0) -> (+5.00 s) -> Process (0) -> (+5.00 s) -> Process (0)
SEQ_PRO_0257,Processed_Linux_dataset,12,2019-05-02T10:53:03Z,2019-05-02T10:53:58Z,55.0,TND_PRO_002071,TND_PRO_002082,Process (0) -> (+5.00 s) -> Process (0) -> (+5.00 s) -> Process (0) -> (+5.00 s) -> Process (0) -> (+5.00 s) -> Process (0) -> (+5.00 s) -> Process (0) -> (+5.00 s) -> Process (0) -> (+5.00 s) -> Process (0) -> (+5.00 s) -> Process (0) -> (+5.00 s) -> Process (0) -> (+5.00 s) -> Process (0) -> (+5.00 s) -> Process (0)
SEQ_PRO_0258,Processed_Linux_dataset,12,2019-05-02T10:54:03Z,2019-05-02T10:54:58Z,55.0,TND_PRO_002083,TND_PRO_002094,Process (0) -> (+5.00 s) -> Process (0) -> (+5.00 s) -> Process (0) -> (+5.00 s) -> Process (0) -> (+5.00 s) -> Process (0) -> (+5.00 s) -> Process (0) -> (+5.00 s) -> Process (0) -> (+5.00 s) -> Process (0) -> (+5.00 s) -> Process (0) -> (+5.00 s) -> Process (0) -> (+5.00 s) -> Process (0) -> (+5.00 s) -> Process (0)
SEQ_PRO_0259,Processed_Linux_dataset,12,2019-05-02T10:55:03Z,2019-05-02T10:55:58Z,55.0,TND_PRO_002095,TND_PRO_002106,Process (0) -> (+5.00 s) -> Process (0) -> (+5.00 s) -> Process (0) -> (+5.00 s) -> Process (0) -> (+5.00 s) -> Process (0) -> (+5.00 s) -> Process (0) -> (+5.00 s) -> Process (0) -> (+5.00 s) -> Process (0) -> (+5.00 s) -> Process (0) -> (+5.00 s) -> Process (0) -> (+5.00 s) -> Process (0) -> (+5.00 s) -> Process (0)
SEQ_PRO_0260,Processed_Linux_dataset,12,2019-05-02T10:56:03Z,2019-05-02T10:56:58Z,55.0,TND_PRO_002107,TND_PRO_002118,Process (0) -> (+5.00 s) -> Process (0) -> (+5.00 s) -> Process (0) -> (+5.00 s) -> Process (0) -> (+5.00 s) -> Process (0) -> (+5.00 s) -> Process (0) -> (+5.00 s) -> Process (0) -> (+5.00 s) -> Process (0) -> (+5.00 s) -> Process (0) -> (+5.00 s) -> Process (0) -> (+5.00 s) -> Process (0) -> (+5.00 s) -> Process (0)
SEQ_PRO_0261,Processed_Linux_dataset,12,2019-05-02T10:57:03Z,2019-05-02T10:57:58Z,55.0,TND_PRO_002119,TND_PRO_002130,Process (0) -> (+5.00 s) -> Process (0) -> (+5.00 s) -> Process (0) -> (+5.00 s) -> Process (0) -> (+5.00 s) -> Process (0) -> (+5.00 s) -> Process (0) -> (+5.00 s) -> Process (0) -> (+5.00 s) -> Process (0) -> (+5.00 s) -> Process (0) -> (+5.00 s) -> Process (0) -> (+5.00 s) -> Process (0) -> (+5.00 s) -> Process (0)
SEQ_PRO_0262,Processed_Linux_dataset,12,2019-05-02T10:58:03Z,2019-05-02T10:58:58Z,55.0,TND_PRO_002131,TND_PRO_002142,Process (0) -> (+5.00 s) -> Process (0) -> (+5.00 s) -> Process (0) -> (+5.00 s) -> Process (0) -> (+5.00 s) -> Process (0) -> (+5.00 s) -> Process (0) -> (+5.00 s) -> Process (0) -> (+5.00 s) -> Process (0) -> (+5.00 s) -> Process (0) -> (+5.00 s) -> Process (0) -> (+5.00 s) -> Process (0) -> (+5.00 s) -> Process (0)
SEQ_PRO_0263,Processed_Linux_dataset,12,2019-05-02T10:59:03Z,2019-05-02T10:59:58Z,55.0,TND_PRO_002143,TND_PRO_002154,Process (0) -> (+5.00 s) -> Process (0) -> (+5.00 s) -> Process (0) -> (+5.00 s) -> Process (0) -> (+5.00 s) -> Process (0) -> (+5.00 s) -> Process (0) -> (+5.00 s) -> Process (0) -> (+5.00 s) -> Process (0) -> (+5.00 s) -> Process (0) -> (+5.00 s) -> Process (0) -> (+5.00 s) -> Process (0) -> (+5.00 s) -> Process (0)
SEQ_PRO_0264,Processed_Linux_dataset,12,2019-05-02T11:00:03Z,2019-05-02T11:00:58Z,55.0,TND_PRO_002155,TND_PRO_002166,Process (0) -> (+5.00 s) -> Process (0) -> (+5.00 s) -> Process (0) -> (+5.00 s) -> Process (0) -> (+5.00 s) -> Process (0) -> (+5.00 s) -> Process (0) -> (+5.00 s) -> Process (0) -> (+5.00 s) -> Process (0) -> (+5.00 s) -> Process (0) -> (+5.00 s) -> Process (0) -> (+5.00 s) -> Process (0) -> (+5.00 s) -> Process (0)
SEQ_PRO_0265,Processed_Linux_dataset,12,2019-05-02T11:01:03Z,2019-05-02T11:01:58Z,55.0,TND_PRO_002167,TND_PRO_002178,Process (0) -> (+5.00 s) -> Process (0) -> (+5.00 s) -> Process (0) -> (+5.00 s) -> Process (0) -> (+5.00 s) -> Process (0) -> (+5.00 s) -> Process (0) -> (+5.00 s) -> Process (0) -> (+5.00 s) -> Process (0) -> (+5.00 s) -> Process (0) -> (+5.00 s) -> Process (0) -> (+5.00 s) -> Process (0) -> (+5.00 s) -> Process (0)
SEQ_PRO_0266,Processed_Linux_dataset,12,2019-05-02T11:02:03Z,2019-05-02T11:02:58Z,55.0,TND_PRO_002179,TND_PRO_002190,Process (0) -> (+5.00 s) -> Process (0) -> (+5.00 s) -> Process (0) -> (+5.00 s) -> Process (0) -> (+5.00 s) -> Process (0) -> (+5.00 s) -> Process (0) -> (+5.00 s) -> Process (0) -> (+5.00 s) -> Process (0) -> (+5.00 s) -> Process (0) -> (+5.00 s) -> Process (0) -> (+5.00 s) -> Process (0) -> (+5.00 s) -> Process (0)
SEQ_PRO_0267,Processed_Linux_dataset,12,2019-05-02T11:03:03Z,2019-05-02T11:03:58Z,55.0,TND_PRO_002191,TND_PRO_002202,Process (0) -> (+5.00 s) -> Process (0) -> (+5.00 s) -> Process (0) -> (+5.00 s) -> Process (0) -> (+5.00 s) -> Process (0) -> (+5.00 s) -> Process (0) -> (+5.00 s) -> Process (0) -> (+5.00 s) -> Process (0) -> (+5.00 s) -> Process (0) -> (+5.00 s) -> Process (0) -> (+5.00 s) -> Process (0) -> (+5.00 s) -> Process (0)
SEQ_PRO_0268,Processed_Linux_dataset,12,2019-05-02T11:04:03Z,2019-05-02T11:04:58Z,55.0,TND_PRO_002203,TND_PRO_002214,Process (0) -> (+5.00 s) -> Process (0) -> (+5.00 s) -> Process (0) -> (+5.00 s) -> Process (0) -> (+5.00 s) -> Process (0) -> (+5.00 s) -> Process (0) -> (+5.00 s) -> Process (0) -> (+5.00 s) -> Process (0) -> (+5.00 s) -> Process (0) -> (+5.00 s) -> Process (0) -> (+5.00 s) -> Process (0) -> (+5.00 s) -> Process (0)
SEQ_PRO_0269,Processed_Linux_dataset,12,2019-05-02T11:05:03Z,2019-05-02T11:05:58Z,55.0,TND_PRO_002215,TND_PRO_002226,Process (0) -> (+5.00 s) -> Process (0) -> (+5.00 s) -> Process (0) -> (+5.00 s) -> Process (0) -> (+5.00 s) -> Process (0) -> (+5.00 s) -> Process (0) -> (+5.00 s) -> Process (0) -> (+5.00 s) -> Process (0) -> (+5.00 s) -> Process (0) -> (+5.00 s) -> Process (0) -> (+5.00 s) -> Process (0) -> (+5.00 s) -> Process (0)
SEQ_PRO_0270,Processed_Linux_dataset,12,2019-05-02T11:06:03Z,2019-05-02T11:06:58Z,55.0,TND_PRO_002227,TND_PRO_002238,Process (0) -> (+5.00 s) -> Process (0) -> (+5.00 s) -> Process (0) -> (+5.00 s) -> Process (0) -> (+5.00 s) -> Process (0) -> (+5.00 s) -> Process (0) -> (+5.00 s) -> Process (0) -> (+5.00 s) -> Process (0) -> (+5.00 s) -> Process (0) -> (+5.00 s) -> Process (0) -> (+5.00 s) -> Process (0) -> (+5.00 s) -> Process (0)
SEQ_PRO_0271,Processed_Linux_dataset,12,2019-05-02T11:07:03Z,2019-05-02T11:07:58Z,55.0,TND_PRO_002239,TND_PRO_002250,Process (0) -> (+5.00 s) -> Process (0) -> (+5.00 s) -> Process (0) -> (+5.00 s) -> Process (0) -> (+5.00 s) -> Process (0) -> (+5.00 s) -> Process (0) -> (+5.00 s) -> Process (0) -> (+5.00 s) -> Process (0) -> (+5.00 s) -> Process (0) -> (+5.00 s) -> Process (0) -> (+5.00 s) -> Process (0) -> (+5.00 s) -> Process (0)
SEQ_PRO_0272,Processed_Network_dataset,12,2019-04-02T09:45:58Z,2019-04-02T09:46:14Z,16.0,TND_PRO_003251,TND_PRO_003263,Source IP (0) -> (+0 ms) -> Source IP (0) -> (+1.00 s) -> Source IP (0) -> (+0 ms) -> Source IP (0) -> (+3.00 s) -> Source IP (0) -> (+2.00 s) -> Source IP (0) -> (+0 ms) -> Source IP (0) -> (+0 ms) -> Source IP (0) -> (+5.00 s) -> Source IP (0) -> (+0 ms) -> Source IP (0) -> (+1.00 s) -> Source IP (0) -> (+4.00 s) -> Source IP (0)
SEQ_PRO_0273,Processed_Network_dataset,12,2019-04-02T09:46:14Z,2019-04-02T09:46:30Z,16.0,TND_PRO_003262,TND_PRO_003274,Source IP (0) -> (+2.00 s) -> Source IP (0) -> (+1.00 s) -> Source IP (0) -> (+2.00 s) -> Source IP (0) -> (+0 ms) -> Source IP (0) -> (+3.00 s) -> Source IP (0) -> (+2.00 s) -> Source IP (0) -> (+0 ms) -> Source IP (0) -> (+4.00 s) -> Source IP (0) -> (+1.00 s) -> Source IP (0) -> (+0 ms) -> Source IP (0) -> (+1.00 s) -> Source IP (0)
SEQ_PRO_0274,Processed_Network_dataset,12,2019-04-02T09:46:32Z,2019-04-02T09:46:47Z,15.0,TND_PRO_003275,TND_PRO_003286,Source IP (0) -> (+2.00 s) -> Source IP (0) -> (+0 ms) -> Source IP (0) -> (+0 ms) -> Source IP (0) -> (+1.00 s) -> Source IP (0) -> (+4.00 s) -> Source IP (0) -> (+0 ms) -> Source IP (0) -> (+1.00 s) -> Source IP (0) -> (+4.00 s) -> Source IP (0) -> (+0 ms) -> Source IP (0) -> (+2.00 s) -> Source IP (0) -> (+1.00 s) -> Source IP (0)
SEQ_PRO_0275,Processed_Network_dataset,12,2019-04-02T09:46:49Z,2019-04-02T09:47:04Z,15.0,TND_PRO_003288,TND_PRO_003298,Source IP (0) -> (+0 ms) -> Source IP (0) -> (+3.00 s) -> Source IP (0) -> (+2.00 s) -> Source IP (0) -> (+0 ms) -> Source IP (0) -> (+4.00 s) -> Source IP (0) -> (+1.00 s) -> Source IP (0) -> (+0 ms) -> Source IP (0) -> (+3.00 s) -> Source IP (0) -> (+2.00 s) -> Source IP (0) -> (+0 ms) -> Source IP (0) -> (+0 ms) -> Source IP (0)
SEQ_PRO_0276,Processed_Network_dataset,12,2019-04-02T09:47:09Z,2019-04-02T09:47:24Z,15.0,TND_PRO_003299,TND_PRO_003310,Source IP (0) -> (+0 ms) -> Source IP (0) -> (+1.00 s) -> Source IP (0) -> (+4.00 s) -> Source IP (0) -> (+0 ms) -> Source IP (0) -> (+3.00 s) -> Source IP (0) -> (+0 ms) -> Source IP (0) -> (+2.00 s) -> Source IP (0) -> (+0 ms) -> Source IP (0) -> (+4.00 s) -> Source IP (0) -> (+1.00 s) -> Source IP (0) -> (+0 ms) -> Source IP (0)
SEQ_PRO_0277,Processed_Network_dataset,12,2019-04-02T09:47:28Z,2019-04-02T09:47:44Z,16.0,TND_PRO_003311,TND_PRO_003322,Source IP (0) -> (+1.00 s) -> Source IP (0) -> (+0 ms) -> Source IP (0) -> (+3.00 s) -> Source IP (0) -> (+2.00 s) -> Source IP (0) -> (+0 ms) -> Source IP (0) -> (+0 ms) -> Source IP (0) -> (+1.00 s) -> Source IP (0) -> (+4.00 s) -> Source IP (0) -> (+1.00 s) -> Source IP (0) -> (+0 ms) -> Source IP (0) -> (+4.00 s) -> Source IP (0)
SEQ_PRO_0278,Processed_Network_dataset,12,2019-04-02T09:47:45Z,2019-04-02T09:47:58Z,13.0,TND_PRO_003323,TND_PRO_003334,Source IP (0) -> (+1.00 s) -> Source IP (0) -> (+1.00 s) -> Source IP (0) -> (+2.00 s) -> Source IP (0) -> (+1.00 s) -> Source IP (0) -> (+2.00 s) -> Source IP (0) -> (+2.00 s) -> Source IP (0) -> (+0 ms) -> Source IP (0) -> (+1.00 s) -> Source IP (0) -> (+2.00 s) -> Source IP (0) -> (+1.00 s) -> Source IP (0) -> (+0 ms) -> Source IP (0)
SEQ_PRO_0279,Processed_Network_dataset,12,2019-04-02T09:47:59Z,2019-04-02T09:48:16Z,17.0,TND_PRO_003335,TND_PRO_003346,Source IP (0) -> (+1.00 s) -> Source IP (0) -> (+2.00 s) -> Source IP (0) -> (+2.00 s) -> Source IP (0) -> (+0 ms) -> Source IP (0) -> (+1.00 s) -> Source IP (0) -> (+4.00 s) -> Source IP (0) -> (+1.00 s) -> Source IP (0) -> (+0 ms) -> Source IP (0) -> (+4.00 s) -> Source IP (0) -> (+1.00 s) -> Source IP (0) -> (+1.00 s) -> Source IP (0)
SEQ_PRO_0280,Processed_Network_dataset,12,2019-04-02T09:48:17Z,2019-04-02T09:48:34Z,17.0,TND_PRO_003347,TND_PRO_003357,Source IP (0) -> (+2.00 s) -> Source IP (0) -> (+1.00 s) -> Source IP (0) -> (+2.00 s) -> Source IP (0) -> (+2.00 s) -> Source IP (0) -> (+1.00 s) -> Source IP (0) -> (+3.00 s) -> Source IP (0) -> (+1.00 s) -> Source IP (0) -> (+1.00 s) -> Source IP (0) -> (+2.00 s) -> Source IP (0) -> (+2.00 s) -> Source IP (0) -> (+0 ms) -> Source IP (0)
SEQ_PRO_0281,Processed_Network_dataset,12,2019-04-02T09:48:35Z,2019-04-02T09:48:52Z,17.0,TND_PRO_003359,TND_PRO_003370,Source IP (0) -> (+4.00 s) -> Source IP (0) -> (+1.00 s) -> Source IP (0) -> (+0 ms) -> Source IP (0) -> (+1.00 s) -> Source IP (0) -> (+3.00 s) -> Source IP (0) -> (+1.00 s) -> Source IP (0) -> (+1.00 s) -> Source IP (0) -> (+1.00 s) -> Source IP (0) -> (+2.00 s) -> Source IP (0) -> (+1.00 s) -> Source IP (0) -> (+2.00 s) -> Source IP (0)
SEQ_PRO_0282,Processed_Network_dataset,12,2019-04-02T09:48:54Z,2019-04-02T09:49:14Z,20.0,TND_PRO_003371,TND_PRO_003382,Source IP (0) -> (+1.00 s) -> Source IP (0) -> (+3.00 s) -> Source IP (0) -> (+1.00 s) -> Source IP (0) -> (+1.00 s) -> Source IP (0) -> (+2.00 s) -> Source IP (0) -> (+2.00 s) -> Source IP (0) -> (+0 ms) -> Source IP (0) -> (+1.00 s) -> Source IP (0) -> (+4.00 s) -> Source IP (0) -> (+1.00 s) -> Source IP (0) -> (+4.00 s) -> Source IP (0)
SEQ_PRO_0283,Processed_Network_dataset,12,2019-04-02T09:49:15Z,2019-04-02T09:49:32Z,17.0,TND_PRO_003383,TND_PRO_003394,Source IP (0) -> (+1.00 s) -> Source IP (0) -> (+1.00 s) -> Source IP (0) -> (+2.00 s) -> Source IP (0) -> (+1.00 s) -> Source IP (0) -> (+2.00 s) -> Source IP (0) -> (+2.00 s) -> Source IP (0) -> (+1.00 s) -> Source IP (0) -> (+3.00 s) -> Source IP (0) -> (+1.00 s) -> Source IP (0) -> (+1.00 s) -> Source IP (0) -> (+2.00 s) -> Source IP (0)
SEQ_PRO_0284,Processed_Network_dataset,12,2019-04-02T09:49:34Z,2019-04-02T09:49:50Z,16.0,TND_PRO_003395,TND_PRO_003406,Source IP (0) -> (+0 ms) -> Source IP (0) -> (+1.00 s) -> Source IP (0) -> (+4.00 s) -> Source IP (0) -> (+1.00 s) -> Source IP (0) -> (+0 ms) -> Source IP (0) -> (+4.00 s) -> Source IP (0) -> (+1.00 s) -> Source IP (0) -> (+1.00 s) -> Source IP (0) -> (+1.00 s) -> Source IP (0) -> (+2.00 s) -> Source IP (0) -> (+1.00 s) -> Source IP (0)
SEQ_PRO_0285,Processed_Network_dataset,12,2019-04-02T09:49:52Z,2019-04-02T09:50:09Z,17.0,TND_PRO_003407,TND_PRO_003418,Source IP (0) -> (+2.00 s) -> Source IP (0) -> (+1.00 s) -> Source IP (0) -> (+3.00 s) -> Source IP (0) -> (+1.00 s) -> Source IP (0) -> (+1.00 s) -> Source IP (0) -> (+2.00 s) -> Source IP (0) -> (+2.00 s) -> Source IP (0) -> (+0 ms) -> Source IP (0) -> (+1.00 s) -> Source IP (0) -> (+4.00 s) -> Source IP (0) -> (+0 ms) -> Source IP (0)
SEQ_PRO_0286,Processed_Network_dataset,12,2019-04-02T09:50:10Z,2019-04-02T09:50:28Z,18.0,TND_PRO_003419,TND_PRO_003430,Source IP (0) -> (+0 ms) -> Source IP (0) -> (+4.00 s) -> Source IP (0) -> (+1.00 s) -> Source IP (0) -> (+1.00 s) -> Source IP (0) -> (+1.00 s) -> Source IP (0) -> (+2.00 s) -> Source IP (0) -> (+1.00 s) -> Source IP (0) -> (+2.00 s) -> Source IP (0) -> (+2.00 s) -> Source IP (0) -> (+1.00 s) -> Source IP (0) -> (+3.00 s) -> Source IP (0)
SEQ_PRO_0287,Processed_Network_dataset,12,2019-04-02T09:50:29Z,2019-04-02T09:50:46Z,17.0,TND_PRO_003431,TND_PRO_003442,Source IP (0) -> (+1.00 s) -> Source IP (0) -> (+2.00 s) -> Source IP (0) -> (+2.00 s) -> Source IP (0) -> (+0 ms) -> Source IP (0) -> (+1.00 s) -> Source IP (0) -> (+4.00 s) -> Source IP (0) -> (+1.00 s) -> Source IP (0) -> (+0 ms) -> Source IP (0) -> (+4.00 s) -> Source IP (0) -> (+1.00 s) -> Source IP (0) -> (+1.00 s) -> Source IP (0)
SEQ_PRO_0288,Processed_Network_dataset,12,2019-04-02T09:50:47Z,2019-04-02T09:51:04Z,17.0,TND_PRO_003443,TND_PRO_003454,Source IP (0) -> (+2.00 s) -> Source IP (0) -> (+1.00 s) -> Source IP (0) -> (+2.00 s) -> Source IP (0) -> (+0 ms) -> Source IP (0) -> (+2.00 s) -> Source IP (0) -> (+1.00 s) -> Source IP (0) -> (+3.00 s) -> Source IP (0) -> (+1.00 s) -> Source IP (0) -> (+1.00 s) -> Source IP (0) -> (+2.00 s) -> Source IP (0) -> (+2.00 s) -> Source IP (0)
SEQ_PRO_0289,Processed_Network_dataset,12,2019-04-02T09:51:04Z,2019-04-02T09:51:24Z,20.0,TND_PRO_003455,TND_PRO_003466,Source IP (0) -> (+1.00 s) -> Source IP (0) -> (+4.00 s) -> Source IP (0) -> (+1.00 s) -> Source IP (0) -> (+0 ms) -> Source IP (0) -> (+4.00 s) -> Source IP (0) -> (+1.00 s) -> Source IP (0) -> (+1.00 s) -> Source IP (0) -> (+1.00 s) -> Source IP (0) -> (+2.00 s) -> Source IP (0) -> (+1.00 s) -> Source IP (0) -> (+4.00 s) -> Source IP (0)
SEQ_PRO_0290,Processed_Network_dataset,12,2019-04-02T09:51:25Z,2019-04-02T09:51:40Z,15.0,TND_PRO_003467,TND_PRO_003478,Source IP (0) -> (+4.00 s) -> Source IP (0) -> (+0 ms) -> Source IP (0) -> (+1.00 s) -> Source IP (0) -> (+2.00 s) -> Source IP (0) -> (+0 ms) -> Source IP (0) -> (+2.00 s) -> Source IP (0) -> (+0 ms) -> Source IP (0) -> (+1.00 s) -> Source IP (0) -> (+4.00 s) -> Source IP (0) -> (+1.00 s) -> Source IP (0) -> (+0 ms) -> Source IP (0)
SEQ_PRO_0291,Processed_Network_dataset,12,2019-04-02T09:51:44Z,2019-04-02T09:51:59Z,15.0,TND_PRO_003479,TND_PRO_003490,Source IP (0) -> (+1.00 s) -> Source IP (0) -> (+0 ms) -> Source IP (0) -> (+1.00 s) -> Source IP (0) -> (+2.00 s) -> Source IP (0) -> (+1.00 s) -> Source IP (0) -> (+1.00 s) -> Source IP (0) -> (+2.00 s) -> Source IP (0) -> (+2.00 s) -> Source IP (0) -> (+1.00 s) -> Source IP (0) -> (+3.00 s) -> Source IP (0) -> (+1.00 s) -> Source IP (0)
SEQ_PRO_0292,Processed_Network_dataset,12,2019-04-02T09:52:00Z,2019-04-23T13:23:00Z,1827060.0,TND_PRO_003491,TND_PRO_006223,Source IP (0) -> (+3.00 s) -> Source IP (0) -> (+1.00 s) -> Source IP (0) -> (+0 ms) -> Source IP (0) -> (+1.00 s) -> Source IP (0) -> (+4.00 s) -> Source IP (0) -> (+1.00 s) -> Source IP (0) -> (+0 ms) -> Source IP (0) -> (+4.00 s) -> Source IP (0) -> (+1.00 s) -> Source IP (0) -> (+30450.8 min) -> Source IP (1) -> (+0 ms) -> Source IP (1)
SEQ_PRO_0293,Processed_Network_dataset,12,2019-04-23T13:23:00Z,2019-04-23T13:23:00Z,0.0,TND_PRO_006224,TND_PRO_006017,Source IP (1) -> (+0 ms) -> Source IP (1) -> (+0 ms) -> Source IP (1) -> (+0 ms) -> Source IP (1) -> (+0 ms) -> Source IP (1) -> (+0 ms) -> Source IP (1) -> (+0 ms) -> Source IP (1) -> (+0 ms) -> Source IP (1) -> (+0 ms) -> Source IP (1) -> (+0 ms) -> Source IP (1) -> (+0 ms) -> Source IP (1) -> (+0 ms) -> Source IP (1)
SEQ_PRO_0294,Processed_Network_dataset,12,2019-04-23T13:23:00Z,2019-04-23T13:23:00Z,0.0,TND_PRO_006018,TND_PRO_006051,Source IP (1) -> (+0 ms) -> Source IP (1) -> (+0 ms) -> Source IP (1) -> (+0 ms) -> Source IP (1) -> (+0 ms) -> Source IP (1) -> (+0 ms) -> Source IP (1) -> (+0 ms) -> Source IP (1) -> (+0 ms) -> Source IP (1) -> (+0 ms) -> Source IP (1) -> (+0 ms) -> Source IP (1) -> (+0 ms) -> Source IP (1) -> (+0 ms) -> Source IP (1)
SEQ_PRO_0295,Processed_Network_dataset,12,2019-04-23T13:23:00Z,2019-04-23T13:23:00Z,0.0,TND_PRO_006020,TND_PRO_006007,Source IP (1) -> (+0 ms) -> Source IP (1) -> (+0 ms) -> Source IP (1) -> (+0 ms) -> Source IP (1) -> (+0 ms) -> Source IP (1) -> (+0 ms) -> Source IP (1) -> (+0 ms) -> Source IP (1) -> (+0 ms) -> Source IP (1) -> (+0 ms) -> Source IP (1) -> (+0 ms) -> Source IP (1) -> (+0 ms) -> Source IP (1) -> (+0 ms) -> Source IP (1)
SEQ_PRO_0296,Processed_Network_dataset,12,2019-04-23T13:23:00Z,2019-04-23T13:23:00Z,0.0,TND_PRO_006008,TND_PRO_006027,Source IP (1) -> (+0 ms) -> Source IP (1) -> (+0 ms) -> Source IP (1) -> (+0 ms) -> Source IP (1) -> (+0 ms) -> Source IP (1) -> (+0 ms) -> Source IP (1) -> (+0 ms) -> Source IP (1) -> (+0 ms) -> Source IP (1) -> (+0 ms) -> Source IP (1) -> (+0 ms) -> Source IP (1) -> (+0 ms) -> Source IP (1) -> (+0 ms) -> Source IP (1)
SEQ_PRO_0297,Processed_Network_dataset,12,2019-04-23T13:23:00Z,2019-04-23T13:23:00Z,0.0,TND_PRO_006028,TND_PRO_006023,Source IP (1) -> (+0 ms) -> Source IP (1) -> (+0 ms) -> Source IP (1) -> (+0 ms) -> Source IP (1) -> (+0 ms) -> Source IP (1) -> (+0 ms) -> Source IP (1) -> (+0 ms) -> Source IP (1) -> (+0 ms) -> Source IP (1) -> (+0 ms) -> Source IP (1) -> (+0 ms) -> Source IP (1) -> (+0 ms) -> Source IP (1) -> (+0 ms) -> Source IP (1)
SEQ_PRO_0298,Processed_Network_dataset,12,2019-04-23T13:23:00Z,2019-04-23T13:23:00Z,0.0,TND_PRO_006024,TND_PRO_006115,Source IP (1) -> (+0 ms) -> Source IP (1) -> (+0 ms) -> Source IP (1) -> (+0 ms) -> Source IP (1) -> (+0 ms) -> Source IP (1) -> (+0 ms) -> Source IP (1) -> (+0 ms) -> Source IP (1) -> (+0 ms) -> Source IP (1) -> (+0 ms) -> Source IP (1) -> (+0 ms) -> Source IP (1) -> (+0 ms) -> Source IP (1) -> (+0 ms) -> Source IP (1)
SEQ_PRO_0299,Processed_Network_dataset,12,2019-04-23T13:23:00Z,2019-04-23T13:23:00Z,0.0,TND_PRO_006084,TND_PRO_006039,Source IP (1) -> (+0 ms) -> Source IP (1) -> (+0 ms) -> Source IP (1) -> (+0 ms) -> Source IP (1) -> (+0 ms) -> Source IP (1) -> (+0 ms) -> Source IP (1) -> (+0 ms) -> Source IP (1) -> (+0 ms) -> Source IP (1) -> (+0 ms) -> Source IP (1) -> (+0 ms) -> Source IP (1) -> (+0 ms) -> Source IP (1) -> (+0 ms) -> Source IP (1)
SEQ_PRO_0300,Processed_Network_dataset,12,2019-04-23T13:23:00Z,2019-04-23T13:23:00Z,0.0,TND_PRO_006040,TND_PRO_006131,Source IP (1) -> (+0 ms) -> Source IP (1) -> (+0 ms) -> Source IP (1) -> (+0 ms) -> Source IP (1) -> (+0 ms) -> Source IP (1) -> (+0 ms) -> Source IP (1) -> (+0 ms) -> Source IP (1) -> (+0 ms) -> Source IP (1) -> (+0 ms) -> Source IP (1) -> (+0 ms) -> Source IP (1) -> (+0 ms) -> Source IP (1) -> (+0 ms) -> Source IP (1)
SEQ_PRO_0301,Processed_Network_dataset,12,2019-04-23T13:23:00Z,2019-04-23T13:23:00Z,0.0,TND_PRO_006100,TND_PRO_006092,Source IP (1) -> (+0 ms) -> Source IP (1) -> (+0 ms) -> Source IP (1) -> (+0 ms) -> Source IP (1) -> (+0 ms) -> Source IP (1) -> (+0 ms) -> Source IP (1) -> (+0 ms) -> Source IP (1) -> (+0 ms) -> Source IP (1) -> (+0 ms) -> Source IP (1) -> (+0 ms) -> Source IP (1) -> (+0 ms) -> Source IP (1) -> (+0 ms) -> Source IP (1)
SEQ_PRO_0302,Processed_Network_dataset,12,2019-04-23T13:23:00Z,2019-04-23T13:23:00Z,0.0,TND_PRO_006091,TND_PRO_006080,Source IP (1) -> (+0 ms) -> Source IP (1) -> (+0 ms) -> Source IP (1) -> (+0 ms) -> Source IP (1) -> (+0 ms) -> Source IP (1) -> (+0 ms) -> Source IP (1) -> (+0 ms) -> Source IP (1) -> (+0 ms) -> Source IP (1) -> (+0 ms) -> Source IP (1) -> (+0 ms) -> Source IP (1) -> (+0 ms) -> Source IP (1) -> (+0 ms) -> Source IP (1)
SEQ_PRO_0303,Processed_Network_dataset,12,2019-04-23T13:23:00Z,2019-04-23T13:23:00Z,0.0,TND_PRO_006079,TND_PRO_006143,Source IP (1) -> (+0 ms) -> Source IP (1) -> (+0 ms) -> Source IP (1) -> (+0 ms) -> Source IP (1) -> (+0 ms) -> Source IP (1) -> (+0 ms) -> Source IP (1) -> (+0 ms) -> Source IP (1) -> (+0 ms) -> Source IP (1) -> (+0 ms) -> Source IP (1) -> (+0 ms) -> Source IP (1) -> (+0 ms) -> Source IP (1) -> (+0 ms) -> Source IP (1)
SEQ_PRO_0304,Processed_Network_dataset,12,2019-04-23T13:23:00Z,2019-04-23T13:23:00Z,0.0,TND_PRO_006144,TND_PRO_006155,Source IP (1) -> (+0 ms) -> Source IP (1) -> (+0 ms) -> Source IP (1) -> (+0 ms) -> Source IP (1) -> (+0 ms) -> Source IP (1) -> (+0 ms) -> Source IP (1) -> (+0 ms) -> Source IP (1) -> (+0 ms) -> Source IP (1) -> (+0 ms) -> Source IP (1) -> (+0 ms) -> Source IP (1) -> (+0 ms) -> Source IP (1) -> (+0 ms) -> Source IP (1)
SEQ_PRO_0305,Processed_Network_dataset,12,2019-04-23T13:23:00Z,2019-04-23T13:23:00Z,0.0,TND_PRO_006156,TND_PRO_006103,Source IP (1) -> (+0 ms) -> Source IP (1) -> (+0 ms) -> Source IP (1) -> (+0 ms) -> Source IP (1) -> (+0 ms) -> Source IP (1) -> (+0 ms) -> Source IP (1) -> (+0 ms) -> Source IP (1) -> (+0 ms) -> Source IP (1) -> (+0 ms) -> Source IP (1) -> (+0 ms) -> Source IP (1) -> (+0 ms) -> Source IP (1) -> (+0 ms) -> Source IP (1)
SEQ_PRO_0306,Processed_Network_dataset,12,2019-04-23T13:23:00Z,2019-04-23T13:23:00Z,0.0,TND_PRO_006104,TND_PRO_006179,Source IP (1) -> (+0 ms) -> Source IP (1) -> (+0 ms) -> Source IP (1) -> (+0 ms) -> Source IP (1) -> (+0 ms) -> Source IP (1) -> (+0 ms) -> Source IP (1) -> (+0 ms) -> Source IP (1) -> (+0 ms) -> Source IP (1) -> (+0 ms) -> Source IP (1) -> (+0 ms) -> Source IP (1) -> (+0 ms) -> Source IP (1) -> (+0 ms) -> Source IP (1)
SEQ_PRO_0307,Processed_Network_dataset,12,2019-04-23T13:23:00Z,2019-04-23T13:23:00Z,0.0,TND_PRO_006148,TND_PRO_006127,Source IP (1) -> (+0 ms) -> Source IP (1) -> (+0 ms) -> Source IP (1) -> (+0 ms) -> Source IP (1) -> (+0 ms) -> Source IP (1) -> (+0 ms) -> Source IP (1) -> (+0 ms) -> Source IP (1) -> (+0 ms) -> Source IP (1) -> (+0 ms) -> Source IP (1) -> (+0 ms) -> Source IP (1) -> (+0 ms) -> Source IP (1) -> (+0 ms) -> Source IP (1)
SEQ_PRO_0308,Processed_Network_dataset,12,2019-04-23T13:23:00Z,2019-04-23T13:23:00Z,0.0,TND_PRO_006128,TND_PRO_006165,Source IP (1) -> (+0 ms) -> Source IP (1) -> (+0 ms) -> Source IP (1) -> (+0 ms) -> Source IP (1) -> (+0 ms) -> Source IP (1) -> (+0 ms) -> Source IP (1) -> (+0 ms) -> Source IP (1) -> (+0 ms) -> Source IP (1) -> (+0 ms) -> Source IP (1) -> (+0 ms) -> Source IP (1) -> (+0 ms) -> Source IP (1) -> (+0 ms) -> Source IP (1)
SEQ_PRO_0309,Processed_Network_dataset,12,2019-04-23T13:23:00Z,2019-04-23T13:23:00Z,0.0,TND_PRO_006166,TND_PRO_006203,Source IP (1) -> (+0 ms) -> Source IP (1) -> (+0 ms) -> Source IP (1) -> (+0 ms) -> Source IP (1) -> (+0 ms) -> Source IP (1) -> (+0 ms) -> Source IP (1) -> (+0 ms) -> Source IP (1) -> (+0 ms) -> Source IP (1) -> (+0 ms) -> Source IP (1) -> (+0 ms) -> Source IP (1) -> (+0 ms) -> Source IP (1) -> (+0 ms) -> Source IP (1)
SEQ_PRO_0310,Processed_Network_dataset,12,2019-04-23T13:23:00Z,2019-04-23T13:23:00Z,0.0,TND_PRO_006204,TND_PRO_006186,Source IP (1) -> (+0 ms) -> Source IP (1) -> (+0 ms) -> Source IP (1) -> (+0 ms) -> Source IP (1) -> (+0 ms) -> Source IP (1) -> (+0 ms) -> Source IP (1) -> (+0 ms) -> Source IP (1) -> (+0 ms) -> Source IP (1) -> (+0 ms) -> Source IP (1) -> (+0 ms) -> Source IP (1) -> (+0 ms) -> Source IP (1) -> (+0 ms) -> Source IP (1)
SEQ_PRO_0311,Processed_Network_dataset,12,2019-04-23T13:23:00Z,2019-04-23T13:23:01Z,1.0,TND_PRO_006187,TND_PRO_006248,Source IP (1) -> (+0 ms) -> Source IP (1) -> (+0 ms) -> Source IP (1) -> (+0 ms) -> Source IP (1) -> (+0 ms) -> Source IP (1) -> (+0 ms) -> Source IP (1) -> (+0 ms) -> Source IP (1) -> (+0 ms) -> Source IP (1) -> (+0 ms) -> Source IP (1) -> (+0 ms) -> Source IP (1) -> (+1.00 s) -> Source IP (1) -> (+0 ms) -> Source IP (1)
SEQ_PRO_0312,Processed_Network_dataset,12,2019-04-23T13:23:01Z,2019-04-23T13:23:01Z,0.0,TND_PRO_006246,TND_PRO_006236,Source IP (1) -> (+0 ms) -> Source IP (1) -> (+0 ms) -> Source IP (1) -> (+0 ms) -> Source IP (1) -> (+0 ms) -> Source IP (1) -> (+0 ms) -> Source IP (1) -> (+0 ms) -> Source IP (1) -> (+0 ms) -> Source IP (1) -> (+0 ms) -> Source IP (1) -> (+0 ms) -> Source IP (1) -> (+0 ms) -> Source IP (1) -> (+0 ms) -> Source IP (1)
SEQ_PRO_0313,Processed_Network_dataset,12,2019-04-23T13:23:01Z,2019-04-23T13:50:14Z,1633.0,TND_PRO_006237,TND_PRO_007321,Source IP (1) -> (+0 ms) -> Source IP (1) -> (+0 ms) -> Source IP (1) -> (+0 ms) -> Source IP (1) -> (+0 ms) -> Source IP (1) -> (+0 ms) -> Source IP (1) -> (+0 ms) -> Source IP (1) -> (+0 ms) -> Source IP (1) -> (+27.2 min) -> Source IP (1) -> (+0 ms) -> Source IP (1) -> (+0 ms) -> Source IP (1) -> (+0 ms) -> Source IP (1)
SEQ_PRO_0314,Processed_Network_dataset,12,2019-04-23T13:50:14Z,2019-04-23T13:50:14Z,0.0,TND_PRO_007320,TND_PRO_007339,Source IP (1) -> (+0 ms) -> Source IP (1) -> (+0 ms) -> Source IP (1) -> (+0 ms) -> Source IP (1) -> (+0 ms) -> Source IP (1) -> (+0 ms) -> Source IP (1) -> (+0 ms) -> Source IP (1) -> (+0 ms) -> Source IP (1) -> (+0 ms) -> Source IP (1) -> (+0 ms) -> Source IP (1) -> (+0 ms) -> Source IP (1) -> (+0 ms) -> Source IP (1)
SEQ_PRO_0315,Processed_Network_dataset,12,2019-04-23T13:50:14Z,2019-04-23T13:50:14Z,0.0,TND_PRO_007338,TND_PRO_007251,Source IP (1) -> (+0 ms) -> Source IP (1) -> (+0 ms) -> Source IP (1) -> (+0 ms) -> Source IP (1) -> (+0 ms) -> Source IP (1) -> (+0 ms) -> Source IP (1) -> (+0 ms) -> Source IP (1) -> (+0 ms) -> Source IP (1) -> (+0 ms) -> Source IP (1) -> (+0 ms) -> Source IP (1) -> (+0 ms) -> Source IP (1) -> (+0 ms) -> Source IP (1)
SEQ_PRO_0316,Processed_Network_dataset,12,2019-04-23T13:50:14Z,2019-04-23T13:50:14Z,0.0,TND_PRO_007303,TND_PRO_007324,Source IP (1) -> (+0 ms) -> Source IP (1) -> (+0 ms) -> Source IP (1) -> (+0 ms) -> Source IP (1) -> (+0 ms) -> Source IP (1) -> (+0 ms) -> Source IP (1) -> (+0 ms) -> Source IP (1) -> (+0 ms) -> Source IP (1) -> (+0 ms) -> Source IP (1) -> (+0 ms) -> Source IP (1) -> (+0 ms) -> Source IP (1) -> (+0 ms) -> Source IP (1)
SEQ_PRO_0317,Processed_Network_dataset,12,2019-04-23T13:50:14Z,2019-04-23T13:50:14Z,0.0,TND_PRO_007295,TND_PRO_007316,Source IP (1) -> (+0 ms) -> Source IP (1) -> (+0 ms) -> Source IP (1) -> (+0 ms) -> Source IP (1) -> (+0 ms) -> Source IP (1) -> (+0 ms) -> Source IP (1) -> (+0 ms) -> Source IP (1) -> (+0 ms) -> Source IP (1) -> (+0 ms) -> Source IP (1) -> (+0 ms) -> Source IP (1) -> (+0 ms) -> Source IP (1) -> (+0 ms) -> Source IP (1)
SEQ_PRO_0318,Processed_Network_dataset,12,2019-04-23T13:50:14Z,2019-04-23T13:50:14Z,0.0,TND_PRO_007315,TND_PRO_007368,Source IP (1) -> (+0 ms) -> Source IP (1) -> (+0 ms) -> Source IP (1) -> (+0 ms) -> Source IP (1) -> (+0 ms) -> Source IP (1) -> (+0 ms) -> Source IP (1) -> (+0 ms) -> Source IP (1) -> (+0 ms) -> Source IP (1) -> (+0 ms) -> Source IP (1) -> (+0 ms) -> Source IP (1) -> (+0 ms) -> Source IP (1) -> (+0 ms) -> Source IP (1)
SEQ_PRO_0319,Processed_Network_dataset,12,2019-04-23T13:50:14Z,2019-04-23T13:50:14Z,0.0,TND_PRO_007367,TND_PRO_007388,Source IP (1) -> (+0 ms) -> Source IP (1) -> (+0 ms) -> Source IP (1) -> (+0 ms) -> Source IP (1) -> (+0 ms) -> Source IP (1) -> (+0 ms) -> Source IP (1) -> (+0 ms) -> Source IP (1) -> (+0 ms) -> Source IP (1) -> (+0 ms) -> Source IP (1) -> (+0 ms) -> Source IP (1) -> (+0 ms) -> Source IP (1) -> (+0 ms) -> Source IP (1)
SEQ_PRO_0320,Processed_Network_dataset,12,2019-04-23T13:50:14Z,2019-04-23T13:50:14Z,0.0,TND_PRO_007387,TND_PRO_007344,Source IP (1) -> (+0 ms) -> Source IP (1) -> (+0 ms) -> Source IP (1) -> (+0 ms) -> Source IP (1) -> (+0 ms) -> Source IP (1) -> (+0 ms) -> Source IP (1) -> (+0 ms) -> Source IP (1) -> (+0 ms) -> Source IP (1) -> (+0 ms) -> Source IP (1) -> (+0 ms) -> Source IP (1) -> (+0 ms) -> Source IP (1) -> (+0 ms) -> Source IP (1)
SEQ_PRO_0321,Processed_Network_dataset,12,2019-04-23T13:50:14Z,2019-04-23T13:50:14Z,0.0,TND_PRO_007343,TND_PRO_007364,Source IP (1) -> (+0 ms) -> Source IP (1) -> (+0 ms) -> Source IP (1) -> (+0 ms) -> Source IP (1) -> (+0 ms) -> Source IP (1) -> (+0 ms) -> Source IP (1) -> (+0 ms) -> Source IP (1) -> (+0 ms) -> Source IP (1) -> (+0 ms) -> Source IP (1) -> (+0 ms) -> Source IP (1) -> (+0 ms) -> Source IP (1) -> (+0 ms) -> Source IP (1)
SEQ_PRO_0322,Processed_Network_dataset,12,2019-04-23T13:50:14Z,2019-04-23T13:50:14Z,0.0,TND_PRO_007363,TND_PRO_007416,Source IP (1) -> (+0 ms) -> Source IP (1) -> (+0 ms) -> Source IP (1) -> (+0 ms) -> Source IP (1) -> (+0 ms) -> Source IP (1) -> (+0 ms) -> Source IP (1) -> (+0 ms) -> Source IP (1) -> (+0 ms) -> Source IP (1) -> (+0 ms) -> Source IP (1) -> (+0 ms) -> Source IP (1) -> (+0 ms) -> Source IP (1) -> (+0 ms) -> Source IP (1)
SEQ_PRO_0323,Processed_Network_dataset,12,2019-04-23T13:50:14Z,2019-04-23T13:50:14Z,0.0,TND_PRO_007415,TND_PRO_007436,Source IP (1) -> (+0 ms) -> Source IP (1) -> (+0 ms) -> Source IP (1) -> (+0 ms) -> Source IP (1) -> (+0 ms) -> Source IP (1) -> (+0 ms) -> Source IP (1) -> (+0 ms) -> Source IP (1) -> (+0 ms) -> Source IP (1) -> (+0 ms) -> Source IP (1) -> (+0 ms) -> Source IP (1) -> (+0 ms) -> Source IP (1) -> (+0 ms) -> Source IP (1)
SEQ_PRO_0324,Processed_Network_dataset,12,2019-04-23T13:50:14Z,2019-04-23T13:50:14Z,0.0,TND_PRO_007435,TND_PRO_007392,Source IP (1) -> (+0 ms) -> Source IP (1) -> (+0 ms) -> Source IP (1) -> (+0 ms) -> Source IP (1) -> (+0 ms) -> Source IP (1) -> (+0 ms) -> Source IP (1) -> (+0 ms) -> Source IP (1) -> (+0 ms) -> Source IP (1) -> (+0 ms) -> Source IP (1) -> (+0 ms) -> Source IP (1) -> (+0 ms) -> Source IP (1) -> (+0 ms) -> Source IP (1)
SEQ_PRO_0325,Processed_Network_dataset,12,2019-04-23T13:50:14Z,2019-04-23T13:50:14Z,0.0,TND_PRO_007391,TND_PRO_007412,Source IP (1) -> (+0 ms) -> Source IP (1) -> (+0 ms) -> Source IP (1) -> (+0 ms) -> Source IP (1) -> (+0 ms) -> Source IP (1) -> (+0 ms) -> Source IP (1) -> (+0 ms) -> Source IP (1) -> (+0 ms) -> Source IP (1) -> (+0 ms) -> Source IP (1) -> (+0 ms) -> Source IP (1) -> (+0 ms) -> Source IP (1) -> (+0 ms) -> Source IP (1)
SEQ_PRO_0326,Processed_Network_dataset,12,2019-04-23T13:50:14Z,2019-04-23T13:50:14Z,0.0,TND_PRO_007411,TND_PRO_007426,Source IP (1) -> (+0 ms) -> Source IP (1) -> (+0 ms) -> Source IP (1) -> (+0 ms) -> Source IP (1) -> (+0 ms) -> Source IP (1) -> (+0 ms) -> Source IP (1) -> (+0 ms) -> Source IP (1) -> (+0 ms) -> Source IP (1) -> (+0 ms) -> Source IP (1) -> (+0 ms) -> Source IP (1) -> (+0 ms) -> Source IP (1) -> (+0 ms) -> Source IP (1)
SEQ_PRO_0327,Processed_Network_dataset,12,2019-04-23T13:50:14Z,2019-04-23T13:50:14Z,0.0,TND_PRO_007425,TND_PRO_007440,Source IP (1) -> (+0 ms) -> Source IP (1) -> (+0 ms) -> Source IP (1) -> (+0 ms) -> Source IP (1) -> (+0 ms) -> Source IP (1) -> (+0 ms) -> Source IP (1) -> (+0 ms) -> Source IP (1) -> (+0 ms) -> Source IP (1) -> (+0 ms) -> Source IP (1) -> (+0 ms) -> Source IP (1) -> (+0 ms) -> Source IP (1) -> (+0 ms) -> Source IP (1)
SEQ_PRO_0328,Processed_Network_dataset,12,2019-04-23T13:50:14Z,2019-04-23T13:50:14Z,0.0,TND_PRO_007439,TND_PRO_007461,Source IP (1) -> (+0 ms) -> Source IP (1) -> (+0 ms) -> Source IP (1) -> (+0 ms) -> Source IP (1) -> (+0 ms) -> Source IP (1) -> (+0 ms) -> Source IP (1) -> (+0 ms) -> Source IP (1) -> (+0 ms) -> Source IP (1) -> (+0 ms) -> Source IP (1) -> (+0 ms) -> Source IP (1) -> (+0 ms) -> Source IP (1) -> (+0 ms) -> Source IP (1)
SEQ_PRO_0329,Processed_Network_dataset,12,2019-04-23T13:50:14Z,2019-04-23T13:50:14Z,0.0,TND_PRO_007460,TND_PRO_007477,Source IP (1) -> (+0 ms) -> Source IP (1) -> (+0 ms) -> Source IP (1) -> (+0 ms) -> Source IP (1) -> (+0 ms) -> Source IP (1) -> (+0 ms) -> Source IP (1) -> (+0 ms) -> Source IP (1) -> (+0 ms) -> Source IP (1) -> (+0 ms) -> Source IP (1) -> (+0 ms) -> Source IP (1) -> (+0 ms) -> Source IP (1) -> (+0 ms) -> Source IP (1)
SEQ_PRO_0330,Processed_Network_dataset,12,2019-04-23T13:50:14Z,2019-04-23T13:50:14Z,0.0,TND_PRO_007476,TND_PRO_007253,Source IP (1) -> (+0 ms) -> Source IP (1) -> (+0 ms) -> Source IP (1) -> (+0 ms) -> Source IP (1) -> (+0 ms) -> Source IP (1) -> (+0 ms) -> Source IP (1) -> (+0 ms) -> Source IP (1) -> (+0 ms) -> Source IP (1) -> (+0 ms) -> Source IP (1) -> (+0 ms) -> Source IP (1) -> (+0 ms) -> Source IP (1) -> (+0 ms) -> Source IP (1)
SEQ_PRO_0331,Processed_Network_dataset,12,2019-04-23T13:50:14Z,2019-04-23T13:50:14Z,0.0,TND_PRO_007252,TND_PRO_007490,Source IP (1) -> (+0 ms) -> Source IP (1) -> (+0 ms) -> Source IP (1) -> (+0 ms) -> Source IP (1) -> (+0 ms) -> Source IP (1) -> (+0 ms) -> Source IP (1) -> (+0 ms) -> Source IP (1) -> (+0 ms) -> Source IP (1) -> (+0 ms) -> Source IP (1) -> (+0 ms) -> Source IP (1) -> (+0 ms) -> Source IP (1) -> (+0 ms) -> Source IP (1)
SEQ_PRO_0332,Processed_Network_dataset,12,2019-04-23T13:50:14Z,2019-04-23T13:50:14Z,0.0,TND_PRO_007489,TND_PRO_007454,Source IP (1) -> (+0 ms) -> Source IP (1) -> (+0 ms) -> Source IP (1) -> (+0 ms) -> Source IP (1) -> (+0 ms) -> Source IP (1) -> (+0 ms) -> Source IP (1) -> (+0 ms) -> Source IP (1) -> (+0 ms) -> Source IP (1) -> (+0 ms) -> Source IP (1) -> (+0 ms) -> Source IP (1) -> (+0 ms) -> Source IP (1) -> (+0 ms) -> Source IP (1)
SEQ_PRO_0333,Processed_Network_dataset,12,2019-04-23T13:50:14Z,2019-04-23T13:50:14Z,0.0,TND_PRO_007453,TND_PRO_007307,Source IP (1) -> (+0 ms) -> Source IP (1) -> (+0 ms) -> Source IP (1) -> (+0 ms) -> Source IP (1) -> (+0 ms) -> Source IP (1) -> (+0 ms) -> Source IP (1) -> (+0 ms) -> Source IP (1) -> (+0 ms) -> Source IP (1) -> (+0 ms) -> Source IP (1) -> (+0 ms) -> Source IP (1) -> (+0 ms) -> Source IP (1) -> (+0 ms) -> Source IP (1)
SEQ_PRO_0334,Processed_Network_dataset,12,2019-04-23T13:50:14Z,2019-04-23T14:00:36Z,622.0,TND_PRO_007308,TND_PRO_007568,Source IP (1) -> (+0 ms) -> Source IP (1) -> (+0 ms) -> Source IP (1) -> (+0 ms) -> Source IP (1) -> (+0 ms) -> Source IP (1) -> (+0 ms) -> Source IP (1) -> (+10.4 min) -> Source IP (1) -> (+0 ms) -> Source IP (1) -> (+0 ms) -> Source IP (1) -> (+0 ms) -> Source IP (1) -> (+0 ms) -> Source IP (1) -> (+0 ms) -> Source IP (1)
SEQ_PRO_0335,Processed_Network_dataset,12,2019-04-23T14:00:36Z,2019-04-23T14:00:36Z,0.0,TND_PRO_007581,TND_PRO_007538,Source IP (1) -> (+0 ms) -> Source IP (1) -> (+0 ms) -> Source IP (1) -> (+0 ms) -> Source IP (1) -> (+0 ms) -> Source IP (1) -> (+0 ms) -> Source IP (1) -> (+0 ms) -> Source IP (1) -> (+0 ms) -> Source IP (1) -> (+0 ms) -> Source IP (1) -> (+0 ms) -> Source IP (1) -> (+0 ms) -> Source IP (1) -> (+0 ms) -> Source IP (1)
SEQ_PRO_0336,Processed_Network_dataset,12,2019-04-23T14:00:36Z,2019-04-23T14:00:36Z,0.0,TND_PRO_007539,TND_PRO_007553,Source IP (1) -> (+0 ms) -> Source IP (1) -> (+0 ms) -> Source IP (1) -> (+0 ms) -> Source IP (1) -> (+0 ms) -> Source IP (1) -> (+0 ms) -> Source IP (1) -> (+0 ms) -> Source IP (1) -> (+0 ms) -> Source IP (1) -> (+0 ms) -> Source IP (1) -> (+0 ms) -> Source IP (1) -> (+0 ms) -> Source IP (1) -> (+0 ms) -> Source IP (1)
SEQ_PRO_0337,Processed_Network_dataset,12,2019-04-23T14:00:36Z,2019-04-23T14:00:36Z,0.0,TND_PRO_007554,TND_PRO_007536,Source IP (1) -> (+0 ms) -> Source IP (1) -> (+0 ms) -> Source IP (1) -> (+0 ms) -> Source IP (1) -> (+0 ms) -> Source IP (1) -> (+0 ms) -> Source IP (1) -> (+0 ms) -> Source IP (1) -> (+0 ms) -> Source IP (1) -> (+0 ms) -> Source IP (1) -> (+0 ms) -> Source IP (1) -> (+0 ms) -> Source IP (1) -> (+0 ms) -> Source IP (1)
SEQ_PRO_0338,Processed_Network_dataset,12,2019-04-23T14:00:36Z,2019-04-23T14:00:36Z,0.0,TND_PRO_007569,TND_PRO_007580,Source IP (1) -> (+0 ms) -> Source IP (1) -> (+0 ms) -> Source IP (1) -> (+0 ms) -> Source IP (1) -> (+0 ms) -> Source IP (1) -> (+0 ms) -> Source IP (1) -> (+0 ms) -> Source IP (1) -> (+0 ms) -> Source IP (1) -> (+0 ms) -> Source IP (1) -> (+0 ms) -> Source IP (1) -> (+0 ms) -> Source IP (1) -> (+0 ms) -> Source IP (1)
SEQ_PRO_0339,Processed_Network_dataset,12,2019-04-23T14:00:36Z,2019-04-23T14:00:36Z,0.0,TND_PRO_007521,TND_PRO_007532,Source IP (1) -> (+0 ms) -> Source IP (1) -> (+0 ms) -> Source IP (1) -> (+0 ms) -> Source IP (1) -> (+0 ms) -> Source IP (1) -> (+0 ms) -> Source IP (1) -> (+0 ms) -> Source IP (1) -> (+0 ms) -> Source IP (1) -> (+0 ms) -> Source IP (1) -> (+0 ms) -> Source IP (1) -> (+0 ms) -> Source IP (1) -> (+0 ms) -> Source IP (1)
SEQ_PRO_0340,Processed_Network_dataset,12,2019-04-23T14:00:36Z,2019-04-23T14:00:36Z,0.0,TND_PRO_007505,TND_PRO_007516,Source IP (1) -> (+0 ms) -> Source IP (1) -> (+0 ms) -> Source IP (1) -> (+0 ms) -> Source IP (1) -> (+0 ms) -> Source IP (1) -> (+0 ms) -> Source IP (1) -> (+0 ms) -> Source IP (1) -> (+0 ms) -> Source IP (1) -> (+0 ms) -> Source IP (1) -> (+0 ms) -> Source IP (1) -> (+0 ms) -> Source IP (1) -> (+0 ms) -> Source IP (1)
SEQ_PRO_0341,Processed_Network_dataset,12,2019-04-23T14:00:36Z,2019-04-23T14:00:37Z,1.0,TND_PRO_007501,TND_PRO_007640,Source IP (1) -> (+0 ms) -> Source IP (1) -> (+0 ms) -> Source IP (1) -> (+0 ms) -> Source IP (1) -> (+0 ms) -> Source IP (1) -> (+1.00 s) -> Source IP (1) -> (+0 ms) -> Source IP (1) -> (+0 ms) -> Source IP (1) -> (+0 ms) -> Source IP (1) -> (+0 ms) -> Source IP (1) -> (+0 ms) -> Source IP (1) -> (+0 ms) -> Source IP (1)
SEQ_PRO_0342,Processed_Network_dataset,12,2019-04-23T14:00:37Z,2019-04-23T14:00:37Z,0.0,TND_PRO_007641,TND_PRO_007652,Source IP (1) -> (+0 ms) -> Source IP (1) -> (+0 ms) -> Source IP (1) -> (+0 ms) -> Source IP (1) -> (+0 ms) -> Source IP (1) -> (+0 ms) -> Source IP (1) -> (+0 ms) -> Source IP (1) -> (+0 ms) -> Source IP (1) -> (+0 ms) -> Source IP (1) -> (+0 ms) -> Source IP (1) -> (+0 ms) -> Source IP (1) -> (+0 ms) -> Source IP (1)
SEQ_PRO_0343,Processed_Network_dataset,12,2019-04-23T14:00:37Z,2019-04-23T14:00:37Z,0.0,TND_PRO_007653,TND_PRO_007632,Source IP (1) -> (+0 ms) -> Source IP (1) -> (+0 ms) -> Source IP (1) -> (+0 ms) -> Source IP (1) -> (+0 ms) -> Source IP (1) -> (+0 ms) -> Source IP (1) -> (+0 ms) -> Source IP (1) -> (+0 ms) -> Source IP (1) -> (+0 ms) -> Source IP (1) -> (+0 ms) -> Source IP (1) -> (+0 ms) -> Source IP (1) -> (+0 ms) -> Source IP (1)
SEQ_PRO_0344,Processed_Network_dataset,12,2019-04-23T14:00:37Z,2019-04-23T14:00:37Z,0.0,TND_PRO_007665,TND_PRO_007708,Source IP (1) -> (+0 ms) -> Source IP (1) -> (+0 ms) -> Source IP (1) -> (+0 ms) -> Source IP (1) -> (+0 ms) -> Source IP (1) -> (+0 ms) -> Source IP (1) -> (+0 ms) -> Source IP (1) -> (+0 ms) -> Source IP (1) -> (+0 ms) -> Source IP (1) -> (+0 ms) -> Source IP (1) -> (+0 ms) -> Source IP (1) -> (+0 ms) -> Source IP (1)
SEQ_PRO_0345,Processed_Network_dataset,12,2019-04-23T14:00:37Z,2019-04-23T14:00:37Z,0.0,TND_PRO_007645,TND_PRO_007688,Source IP (1) -> (+0 ms) -> Source IP (1) -> (+0 ms) -> Source IP (1) -> (+0 ms) -> Source IP (1) -> (+0 ms) -> Source IP (1) -> (+0 ms) -> Source IP (1) -> (+0 ms) -> Source IP (1) -> (+0 ms) -> Source IP (1) -> (+0 ms) -> Source IP (1) -> (+0 ms) -> Source IP (1) -> (+0 ms) -> Source IP (1) -> (+0 ms) -> Source IP (1)
SEQ_PRO_0346,Processed_Network_dataset,12,2019-04-23T14:00:37Z,2019-04-23T14:00:37Z,0.0,TND_PRO_007689,TND_PRO_007700,Source IP (1) -> (+0 ms) -> Source IP (1) -> (+0 ms) -> Source IP (1) -> (+0 ms) -> Source IP (1) -> (+0 ms) -> Source IP (1) -> (+0 ms) -> Source IP (1) -> (+0 ms) -> Source IP (1) -> (+0 ms) -> Source IP (1) -> (+0 ms) -> Source IP (1) -> (+0 ms) -> Source IP (1) -> (+0 ms) -> Source IP (1) -> (+0 ms) -> Source IP (1)
SEQ_PRO_0347,Processed_Network_dataset,12,2019-04-23T14:00:37Z,2019-04-23T14:00:37Z,0.0,TND_PRO_007701,TND_PRO_007680,Source IP (1) -> (+0 ms) -> Source IP (1) -> (+0 ms) -> Source IP (1) -> (+0 ms) -> Source IP (1) -> (+0 ms) -> Source IP (1) -> (+0 ms) -> Source IP (1) -> (+0 ms) -> Source IP (1) -> (+0 ms) -> Source IP (1) -> (+0 ms) -> Source IP (1) -> (+0 ms) -> Source IP (1) -> (+0 ms) -> Source IP (1) -> (+0 ms) -> Source IP (1)
SEQ_PRO_0348,Processed_Network_dataset,12,2019-04-23T14:00:37Z,2019-04-23T14:00:37Z,0.0,TND_PRO_007713,TND_PRO_007694,Source IP (1) -> (+0 ms) -> Source IP (1) -> (+0 ms) -> Source IP (1) -> (+0 ms) -> Source IP (1) -> (+0 ms) -> Source IP (1) -> (+0 ms) -> Source IP (1) -> (+0 ms) -> Source IP (1) -> (+0 ms) -> Source IP (1) -> (+0 ms) -> Source IP (1) -> (+0 ms) -> Source IP (1) -> (+0 ms) -> Source IP (1) -> (+0 ms) -> Source IP (1)
SEQ_PRO_0349,Processed_Network_dataset,12,2019-04-23T14:00:37Z,2019-04-23T14:00:37Z,0.0,TND_PRO_007695,TND_PRO_007736,Source IP (1) -> (+0 ms) -> Source IP (1) -> (+0 ms) -> Source IP (1) -> (+0 ms) -> Source IP (1) -> (+0 ms) -> Source IP (1) -> (+0 ms) -> Source IP (1) -> (+0 ms) -> Source IP (1) -> (+0 ms) -> Source IP (1) -> (+0 ms) -> Source IP (1) -> (+0 ms) -> Source IP (1) -> (+0 ms) -> Source IP (1) -> (+0 ms) -> Source IP (1)
SEQ_PRO_0350,Processed_Network_dataset,12,2019-04-23T14:00:37Z,2019-04-23T14:00:37Z,0.0,TND_PRO_007737,TND_PRO_007586,Source IP (1) -> (+0 ms) -> Source IP (1) -> (+0 ms) -> Source IP (1) -> (+0 ms) -> Source IP (1) -> (+0 ms) -> Source IP (1) -> (+0 ms) -> Source IP (1) -> (+0 ms) -> Source IP (1) -> (+0 ms) -> Source IP (1) -> (+0 ms) -> Source IP (1) -> (+0 ms) -> Source IP (1) -> (+0 ms) -> Source IP (1) -> (+0 ms) -> Source IP (1)
SEQ_PRO_0351,Processed_Network_dataset,12,2019-04-23T14:00:37Z,2019-04-23T14:00:37Z,0.0,TND_PRO_007587,TND_PRO_007750,Source IP (1) -> (+0 ms) -> Source IP (1) -> (+0 ms) -> Source IP (1) -> (+0 ms) -> Source IP (1) -> (+0 ms) -> Source IP (1) -> (+0 ms) -> Source IP (1) -> (+0 ms) -> Source IP (1) -> (+0 ms) -> Source IP (1) -> (+0 ms) -> Source IP (1) -> (+0 ms) -> Source IP (1) -> (+0 ms) -> Source IP (1) -> (+0 ms) -> Source IP (1)
SEQ_PRO_0352,Processed_Network_dataset,12,2019-04-23T14:00:37Z,2019-04-23T14:00:37Z,0.0,TND_PRO_007725,TND_PRO_007603,Source IP (1) -> (+0 ms) -> Source IP (1) -> (+0 ms) -> Source IP (1) -> (+0 ms) -> Source IP (1) -> (+0 ms) -> Source IP (1) -> (+0 ms) -> Source IP (1) -> (+0 ms) -> Source IP (1) -> (+0 ms) -> Source IP (1) -> (+0 ms) -> Source IP (1) -> (+0 ms) -> Source IP (1) -> (+0 ms) -> Source IP (1) -> (+0 ms) -> Source IP (1)
SEQ_PRO_0353,Processed_Network_dataset,12,2019-04-23T14:00:37Z,2019-04-23T14:00:37Z,0.0,TND_PRO_007623,TND_PRO_007634,Source IP (1) -> (+0 ms) -> Source IP (1) -> (+0 ms) -> Source IP (1) -> (+0 ms) -> Source IP (1) -> (+0 ms) -> Source IP (1) -> (+0 ms) -> Source IP (1) -> (+0 ms) -> Source IP (1) -> (+0 ms) -> Source IP (1) -> (+0 ms) -> Source IP (1) -> (+0 ms) -> Source IP (1) -> (+0 ms) -> Source IP (1) -> (+0 ms) -> Source IP (1)
SEQ_PRO_0354,Processed_Network_dataset,12,2019-04-23T14:00:37Z,2019-04-23T14:00:37Z,0.0,TND_PRO_007606,TND_PRO_007620,Source IP (1) -> (+0 ms) -> Source IP (1) -> (+0 ms) -> Source IP (1) -> (+0 ms) -> Source IP (1) -> (+0 ms) -> Source IP (1) -> (+0 ms) -> Source IP (1) -> (+0 ms) -> Source IP (1) -> (+0 ms) -> Source IP (1) -> (+0 ms) -> Source IP (1) -> (+0 ms) -> Source IP (1) -> (+0 ms) -> Source IP (1) -> (+0 ms) -> Source IP (1)
SEQ_PRO_0355,Processed_Network_dataset,12,2019-04-23T14:00:37Z,2019-04-24T03:20:51Z,48014.0,TND_PRO_007621,TND_PRO_007819,Source IP (1) -> (+0 ms) -> Source IP (1) -> (+0 ms) -> Source IP (1) -> (+0 ms) -> Source IP (1) -> (+800.2 min) -> Source IP (1) -> (+0 ms) -> Source IP (1) -> (+0 ms) -> Source IP (1) -> (+0 ms) -> Source IP (1) -> (+0 ms) -> Source IP (1) -> (+0 ms) -> Source IP (1) -> (+0 ms) -> Source IP (1) -> (+0 ms) -> Source IP (1)
SEQ_PRO_0356,Processed_Network_dataset,12,2019-04-24T03:20:51Z,2019-04-24T03:20:51Z,0.0,TND_PRO_007786,TND_PRO_007775,Source IP (1) -> (+0 ms) -> Source IP (1) -> (+0 ms) -> Source IP (1) -> (+0 ms) -> Source IP (1) -> (+0 ms) -> Source IP (1) -> (+0 ms) -> Source IP (1) -> (+0 ms) -> Source IP (1) -> (+0 ms) -> Source IP (1) -> (+0 ms) -> Source IP (1) -> (+0 ms) -> Source IP (1) -> (+0 ms) -> Source IP (1) -> (+0 ms) -> Source IP (1)
SEQ_PRO_0357,Processed_Network_dataset,12,2019-04-24T03:20:51Z,2019-04-24T03:20:51Z,0.0,TND_PRO_007774,TND_PRO_007795,Source IP (1) -> (+0 ms) -> Source IP (1) -> (+0 ms) -> Source IP (1) -> (+0 ms) -> Source IP (1) -> (+0 ms) -> Source IP (1) -> (+0 ms) -> Source IP (1) -> (+0 ms) -> Source IP (1) -> (+0 ms) -> Source IP (1) -> (+0 ms) -> Source IP (1) -> (+0 ms) -> Source IP (1) -> (+0 ms) -> Source IP (1) -> (+0 ms) -> Source IP (1)
SEQ_PRO_0358,Processed_Network_dataset,12,2019-04-24T03:20:51Z,2019-04-24T03:20:51Z,0.0,TND_PRO_007826,TND_PRO_007815,Source IP (1) -> (+0 ms) -> Source IP (1) -> (+0 ms) -> Source IP (1) -> (+0 ms) -> Source IP (1) -> (+0 ms) -> Source IP (1) -> (+0 ms) -> Source IP (1) -> (+0 ms) -> Source IP (1) -> (+0 ms) -> Source IP (1) -> (+0 ms) -> Source IP (1) -> (+0 ms) -> Source IP (1) -> (+0 ms) -> Source IP (1) -> (+0 ms) -> Source IP (1)
SEQ_PRO_0359,Processed_Network_dataset,12,2019-04-24T03:20:51Z,2019-04-24T03:20:51Z,0.0,TND_PRO_007814,TND_PRO_007867,Source IP (1) -> (+0 ms) -> Source IP (1) -> (+0 ms) -> Source IP (1) -> (+0 ms) -> Source IP (1) -> (+0 ms) -> Source IP (1) -> (+0 ms) -> Source IP (1) -> (+0 ms) -> Source IP (1) -> (+0 ms) -> Source IP (1) -> (+0 ms) -> Source IP (1) -> (+0 ms) -> Source IP (1) -> (+0 ms) -> Source IP (1) -> (+0 ms) -> Source IP (1)
SEQ_PRO_0360,Processed_Network_dataset,12,2019-04-24T03:20:51Z,2019-04-24T03:20:51Z,0.0,TND_PRO_007834,TND_PRO_007823,Source IP (1) -> (+0 ms) -> Source IP (1) -> (+0 ms) -> Source IP (1) -> (+0 ms) -> Source IP (1) -> (+0 ms) -> Source IP (1) -> (+0 ms) -> Source IP (1) -> (+0 ms) -> Source IP (1) -> (+0 ms) -> Source IP (1) -> (+0 ms) -> Source IP (1) -> (+0 ms) -> Source IP (1) -> (+0 ms) -> Source IP (1) -> (+0 ms) -> Source IP (1)
SEQ_PRO_0361,Processed_Network_dataset,12,2019-04-24T03:20:51Z,2019-04-24T03:20:51Z,0.0,TND_PRO_007822,TND_PRO_007843,Source IP (1) -> (+0 ms) -> Source IP (1) -> (+0 ms) -> Source IP (1) -> (+0 ms) -> Source IP (1) -> (+0 ms) -> Source IP (1) -> (+0 ms) -> Source IP (1) -> (+0 ms) -> Source IP (1) -> (+0 ms) -> Source IP (1) -> (+0 ms) -> Source IP (1) -> (+0 ms) -> Source IP (1) -> (+0 ms) -> Source IP (1) -> (+0 ms) -> Source IP (1)
SEQ_PRO_0362,Processed_Network_dataset,12,2019-04-24T03:20:51Z,2019-04-24T03:20:51Z,0.0,TND_PRO_007874,TND_PRO_007863,Source IP (1) -> (+0 ms) -> Source IP (1) -> (+0 ms) -> Source IP (1) -> (+0 ms) -> Source IP (1) -> (+0 ms) -> Source IP (1) -> (+0 ms) -> Source IP (1) -> (+0 ms) -> Source IP (1) -> (+0 ms) -> Source IP (1) -> (+0 ms) -> Source IP (1) -> (+0 ms) -> Source IP (1) -> (+0 ms) -> Source IP (1) -> (+0 ms) -> Source IP (1)
SEQ_PRO_0363,Processed_Network_dataset,12,2019-04-24T03:20:51Z,2019-04-24T03:20:51Z,0.0,TND_PRO_007862,TND_PRO_007882,Source IP (1) -> (+0 ms) -> Source IP (1) -> (+0 ms) -> Source IP (1) -> (+0 ms) -> Source IP (1) -> (+0 ms) -> Source IP (1) -> (+0 ms) -> Source IP (1) -> (+0 ms) -> Source IP (1) -> (+0 ms) -> Source IP (1) -> (+0 ms) -> Source IP (1) -> (+0 ms) -> Source IP (1) -> (+0 ms) -> Source IP (1) -> (+0 ms) -> Source IP (1)
SEQ_PRO_0364,Processed_Network_dataset,12,2019-04-24T03:20:51Z,2019-04-24T03:20:51Z,0.0,TND_PRO_007878,TND_PRO_007870,Source IP (1) -> (+0 ms) -> Source IP (1) -> (+0 ms) -> Source IP (1) -> (+0 ms) -> Source IP (1) -> (+0 ms) -> Source IP (1) -> (+0 ms) -> Source IP (1) -> (+0 ms) -> Source IP (1) -> (+0 ms) -> Source IP (1) -> (+0 ms) -> Source IP (1) -> (+0 ms) -> Source IP (1) -> (+0 ms) -> Source IP (1) -> (+0 ms) -> Source IP (1)
SEQ_PRO_0365,Processed_Network_dataset,12,2019-04-24T03:20:51Z,2019-04-24T03:20:51Z,0.0,TND_PRO_007895,TND_PRO_007887,Source IP (1) -> (+0 ms) -> Source IP (1) -> (+0 ms) -> Source IP (1) -> (+0 ms) -> Source IP (1) -> (+0 ms) -> Source IP (1) -> (+0 ms) -> Source IP (1) -> (+0 ms) -> Source IP (1) -> (+0 ms) -> Source IP (1) -> (+0 ms) -> Source IP (1) -> (+0 ms) -> Source IP (1) -> (+0 ms) -> Source IP (1) -> (+0 ms) -> Source IP (1)
SEQ_PRO_0366,Processed_Network_dataset,12,2019-04-24T03:20:51Z,2019-04-24T03:20:51Z,0.0,TND_PRO_007778,TND_PRO_007751,Source IP (1) -> (+0 ms) -> Source IP (1) -> (+0 ms) -> Source IP (1) -> (+0 ms) -> Source IP (1) -> (+0 ms) -> Source IP (1) -> (+0 ms) -> Source IP (1) -> (+0 ms) -> Source IP (1) -> (+0 ms) -> Source IP (1) -> (+0 ms) -> Source IP (1) -> (+0 ms) -> Source IP (1) -> (+0 ms) -> Source IP (1) -> (+0 ms) -> Source IP (1)
SEQ_PRO_0367,Processed_Network_dataset,12,2019-04-24T03:20:51Z,2019-04-24T03:20:51Z,0.0,TND_PRO_007771,TND_PRO_007767,Source IP (1) -> (+0 ms) -> Source IP (1) -> (+0 ms) -> Source IP (1) -> (+0 ms) -> Source IP (1) -> (+0 ms) -> Source IP (1) -> (+0 ms) -> Source IP (1) -> (+0 ms) -> Source IP (1) -> (+0 ms) -> Source IP (1) -> (+0 ms) -> Source IP (1) -> (+0 ms) -> Source IP (1) -> (+0 ms) -> Source IP (1) -> (+0 ms) -> Source IP (1)
SEQ_PRO_0368,Processed_Network_dataset,12,2019-04-24T03:20:51Z,2019-04-24T03:20:52Z,1.0,TND_PRO_007788,TND_PRO_007919,Source IP (1) -> (+0 ms) -> Source IP (1) -> (+1.00 s) -> Source IP (1) -> (+0 ms) -> Source IP (1) -> (+0 ms) -> Source IP (1) -> (+0 ms) -> Source IP (1) -> (+0 ms) -> Source IP (1) -> (+0 ms) -> Source IP (1) -> (+0 ms) -> Source IP (1) -> (+0 ms) -> Source IP (1) -> (+0 ms) -> Source IP (1) -> (+0 ms) -> Source IP (1)
SEQ_PRO_0369,Processed_Network_dataset,12,2019-04-24T03:20:52Z,2019-04-24T03:20:52Z,0.0,TND_PRO_007918,TND_PRO_007947,Source IP (1) -> (+0 ms) -> Source IP (1) -> (+0 ms) -> Source IP (1) -> (+0 ms) -> Source IP (1) -> (+0 ms) -> Source IP (1) -> (+0 ms) -> Source IP (1) -> (+0 ms) -> Source IP (1) -> (+0 ms) -> Source IP (1) -> (+0 ms) -> Source IP (1) -> (+0 ms) -> Source IP (1) -> (+0 ms) -> Source IP (1) -> (+0 ms) -> Source IP (1)
SEQ_PRO_0370,Processed_Network_dataset,12,2019-04-24T03:20:52Z,2019-04-24T03:20:52Z,0.0,TND_PRO_007907,TND_PRO_007927,Source IP (1) -> (+0 ms) -> Source IP (1) -> (+0 ms) -> Source IP (1) -> (+0 ms) -> Source IP (1) -> (+0 ms) -> Source IP (1) -> (+0 ms) -> Source IP (1) -> (+0 ms) -> Source IP (1) -> (+0 ms) -> Source IP (1) -> (+0 ms) -> Source IP (1) -> (+0 ms) -> Source IP (1) -> (+0 ms) -> Source IP (1) -> (+0 ms) -> Source IP (1)
SEQ_PRO_0371,Processed_Network_dataset,12,2019-04-24T03:20:52Z,2019-04-24T03:20:52Z,0.0,TND_PRO_007926,TND_PRO_007962,Source IP (1) -> (+0 ms) -> Source IP (1) -> (+0 ms) -> Source IP (1) -> (+0 ms) -> Source IP (1) -> (+0 ms) -> Source IP (1) -> (+0 ms) -> Source IP (1) -> (+0 ms) -> Source IP (1) -> (+0 ms) -> Source IP (1) -> (+0 ms) -> Source IP (1) -> (+0 ms) -> Source IP (1) -> (+0 ms) -> Source IP (1) -> (+0 ms) -> Source IP (1)
SEQ_PRO_0372,Processed_Network_dataset,12,2019-04-24T03:20:52Z,2019-04-24T03:20:52Z,0.0,TND_PRO_007995,TND_PRO_007942,Source IP (1) -> (+0 ms) -> Source IP (1) -> (+0 ms) -> Source IP (1) -> (+0 ms) -> Source IP (1) -> (+0 ms) -> Source IP (1) -> (+0 ms) -> Source IP (1) -> (+0 ms) -> Source IP (1) -> (+0 ms) -> Source IP (1) -> (+0 ms) -> Source IP (1) -> (+0 ms) -> Source IP (1) -> (+0 ms) -> Source IP (1) -> (+0 ms) -> Source IP (1)
SEQ_PRO_0373,Processed_Network_dataset,12,2019-04-24T03:20:52Z,2019-04-24T03:20:52Z,0.0,TND_PRO_007943,TND_PRO_007978,Source IP (1) -> (+0 ms) -> Source IP (1) -> (+0 ms) -> Source IP (1) -> (+0 ms) -> Source IP (1) -> (+0 ms) -> Source IP (1) -> (+0 ms) -> Source IP (1) -> (+0 ms) -> Source IP (1) -> (+0 ms) -> Source IP (1) -> (+0 ms) -> Source IP (1) -> (+0 ms) -> Source IP (1) -> (+0 ms) -> Source IP (1) -> (+0 ms) -> Source IP (1)
SEQ_PRO_0374,Processed_Network_dataset,12,2019-04-24T03:20:52Z,2019-04-24T03:20:52Z,0.0,TND_PRO_007988,TND_PRO_007999,Source IP (1) -> (+0 ms) -> Source IP (1) -> (+0 ms) -> Source IP (1) -> (+0 ms) -> Source IP (1) -> (+0 ms) -> Source IP (1) -> (+0 ms) -> Source IP (1) -> (+0 ms) -> Source IP (1) -> (+0 ms) -> Source IP (1) -> (+0 ms) -> Source IP (1) -> (+0 ms) -> Source IP (1) -> (+0 ms) -> Source IP (1) -> (+0 ms) -> Source IP (1)
SEQ_PRO_0375,Processed_Network_dataset,12,2019-04-24T03:20:52Z,2019-04-24T03:20:52Z,0.0,TND_PRO_007998,TND_PRO_007967,Source IP (1) -> (+0 ms) -> Source IP (1) -> (+0 ms) -> Source IP (1) -> (+0 ms) -> Source IP (1) -> (+0 ms) -> Source IP (1) -> (+0 ms) -> Source IP (1) -> (+0 ms) -> Source IP (1) -> (+0 ms) -> Source IP (1) -> (+0 ms) -> Source IP (1) -> (+0 ms) -> Source IP (1) -> (+0 ms) -> Source IP (1) -> (+0 ms) -> Source IP (1)
SEQ_PRO_0376,Processed_Network_dataset,12,2019-04-24T03:20:52Z,2019-04-24T03:31:36Z,644.0,TND_PRO_007993,TND_PRO_008026,Source IP (1) -> (+0 ms) -> Source IP (1) -> (+10.7 min) -> Session (1) -> (+0 ms) -> Session (1) -> (+0 ms) -> Session (1) -> (+0 ms) -> Session (1) -> (+0 ms) -> Session (1) -> (+0 ms) -> Session (1) -> (+0 ms) -> Session (1) -> (+0 ms) -> Session (1) -> (+0 ms) -> Session (1) -> (+0 ms) -> Session (1)
SEQ_PRO_0377,Processed_Network_dataset,12,2019-04-24T03:31:36Z,2019-04-24T03:31:36Z,0.0,TND_PRO_008059,TND_PRO_008086,Session (1) -> (+0 ms) -> Session (1) -> (+0 ms) -> Session (1) -> (+0 ms) -> Session (1) -> (+0 ms) -> Session (1) -> (+0 ms) -> Session (1) -> (+0 ms) -> Session (1) -> (+0 ms) -> Session (1) -> (+0 ms) -> Session (1) -> (+0 ms) -> Session (1) -> (+0 ms) -> Session (1) -> (+0 ms) -> Session (1)
SEQ_PRO_0378,Processed_Network_dataset,12,2019-04-24T03:31:36Z,2019-04-24T03:31:36Z,0.0,TND_PRO_008055,TND_PRO_008098,Session (1) -> (+0 ms) -> Session (1) -> (+0 ms) -> Session (1) -> (+0 ms) -> Session (1) -> (+0 ms) -> Session (1) -> (+0 ms) -> Session (1) -> (+0 ms) -> Session (1) -> (+0 ms) -> Session (1) -> (+0 ms) -> Session (1) -> (+0 ms) -> Session (1) -> (+0 ms) -> Session (1) -> (+0 ms) -> Session (1)
SEQ_PRO_0379,Processed_Network_dataset,12,2019-04-24T03:31:36Z,2019-04-24T03:31:36Z,0.0,TND_PRO_008099,TND_PRO_008046,Session (1) -> (+0 ms) -> Session (1) -> (+0 ms) -> Session (1) -> (+0 ms) -> Session (1) -> (+0 ms) -> Session (1) -> (+0 ms) -> Session (1) -> (+0 ms) -> Session (1) -> (+0 ms) -> Session (1) -> (+0 ms) -> Session (1) -> (+0 ms) -> Session (1) -> (+0 ms) -> Session (1) -> (+0 ms) -> Session (1)
SEQ_PRO_0380,Processed_Network_dataset,12,2019-04-24T03:31:36Z,2019-04-24T03:31:36Z,0.0,TND_PRO_008047,TND_PRO_008090,Session (1) -> (+0 ms) -> Session (1) -> (+0 ms) -> Session (1) -> (+0 ms) -> Session (1) -> (+0 ms) -> Session (1) -> (+0 ms) -> Session (1) -> (+0 ms) -> Session (1) -> (+0 ms) -> Session (1) -> (+0 ms) -> Session (1) -> (+0 ms) -> Session (1) -> (+0 ms) -> Session (1) -> (+0 ms) -> Session (1)
SEQ_PRO_0381,Processed_Network_dataset,12,2019-04-24T03:31:36Z,2019-04-24T03:31:36Z,0.0,TND_PRO_008123,TND_PRO_008134,Session (1) -> (+0 ms) -> Session (1) -> (+0 ms) -> Session (1) -> (+0 ms) -> Session (1) -> (+0 ms) -> Session (1) -> (+0 ms) -> Session (1) -> (+0 ms) -> Session (1) -> (+0 ms) -> Session (1) -> (+0 ms) -> Session (1) -> (+0 ms) -> Session (1) -> (+0 ms) -> Session (1) -> (+0 ms) -> Session (1)
SEQ_PRO_0382,Processed_Network_dataset,12,2019-04-24T03:31:36Z,2019-04-24T03:31:36Z,0.0,TND_PRO_008103,TND_PRO_008146,Session (1) -> (+0 ms) -> Session (1) -> (+0 ms) -> Session (1) -> (+0 ms) -> Session (1) -> (+0 ms) -> Session (1) -> (+0 ms) -> Session (1) -> (+0 ms) -> Session (1) -> (+0 ms) -> Session (1) -> (+0 ms) -> Session (1) -> (+0 ms) -> Session (1) -> (+0 ms) -> Session (1) -> (+0 ms) -> Session (1)
SEQ_PRO_0383,Processed_Network_dataset,12,2019-04-24T03:31:36Z,2019-04-24T03:31:36Z,0.0,TND_PRO_008147,TND_PRO_008094,Session (1) -> (+0 ms) -> Session (1) -> (+0 ms) -> Session (1) -> (+0 ms) -> Session (1) -> (+0 ms) -> Session (1) -> (+0 ms) -> Session (1) -> (+0 ms) -> Session (1) -> (+0 ms) -> Session (1) -> (+0 ms) -> Session (1) -> (+0 ms) -> Session (1) -> (+0 ms) -> Session (1) -> (+0 ms) -> Session (1)
SEQ_PRO_0384,Processed_Network_dataset,12,2019-04-24T03:31:36Z,2019-04-24T03:31:36Z,0.0,TND_PRO_008095,TND_PRO_008138,Session (1) -> (+0 ms) -> Session (1) -> (+0 ms) -> Session (1) -> (+0 ms) -> Session (1) -> (+0 ms) -> Session (1) -> (+0 ms) -> Session (1) -> (+0 ms) -> Session (1) -> (+0 ms) -> Session (1) -> (+0 ms) -> Session (1) -> (+0 ms) -> Session (1) -> (+0 ms) -> Session (1) -> (+0 ms) -> Session (1)
SEQ_PRO_0385,Processed_Network_dataset,12,2019-04-24T03:31:36Z,2019-04-24T03:31:36Z,0.0,TND_PRO_008171,TND_PRO_008182,Session (1) -> (+0 ms) -> Session (1) -> (+0 ms) -> Session (1) -> (+0 ms) -> Session (1) -> (+0 ms) -> Session (1) -> (+0 ms) -> Session (1) -> (+0 ms) -> Session (1) -> (+0 ms) -> Session (1) -> (+0 ms) -> Session (1) -> (+0 ms) -> Session (1) -> (+0 ms) -> Session (1) -> (+0 ms) -> Session (1)
SEQ_PRO_0386,Processed_Network_dataset,12,2019-04-24T03:31:36Z,2019-04-24T03:31:36Z,0.0,TND_PRO_008151,TND_PRO_008194,Session (1) -> (+0 ms) -> Session (1) -> (+0 ms) -> Session (1) -> (+0 ms) -> Session (1) -> (+0 ms) -> Session (1) -> (+0 ms) -> Session (1) -> (+0 ms) -> Session (1) -> (+0 ms) -> Session (1) -> (+0 ms) -> Session (1) -> (+0 ms) -> Session (1) -> (+0 ms) -> Session (1) -> (+0 ms) -> Session (1)
SEQ_PRO_0387,Processed_Network_dataset,12,2019-04-24T03:31:36Z,2019-04-24T03:31:36Z,0.0,TND_PRO_008195,TND_PRO_008142,Session (1) -> (+0 ms) -> Session (1) -> (+0 ms) -> Session (1) -> (+0 ms) -> Session (1) -> (+0 ms) -> Session (1) -> (+0 ms) -> Session (1) -> (+0 ms) -> Session (1) -> (+0 ms) -> Session (1) -> (+0 ms) -> Session (1) -> (+0 ms) -> Session (1) -> (+0 ms) -> Session (1) -> (+0 ms) -> Session (1)
SEQ_PRO_0388,Processed_Network_dataset,12,2019-04-24T03:31:36Z,2019-04-24T03:31:36Z,0.0,TND_PRO_008143,TND_PRO_008186,Session (1) -> (+0 ms) -> Session (1) -> (+0 ms) -> Session (1) -> (+0 ms) -> Session (1) -> (+0 ms) -> Session (1) -> (+0 ms) -> Session (1) -> (+0 ms) -> Session (1) -> (+0 ms) -> Session (1) -> (+0 ms) -> Session (1) -> (+0 ms) -> Session (1) -> (+0 ms) -> Session (1) -> (+0 ms) -> Session (1)
SEQ_PRO_0389,Processed_Network_dataset,12,2019-04-24T03:31:36Z,2019-04-24T03:31:36Z,0.0,TND_PRO_008219,TND_PRO_008230,Session (1) -> (+0 ms) -> Session (1) -> (+0 ms) -> Session (1) -> (+0 ms) -> Session (1) -> (+0 ms) -> Session (1) -> (+0 ms) -> Session (1) -> (+0 ms) -> Session (1) -> (+0 ms) -> Session (1) -> (+0 ms) -> Session (1) -> (+0 ms) -> Session (1) -> (+0 ms) -> Session (1) -> (+0 ms) -> Session (1)
SEQ_PRO_0390,Processed_Network_dataset,12,2019-04-24T03:31:36Z,2019-04-24T03:31:36Z,0.0,TND_PRO_008199,TND_PRO_008242,Session (1) -> (+0 ms) -> Session (1) -> (+0 ms) -> Session (1) -> (+0 ms) -> Session (1) -> (+0 ms) -> Session (1) -> (+0 ms) -> Session (1) -> (+0 ms) -> Session (1) -> (+0 ms) -> Session (1) -> (+0 ms) -> Session (1) -> (+0 ms) -> Session (1) -> (+0 ms) -> Session (1) -> (+0 ms) -> Session (1)
SEQ_PRO_0391,Processed_Network_dataset,12,2019-04-24T03:31:36Z,2019-04-24T03:31:36Z,0.0,TND_PRO_008243,TND_PRO_008192,Session (1) -> (+0 ms) -> Session (1) -> (+0 ms) -> Session (1) -> (+0 ms) -> Session (1) -> (+0 ms) -> Session (1) -> (+0 ms) -> Session (1) -> (+0 ms) -> Session (1) -> (+0 ms) -> Session (1) -> (+0 ms) -> Session (1) -> (+0 ms) -> Session (1) -> (+0 ms) -> Session (1) -> (+0 ms) -> Session (1)
SEQ_PRO_0392,Processed_Network_dataset,12,2019-04-24T03:31:36Z,2019-04-24T03:31:36Z,0.0,TND_PRO_008231,TND_PRO_008067,Session (1) -> (+0 ms) -> Session (1) -> (+0 ms) -> Session (1) -> (+0 ms) -> Session (1) -> (+0 ms) -> Session (1) -> (+0 ms) -> Session (1) -> (+0 ms) -> Session (1) -> (+0 ms) -> Session (1) -> (+0 ms) -> Session (1) -> (+0 ms) -> Session (1) -> (+0 ms) -> Session (1) -> (+0 ms) -> Session (1)
SEQ_PRO_0393,Processed_Network_dataset,12,2019-04-24T03:31:36Z,2019-04-24T03:31:36Z,0.0,TND_PRO_008068,TND_PRO_008247,Session (1) -> (+0 ms) -> Session (1) -> (+0 ms) -> Session (1) -> (+0 ms) -> Session (1) -> (+0 ms) -> Session (1) -> (+0 ms) -> Session (1) -> (+0 ms) -> Session (1) -> (+0 ms) -> Session (1) -> (+0 ms) -> Session (1) -> (+0 ms) -> Session (1) -> (+0 ms) -> Session (1) -> (+0 ms) -> Session (1)
SEQ_PRO_0394,Processed_Network_dataset,12,2019-04-24T03:31:36Z,2019-04-24T03:31:36Z,0.0,TND_PRO_008237,TND_PRO_008037,Session (1) -> (+0 ms) -> Session (1) -> (+0 ms) -> Session (1) -> (+0 ms) -> Session (1) -> (+0 ms) -> Session (1) -> (+0 ms) -> Session (1) -> (+0 ms) -> Session (1) -> (+0 ms) -> Session (1) -> (+0 ms) -> Session (1) -> (+0 ms) -> Session (1) -> (+0 ms) -> Session (1) -> (+0 ms) -> Session (1)
SEQ_PRO_0395,Processed_Network_dataset,12,2019-04-24T03:31:36Z,2019-04-24T03:31:36Z,0.0,TND_PRO_008038,TND_PRO_008075,Session (1) -> (+0 ms) -> Session (1) -> (+0 ms) -> Session (1) -> (+0 ms) -> Session (1) -> (+0 ms) -> Session (1) -> (+0 ms) -> Session (1) -> (+0 ms) -> Session (1) -> (+0 ms) -> Session (1) -> (+0 ms) -> Session (1) -> (+0 ms) -> Session (1) -> (+0 ms) -> Session (1) -> (+0 ms) -> Session (1)
SEQ_PRO_0396,Processed_Network_dataset,12,2019-04-24T03:31:36Z,2019-04-24T03:31:36Z,0.0,TND_PRO_008076,TND_PRO_008011,Session (1) -> (+0 ms) -> Session (1) -> (+0 ms) -> Session (1) -> (+0 ms) -> Session (1) -> (+0 ms) -> Session (1) -> (+0 ms) -> Session (1) -> (+0 ms) -> Session (1) -> (+0 ms) -> Session (1) -> (+0 ms) -> Session (1) -> (+0 ms) -> Session (1) -> (+0 ms) -> Session (1) -> (+0 ms) -> Session (0)
SEQ_PRO_0397,Processed_Network_dataset,12,2019-04-24T04:16:00Z,2019-04-24T04:16:00Z,0.0,TND_PRO_008263,TND_PRO_008281,Source IP (1) -> (+0 ms) -> Source IP (1) -> (+0 ms) -> Source IP (1) -> (+0 ms) -> Source IP (1) -> (+0 ms) -> Source IP (1) -> (+0 ms) -> Source IP (1) -> (+0 ms) -> Source IP (1) -> (+0 ms) -> Source IP (1) -> (+0 ms) -> Source IP (1) -> (+0 ms) -> Source IP (1) -> (+0 ms) -> Source IP (1) -> (+0 ms) -> Source IP (1)
SEQ_PRO_0398,Processed_Network_dataset,12,2019-04-24T04:16:00Z,2019-04-24T04:16:00Z,0.0,TND_PRO_008255,TND_PRO_008288,Source IP (1) -> (+0 ms) -> Source IP (1) -> (+0 ms) -> Source IP (1) -> (+0 ms) -> Source IP (1) -> (+0 ms) -> Source IP (1) -> (+0 ms) -> Source IP (1) -> (+0 ms) -> Source IP (1) -> (+0 ms) -> Source IP (1) -> (+0 ms) -> Source IP (1) -> (+0 ms) -> Source IP (1) -> (+0 ms) -> Source IP (1) -> (+0 ms) -> Source IP (1)
SEQ_PRO_0399,Processed_Network_dataset,12,2019-04-24T04:16:00Z,2019-04-24T04:16:00Z,0.0,TND_PRO_008251,TND_PRO_008267,Source IP (1) -> (+0 ms) -> Source IP (1) -> (+0 ms) -> Source IP (1) -> (+0 ms) -> Source IP (1) -> (+0 ms) -> Source IP (1) -> (+0 ms) -> Source IP (1) -> (+0 ms) -> Source IP (1) -> (+0 ms) -> Source IP (1) -> (+0 ms) -> Source IP (1) -> (+0 ms) -> Source IP (1) -> (+0 ms) -> Source IP (1) -> (+0 ms) -> Source IP (1)
SEQ_PRO_0400,Processed_Network_dataset,12,2019-04-24T04:16:00Z,2019-04-24T04:16:01Z,1.0,TND_PRO_008262,TND_PRO_008321,Source IP (1) -> (+0 ms) -> Source IP (1) -> (+0 ms) -> Source IP (1) -> (+0 ms) -> Source IP (1) -> (+1.00 s) -> Source IP (1) -> (+0 ms) -> Source IP (1) -> (+0 ms) -> Source IP (1) -> (+0 ms) -> Source IP (1) -> (+0 ms) -> Source IP (1) -> (+0 ms) -> Source IP (1) -> (+0 ms) -> Source IP (1) -> (+0 ms) -> Source IP (1)
SEQ_PRO_0401,Processed_Network_dataset,12,2019-04-24T04:16:01Z,2019-04-24T04:16:01Z,0.0,TND_PRO_008324,TND_PRO_008381,Source IP (1) -> (+0 ms) -> Source IP (1) -> (+0 ms) -> Source IP (1) -> (+0 ms) -> Source IP (0) -> (+0 ms) -> Source IP (1) -> (+0 ms) -> Source IP (1) -> (+0 ms) -> Source IP (1) -> (+0 ms) -> Source IP (1) -> (+0 ms) -> Source IP (1) -> (+0 ms) -> Source IP (1) -> (+0 ms) -> Source IP (1) -> (+0 ms) -> Source IP (1)
SEQ_PRO_0402,Processed_Network_dataset,12,2019-04-24T04:16:01Z,2019-04-24T04:16:01Z,0.0,TND_PRO_008307,TND_PRO_008348,Source IP (1) -> (+0 ms) -> Source IP (1) -> (+0 ms) -> Source IP (1) -> (+0 ms) -> Source IP (1) -> (+0 ms) -> Source IP (1) -> (+0 ms) -> Source IP (1) -> (+0 ms) -> Source IP (1) -> (+0 ms) -> Source IP (1) -> (+0 ms) -> Source IP (1) -> (+0 ms) -> Source IP (1) -> (+0 ms) -> Source IP (1) -> (+0 ms) -> Source IP (1)
SEQ_PRO_0403,Processed_Network_dataset,12,2019-04-24T04:16:01Z,2019-04-24T04:16:01Z,0.0,TND_PRO_008347,TND_PRO_008304,Source IP (1) -> (+0 ms) -> Source IP (1) -> (+0 ms) -> Source IP (1) -> (+0 ms) -> Source IP (1) -> (+0 ms) -> Source IP (1) -> (+0 ms) -> Source IP (0) -> (+0 ms) -> Source IP (1) -> (+0 ms) -> Source IP (1) -> (+0 ms) -> Source IP (1) -> (+0 ms) -> Source IP (1) -> (+0 ms) -> Source IP (1) -> (+0 ms) -> Source IP (1)
SEQ_PRO_0404,Processed_Network_dataset,12,2019-04-24T04:16:01Z,2019-04-24T04:16:01Z,0.0,TND_PRO_008303,TND_PRO_008388,Source IP (1) -> (+0 ms) -> Source IP (1) -> (+0 ms) -> Source IP (1) -> (+0 ms) -> Source IP (1) -> (+0 ms) -> Source IP (1) -> (+0 ms) -> Source IP (1) -> (+0 ms) -> Source IP (1) -> (+0 ms) -> Source IP (1) -> (+0 ms) -> Source IP (1) -> (+0 ms) -> Source IP (1) -> (+0 ms) -> Source IP (1) -> (+0 ms) -> Source IP (1)
SEQ_PRO_0405,Processed_Network_dataset,12,2019-04-24T04:16:01Z,2019-04-24T04:16:01Z,0.0,TND_PRO_008387,TND_PRO_008344,Source IP (0) -> (+0 ms) -> Source IP (1) -> (+0 ms) -> Source IP (1) -> (+0 ms) -> Source IP (1) -> (+0 ms) -> Source IP (1) -> (+0 ms) -> Source IP (1) -> (+0 ms) -> Source IP (1) -> (+0 ms) -> Source IP (1) -> (+0 ms) -> Source IP (1) -> (+0 ms) -> Source IP (1) -> (+0 ms) -> Source IP (1) -> (+0 ms) -> Source IP (1)
SEQ_PRO_0406,Processed_Network_dataset,12,2019-04-24T04:16:01Z,2019-04-24T04:16:01Z,0.0,TND_PRO_008405,TND_PRO_008332,Source IP (1) -> (+0 ms) -> Source IP (0) -> (+0 ms) -> Source IP (0) -> (+0 ms) -> Source IP (1) -> (+0 ms) -> Source IP (1) -> (+0 ms) -> Source IP (1) -> (+0 ms) -> Source IP (1) -> (+0 ms) -> Source IP (1) -> (+0 ms) -> Source IP (1) -> (+0 ms) -> Source IP (1) -> (+0 ms) -> Source IP (1) -> (+0 ms) -> Source IP (1)
SEQ_PRO_0407,Processed_Network_dataset,12,2019-04-24T04:16:01Z,2019-04-24T04:16:01Z,0.0,TND_PRO_008331,TND_PRO_008365,Source IP (1) -> (+0 ms) -> Source IP (1) -> (+0 ms) -> Source IP (1) -> (+0 ms) -> Source IP (0) -> (+0 ms) -> Source IP (1) -> (+0 ms) -> Source IP (1) -> (+0 ms) -> Source IP (1) -> (+0 ms) -> Source IP (0) -> (+0 ms) -> Source IP (1) -> (+0 ms) -> Source IP (1) -> (+0 ms) -> Source IP (1) -> (+0 ms) -> Source IP (1)
SEQ_PRO_0408,Processed_Network_dataset,12,2019-04-24T04:16:01Z,2019-04-24T04:16:01Z,0.0,TND_PRO_008360,TND_PRO_008401,Source IP (1) -> (+0 ms) -> Source IP (1) -> (+0 ms) -> Source IP (1) -> (+0 ms) -> Source IP (1) -> (+0 ms) -> Source IP (0) -> (+0 ms) -> Source IP (1) -> (+0 ms) -> Source IP (1) -> (+0 ms) -> Source IP (1) -> (+0 ms) -> Source IP (1) -> (+0 ms) -> Source IP (1) -> (+0 ms) -> Source IP (1) -> (+0 ms) -> Source IP (1)
SEQ_PRO_0409,Processed_Network_dataset,12,2019-04-24T04:16:01Z,2019-04-24T04:16:01Z,0.0,TND_PRO_008377,TND_PRO_008391,Source IP (1) -> (+0 ms) -> Source IP (1) -> (+0 ms) -> Source IP (1) -> (+0 ms) -> Source IP (1) -> (+0 ms) -> Source IP (1) -> (+0 ms) -> Source IP (1) -> (+0 ms) -> Source IP (1) -> (+0 ms) -> Source IP (1) -> (+0 ms) -> Source IP (1) -> (+0 ms) -> Source IP (1) -> (+0 ms) -> Source IP (1) -> (+0 ms) -> Source IP (1)
SEQ_PRO_0410,Processed_Network_dataset,12,2019-04-24T04:16:01Z,2019-04-24T04:16:02Z,1.0,TND_PRO_008366,TND_PRO_008499,Source IP (1) -> (+1.00 s) -> Source IP (1) -> (+0 ms) -> Source IP (1) -> (+0 ms) -> Source IP (1) -> (+0 ms) -> Source IP (1) -> (+0 ms) -> Source IP (1) -> (+0 ms) -> Source IP (1) -> (+0 ms) -> Source IP (1) -> (+0 ms) -> Source IP (1) -> (+0 ms) -> Source IP (1) -> (+0 ms) -> Source IP (1) -> (+0 ms) -> Source IP (1)
SEQ_PRO_0411,Processed_Network_dataset,12,2019-04-24T04:16:02Z,2019-04-24T04:16:02Z,0.0,TND_PRO_008500,TND_PRO_008408,Source IP (1) -> (+0 ms) -> Source IP (1) -> (+0 ms) -> Source IP (1) -> (+0 ms) -> Source IP (1) -> (+0 ms) -> Source IP (1) -> (+0 ms) -> Source IP (1) -> (+0 ms) -> Source IP (1) -> (+0 ms) -> Source IP (1) -> (+0 ms) -> Source IP (1) -> (+0 ms) -> Source IP (1) -> (+0 ms) -> Source IP (1) -> (+0 ms) -> Source IP (1)
SEQ_PRO_0412,Processed_Network_dataset,12,2019-04-24T04:16:02Z,2019-04-24T04:16:02Z,0.0,TND_PRO_008409,TND_PRO_008454,Source IP (1) -> (+0 ms) -> Source IP (1) -> (+0 ms) -> Source IP (0) -> (+0 ms) -> Source IP (1) -> (+0 ms) -> Source IP (0) -> (+0 ms) -> Source IP (1) -> (+0 ms) -> Source IP (0) -> (+0 ms) -> Source IP (1) -> (+0 ms) -> Source IP (1) -> (+0 ms) -> Source IP (1) -> (+0 ms) -> Source IP (1) -> (+0 ms) -> Source IP (1)
SEQ_PRO_0413,Processed_Network_dataset,12,2019-04-24T04:16:02Z,2019-04-24T04:16:02Z,0.0,TND_PRO_008423,TND_PRO_008468,Source IP (1) -> (+0 ms) -> Source IP (1) -> (+0 ms) -> Source IP (1) -> (+0 ms) -> Source IP (1) -> (+0 ms) -> Source IP (1) -> (+0 ms) -> Source IP (1) -> (+0 ms) -> Source IP (1) -> (+0 ms) -> Source IP (1) -> (+0 ms) -> Source IP (1) -> (+0 ms) -> Source IP (1) -> (+0 ms) -> Source IP (1) -> (+0 ms) -> Source IP (1)
SEQ_PRO_0414,Processed_Network_dataset,12,2019-04-24T04:16:02Z,2019-04-24T04:16:02Z,0.0,TND_PRO_008469,TND_PRO_008448,Source IP (0) -> (+0 ms) -> Source IP (1) -> (+0 ms) -> Source IP (1) -> (+0 ms) -> Source IP (1) -> (+0 ms) -> Source IP (1) -> (+0 ms) -> Source IP (0) -> (+0 ms) -> Source IP (1) -> (+0 ms) -> Source IP (1) -> (+0 ms) -> Source IP (1) -> (+0 ms) -> Source IP (1) -> (+0 ms) -> Source IP (1) -> (+0 ms) -> Source IP (1)
SEQ_PRO_0415,Processed_Network_dataset,12,2019-04-24T04:16:02Z,2019-04-24T04:16:02Z,0.0,TND_PRO_008481,TND_PRO_008492,Source IP (1) -> (+0 ms) -> Source IP (1) -> (+0 ms) -> Source IP (1) -> (+0 ms) -> Source IP (1) -> (+0 ms) -> Source IP (1) -> (+0 ms) -> Source IP (1) -> (+0 ms) -> Source IP (1) -> (+0 ms) -> Source IP (0) -> (+0 ms) -> Source IP (1) -> (+0 ms) -> Source IP (1) -> (+0 ms) -> Source IP (1) -> (+0 ms) -> Source IP (1)
SEQ_PRO_0416,Processed_Network_dataset,12,2019-04-24T04:16:02Z,2019-04-24T04:16:02Z,0.0,TND_PRO_008429,TND_PRO_008472,Source IP (1) -> (+0 ms) -> Source IP (1) -> (+0 ms) -> Source IP (1) -> (+0 ms) -> Source IP (1) -> (+0 ms) -> Source IP (1) -> (+0 ms) -> Source IP (1) -> (+0 ms) -> Source IP (1) -> (+0 ms) -> Source IP (1) -> (+0 ms) -> Source IP (1) -> (+0 ms) -> Source IP (0) -> (+0 ms) -> Source IP (1) -> (+0 ms) -> Source IP (1)
SEQ_PRO_0417,Processed_Network_dataset,12,2019-04-24T04:16:02Z,2019-04-24T06:12:48Z,7006.0,TND_PRO_008473,TND_PRO_008671,Source IP (1) -> (+0 ms) -> Source IP (0) -> (+0 ms) -> Source IP (1) -> (+0 ms) -> Source IP (1) -> (+0 ms) -> Source IP (1) -> (+0 ms) -> Source IP (1) -> (+0 ms) -> Source IP (1) -> (+0 ms) -> Source IP (1) -> (+0 ms) -> Source IP (1) -> (+0 ms) -> Source IP (0) -> (+116.8 min) -> Source IP (1) -> (+0 ms) -> Source IP (1)
SEQ_PRO_0418,Processed_Network_dataset,12,2019-04-24T06:12:48Z,2019-04-24T06:12:48Z,0.0,TND_PRO_008670,TND_PRO_008643,Source IP (1) -> (+0 ms) -> Source IP (1) -> (+0 ms) -> Source IP (1) -> (+0 ms) -> Source IP (1) -> (+0 ms) -> Source IP (1) -> (+0 ms) -> Source IP (1) -> (+0 ms) -> Source IP (1) -> (+0 ms) -> Source IP (1) -> (+0 ms) -> Source IP (1) -> (+0 ms) -> Source IP (1) -> (+0 ms) -> Source IP (1) -> (+0 ms) -> Source IP (1)
SEQ_PRO_0419,Processed_Network_dataset,12,2019-04-24T06:12:48Z,2019-04-24T06:12:48Z,0.0,TND_PRO_008642,TND_PRO_008631,Source IP (1) -> (+0 ms) -> Source IP (1) -> (+0 ms) -> Source IP (1) -> (+0 ms) -> Source IP (1) -> (+0 ms) -> Source IP (1) -> (+0 ms) -> Source IP (1) -> (+0 ms) -> Source IP (1) -> (+0 ms) -> Source IP (1) -> (+0 ms) -> Source IP (1) -> (+0 ms) -> Source IP (1) -> (+0 ms) -> Source IP (1) -> (+0 ms) -> Source IP (1)
SEQ_PRO_0420,Processed_Network_dataset,12,2019-04-24T06:12:48Z,2019-04-24T06:12:48Z,0.0,TND_PRO_008630,TND_PRO_008619,Source IP (1) -> (+0 ms) -> Source IP (1) -> (+0 ms) -> Source IP (1) -> (+0 ms) -> Source IP (1) -> (+0 ms) -> Source IP (1) -> (+0 ms) -> Source IP (1) -> (+0 ms) -> Source IP (1) -> (+0 ms) -> Source IP (1) -> (+0 ms) -> Source IP (1) -> (+0 ms) -> Source IP (1) -> (+0 ms) -> Source IP (1) -> (+0 ms) -> Source IP (1)
SEQ_PRO_0421,Processed_Network_dataset,12,2019-04-24T06:12:48Z,2019-04-24T06:12:48Z,0.0,TND_PRO_008618,TND_PRO_008575,Source IP (1) -> (+0 ms) -> Source IP (1) -> (+0 ms) -> Source IP (1) -> (+0 ms) -> Source IP (1) -> (+0 ms) -> Source IP (1) -> (+0 ms) -> Source IP (1) -> (+0 ms) -> Source IP (1) -> (+0 ms) -> Source IP (1) -> (+0 ms) -> Source IP (1) -> (+0 ms) -> Source IP (1) -> (+0 ms) -> Source IP (1) -> (+0 ms) -> Source IP (1)
SEQ_PRO_0422,Processed_Network_dataset,12,2019-04-24T06:12:48Z,2019-04-24T06:12:48Z,0.0,TND_PRO_008574,TND_PRO_008595,Source IP (1) -> (+0 ms) -> Source IP (1) -> (+0 ms) -> Source IP (1) -> (+0 ms) -> Source IP (1) -> (+0 ms) -> Source IP (1) -> (+0 ms) -> Source IP (1) -> (+0 ms) -> Source IP (1) -> (+0 ms) -> Source IP (1) -> (+0 ms) -> Source IP (1) -> (+0 ms) -> Source IP (1) -> (+0 ms) -> Source IP (1) -> (+0 ms) -> Source IP (1)
SEQ_PRO_0423,Processed_Network_dataset,12,2019-04-24T06:12:48Z,2019-04-24T06:12:48Z,0.0,TND_PRO_008594,TND_PRO_008583,Source IP (1) -> (+0 ms) -> Source IP (1) -> (+0 ms) -> Source IP (1) -> (+0 ms) -> Source IP (1) -> (+0 ms) -> Source IP (1) -> (+0 ms) -> Source IP (1) -> (+0 ms) -> Source IP (1) -> (+0 ms) -> Source IP (1) -> (+0 ms) -> Source IP (1) -> (+0 ms) -> Source IP (1) -> (+0 ms) -> Source IP (0) -> (+0 ms) -> Source IP (1)
SEQ_PRO_0424,Processed_Network_dataset,12,2019-04-24T06:12:48Z,2019-04-24T06:12:48Z,0.0,TND_PRO_008582,TND_PRO_008571,Source IP (1) -> (+0 ms) -> Source IP (1) -> (+0 ms) -> Source IP (1) -> (+0 ms) -> Source IP (1) -> (+0 ms) -> Source IP (1) -> (+0 ms) -> Source IP (1) -> (+0 ms) -> Source IP (1) -> (+0 ms) -> Source IP (1) -> (+0 ms) -> Source IP (1) -> (+0 ms) -> Source IP (1) -> (+0 ms) -> Source IP (1) -> (+0 ms) -> Source IP (1)
SEQ_PRO_0425,Processed_Network_dataset,12,2019-04-24T06:12:48Z,2019-04-24T06:12:48Z,0.0,TND_PRO_008570,TND_PRO_008527,Source IP (1) -> (+0 ms) -> Source IP (1) -> (+0 ms) -> Source IP (1) -> (+0 ms) -> Source IP (1) -> (+0 ms) -> Source IP (1) -> (+0 ms) -> Source IP (1) -> (+0 ms) -> Source IP (1) -> (+0 ms) -> Source IP (1) -> (+0 ms) -> Source IP (1) -> (+0 ms) -> Source IP (1) -> (+0 ms) -> Source IP (1) -> (+0 ms) -> Source IP (1)
SEQ_PRO_0426,Processed_Network_dataset,12,2019-04-24T06:12:48Z,2019-04-24T06:12:48Z,0.0,TND_PRO_008526,TND_PRO_008547,Source IP (1) -> (+0 ms) -> Source IP (1) -> (+0 ms) -> Source IP (1) -> (+0 ms) -> Source IP (1) -> (+0 ms) -> Source IP (1) -> (+0 ms) -> Source IP (1) -> (+0 ms) -> Source IP (1) -> (+0 ms) -> Source IP (1) -> (+0 ms) -> Source IP (1) -> (+0 ms) -> Source IP (1) -> (+0 ms) -> Source IP (1) -> (+0 ms) -> Source IP (1)
SEQ_PRO_0427,Processed_Network_dataset,12,2019-04-24T06:12:48Z,2019-04-24T06:12:48Z,0.0,TND_PRO_008546,TND_PRO_008535,Source IP (1) -> (+0 ms) -> Source IP (1) -> (+0 ms) -> Source IP (1) -> (+0 ms) -> Source IP (1) -> (+0 ms) -> Source IP (1) -> (+0 ms) -> Source IP (1) -> (+0 ms) -> Source IP (1) -> (+0 ms) -> Source IP (1) -> (+0 ms) -> Source IP (1) -> (+0 ms) -> Source IP (1) -> (+0 ms) -> Source IP (1) -> (+0 ms) -> Source IP (1)
SEQ_PRO_0428,Processed_Network_dataset,12,2019-04-24T06:12:48Z,2019-04-24T06:12:48Z,0.0,TND_PRO_008534,TND_PRO_008519,Source IP (1) -> (+0 ms) -> Source IP (1) -> (+0 ms) -> Source IP (1) -> (+0 ms) -> Source IP (1) -> (+0 ms) -> Source IP (1) -> (+0 ms) -> Source IP (1) -> (+0 ms) -> Source IP (1) -> (+0 ms) -> Source IP (1) -> (+0 ms) -> Source IP (1) -> (+0 ms) -> Source IP (1) -> (+0 ms) -> Source IP (1) -> (+0 ms) -> Source IP (1)
SEQ_PRO_0429,Processed_Network_dataset,12,2019-04-24T06:12:48Z,2019-04-24T06:12:48Z,0.0,TND_PRO_008518,TND_PRO_008715,Source IP (1) -> (+0 ms) -> Source IP (1) -> (+0 ms) -> Source IP (0) -> (+0 ms) -> Source IP (1) -> (+0 ms) -> Source IP (1) -> (+0 ms) -> Source IP (1) -> (+0 ms) -> Source IP (1) -> (+0 ms) -> Source IP (1) -> (+0 ms) -> Source IP (1) -> (+0 ms) -> Source IP (1) -> (+0 ms) -> Source IP (1) -> (+0 ms) -> Source IP (1)
SEQ_PRO_0430,Processed_Network_dataset,12,2019-04-24T06:12:48Z,2019-04-24T06:12:48Z,0.0,TND_PRO_008714,TND_PRO_008507,Source IP (1) -> (+0 ms) -> Source IP (1) -> (+0 ms) -> Source IP (1) -> (+0 ms) -> Source IP (1) -> (+0 ms) -> Source IP (1) -> (+0 ms) -> Source IP (1) -> (+0 ms) -> Source IP (1) -> (+0 ms) -> Source IP (1) -> (+0 ms) -> Source IP (1) -> (+0 ms) -> Source IP (1) -> (+0 ms) -> Source IP (1) -> (+0 ms) -> Source IP (1)
SEQ_PRO_0431,Processed_Network_dataset,12,2019-04-24T06:12:48Z,2019-04-24T06:12:48Z,0.0,TND_PRO_008506,TND_PRO_008731,Source IP (1) -> (+0 ms) -> Source IP (1) -> (+0 ms) -> Source IP (1) -> (+0 ms) -> Source IP (1) -> (+0 ms) -> Source IP (1) -> (+0 ms) -> Source IP (1) -> (+0 ms) -> Source IP (1) -> (+0 ms) -> Source IP (1) -> (+0 ms) -> Source IP (1) -> (+0 ms) -> Source IP (1) -> (+0 ms) -> Source IP (1) -> (+0 ms) -> Source IP (1)
SEQ_PRO_0432,Processed_Network_dataset,12,2019-04-24T06:12:48Z,2019-04-24T06:12:48Z,0.0,TND_PRO_008730,TND_PRO_008719,Source IP (1) -> (+0 ms) -> Source IP (1) -> (+0 ms) -> Source IP (1) -> (+0 ms) -> Source IP (1) -> (+0 ms) -> Source IP (1) -> (+0 ms) -> Source IP (1) -> (+0 ms) -> Source IP (1) -> (+0 ms) -> Source IP (1) -> (+0 ms) -> Source IP (1) -> (+0 ms) -> Source IP (1) -> (+0 ms) -> Source IP (1) -> (+0 ms) -> Source IP (1)
SEQ_PRO_0433,Processed_Network_dataset,12,2019-04-24T06:12:48Z,2019-04-24T06:12:48Z,0.0,TND_PRO_008718,TND_PRO_008639,Source IP (1) -> (+0 ms) -> Source IP (1) -> (+0 ms) -> Source IP (1) -> (+0 ms) -> Source IP (1) -> (+0 ms) -> Source IP (1) -> (+0 ms) -> Source IP (1) -> (+0 ms) -> Source IP (1) -> (+0 ms) -> Source IP (1) -> (+0 ms) -> Source IP (1) -> (+0 ms) -> Source IP (1) -> (+0 ms) -> Source IP (1) -> (+0 ms) -> Source IP (1)
SEQ_PRO_0434,Processed_Network_dataset,12,2019-04-24T06:12:48Z,2019-04-24T06:12:48Z,0.0,TND_PRO_008638,TND_PRO_008693,Source IP (1) -> (+0 ms) -> Source IP (1) -> (+0 ms) -> Source IP (1) -> (+0 ms) -> Source IP (1) -> (+0 ms) -> Source IP (1) -> (+0 ms) -> Source IP (1) -> (+0 ms) -> Source IP (1) -> (+0 ms) -> Source IP (1) -> (+0 ms) -> Source IP (1) -> (+0 ms) -> Source IP (1) -> (+0 ms) -> Source IP (1) -> (+0 ms) -> Source IP (1)
SEQ_PRO_0435,Processed_Network_dataset,12,2019-04-24T06:12:48Z,2019-04-24T06:12:48Z,0.0,TND_PRO_008692,TND_PRO_008747,Source IP (1) -> (+0 ms) -> Source IP (1) -> (+0 ms) -> Source IP (1) -> (+0 ms) -> Source IP (1) -> (+0 ms) -> Source IP (1) -> (+0 ms) -> Source IP (1) -> (+0 ms) -> Source IP (1) -> (+0 ms) -> Source IP (1) -> (+0 ms) -> Source IP (1) -> (+0 ms) -> Source IP (1) -> (+0 ms) -> Source IP (1) -> (+0 ms) -> Source IP (1)
SEQ_PRO_0436,Processed_Network_dataset,12,2019-04-24T06:12:48Z,2019-04-24T06:12:48Z,0.0,TND_PRO_008746,TND_PRO_008735,Source IP (1) -> (+0 ms) -> Source IP (1) -> (+0 ms) -> Source IP (1) -> (+0 ms) -> Source IP (1) -> (+0 ms) -> Source IP (1) -> (+0 ms) -> Source IP (1) -> (+0 ms) -> Source IP (1) -> (+0 ms) -> Source IP (1) -> (+0 ms) -> Source IP (1) -> (+0 ms) -> Source IP (1) -> (+0 ms) -> Source IP (1) -> (+0 ms) -> Source IP (1)
SEQ_PRO_0437,Processed_Network_dataset,12,2019-04-24T06:12:48Z,2019-04-24T06:12:48Z,0.0,TND_PRO_008734,TND_PRO_008661,Source IP (1) -> (+0 ms) -> Source IP (1) -> (+0 ms) -> Source IP (1) -> (+0 ms) -> Source IP (1) -> (+0 ms) -> Source IP (1) -> (+0 ms) -> Source IP (1) -> (+0 ms) -> Source IP (1) -> (+0 ms) -> Source IP (1) -> (+0 ms) -> Source IP (1) -> (+0 ms) -> Source IP (1) -> (+0 ms) -> Source IP (1) -> (+0 ms) -> Source IP (1)
SEQ_PRO_0438,Processed_Network_dataset,12,2019-04-24T06:12:48Z,2019-04-24T20:13:13Z,50425.0,TND_PRO_008660,TND_PRO_008921,Source IP (1) -> (+0 ms) -> Source IP (1) -> (+0 ms) -> Source IP (1) -> (+0 ms) -> Source IP (1) -> (+0 ms) -> Source IP (1) -> (+0 ms) -> Source IP (1) -> (+0 ms) -> Source IP (1) -> (+0 ms) -> Source IP (1) -> (+840.4 min) -> Source IP (1) -> (+0 ms) -> Source IP (1) -> (+0 ms) -> Source IP (1) -> (+0 ms) -> Source IP (1)
SEQ_PRO_0439,Processed_Network_dataset,12,2019-04-24T20:13:13Z,2019-04-24T20:13:13Z,0.0,TND_PRO_008920,TND_PRO_008885,Source IP (1) -> (+0 ms) -> Source IP (1) -> (+0 ms) -> Source IP (1) -> (+0 ms) -> Source IP (1) -> (+0 ms) -> Source IP (1) -> (+0 ms) -> Source IP (1) -> (+0 ms) -> Source IP (1) -> (+0 ms) -> Source IP (1) -> (+0 ms) -> Source IP (1) -> (+0 ms) -> Source IP (1) -> (+0 ms) -> Source IP (1) -> (+0 ms) -> Source IP (1)
SEQ_PRO_0440,Processed_Network_dataset,12,2019-04-24T20:13:13Z,2019-04-24T20:13:13Z,0.0,TND_PRO_008916,TND_PRO_008905,Source IP (1) -> (+0 ms) -> Source IP (1) -> (+0 ms) -> Source IP (1) -> (+0 ms) -> Source IP (1) -> (+0 ms) -> Source IP (1) -> (+0 ms) -> Source IP (1) -> (+0 ms) -> Source IP (1) -> (+0 ms) -> Source IP (1) -> (+0 ms) -> Source IP (1) -> (+0 ms) -> Source IP (1) -> (+0 ms) -> Source IP (1) -> (+0 ms) -> Source IP (1)
SEQ_PRO_0441,Processed_Network_dataset,12,2019-04-24T20:13:13Z,2019-04-24T20:13:13Z,0.0,TND_PRO_008904,TND_PRO_008892,Source IP (1) -> (+0 ms) -> Source IP (1) -> (+0 ms) -> Source IP (1) -> (+0 ms) -> Source IP (1) -> (+0 ms) -> Source IP (1) -> (+0 ms) -> Source IP (1) -> (+0 ms) -> Source IP (1) -> (+0 ms) -> Source IP (1) -> (+0 ms) -> Source IP (1) -> (+0 ms) -> Source IP (1) -> (+0 ms) -> Source IP (1) -> (+0 ms) -> Source IP (1)
SEQ_PRO_0442,Processed_Network_dataset,12,2019-04-24T20:13:13Z,2019-04-24T20:13:13Z,0.0,TND_PRO_008900,TND_PRO_008881,Source IP (1) -> (+0 ms) -> Source IP (1) -> (+0 ms) -> Source IP (1) -> (+0 ms) -> Source IP (1) -> (+0 ms) -> Source IP (1) -> (+0 ms) -> Source IP (1) -> (+0 ms) -> Source IP (1) -> (+0 ms) -> Source IP (1) -> (+0 ms) -> Source IP (1) -> (+0 ms) -> Source IP (1) -> (+0 ms) -> Source IP (1) -> (+0 ms) -> Source IP (1)
SEQ_PRO_0443,Processed_Network_dataset,12,2019-04-24T20:13:13Z,2019-04-24T20:13:13Z,0.0,TND_PRO_008848,TND_PRO_008869,Source IP (1) -> (+0 ms) -> Source IP (1) -> (+0 ms) -> Source IP (1) -> (+0 ms) -> Source IP (1) -> (+0 ms) -> Source IP (1) -> (+0 ms) -> Source IP (1) -> (+0 ms) -> Source IP (1) -> (+0 ms) -> Source IP (1) -> (+0 ms) -> Source IP (1) -> (+0 ms) -> Source IP (1) -> (+0 ms) -> Source IP (1) -> (+0 ms) -> Source IP (1)
SEQ_PRO_0444,Processed_Network_dataset,12,2019-04-24T20:13:13Z,2019-04-24T20:13:13Z,0.0,TND_PRO_008837,TND_PRO_008816,Source IP (1) -> (+0 ms) -> Source IP (1) -> (+0 ms) -> Source IP (1) -> (+0 ms) -> Source IP (1) -> (+0 ms) -> Source IP (1) -> (+0 ms) -> Source IP (1) -> (+0 ms) -> Source IP (1) -> (+0 ms) -> Source IP (1) -> (+0 ms) -> Source IP (1) -> (+0 ms) -> Source IP (1) -> (+0 ms) -> Source IP (1) -> (+0 ms) -> Source IP (1)
SEQ_PRO_0445,Processed_Network_dataset,12,2019-04-24T20:13:13Z,2019-04-24T20:13:13Z,0.0,TND_PRO_008849,TND_PRO_008860,Source IP (1) -> (+0 ms) -> Source IP (1) -> (+0 ms) -> Source IP (1) -> (+0 ms) -> Source IP (1) -> (+0 ms) -> Source IP (1) -> (+0 ms) -> Source IP (1) -> (+0 ms) -> Source IP (1) -> (+0 ms) -> Source IP (1) -> (+0 ms) -> Source IP (1) -> (+0 ms) -> Source IP (1) -> (+0 ms) -> Source IP (1) -> (+0 ms) -> Source IP (1)
SEQ_PRO_0446,Processed_Network_dataset,12,2019-04-24T20:13:13Z,2019-04-24T20:13:13Z,0.0,TND_PRO_008829,TND_PRO_008800,Source IP (1) -> (+0 ms) -> Source IP (1) -> (+0 ms) -> Source IP (1) -> (+0 ms) -> Source IP (1) -> (+0 ms) -> Source IP (1) -> (+0 ms) -> Source IP (1) -> (+0 ms) -> Source IP (1) -> (+0 ms) -> Source IP (1) -> (+0 ms) -> Source IP (1) -> (+0 ms) -> Source IP (1) -> (+0 ms) -> Source IP (1) -> (+0 ms) -> Source IP (1)
SEQ_PRO_0447,Processed_Network_dataset,12,2019-04-24T20:13:13Z,2019-04-24T20:13:13Z,0.0,TND_PRO_008833,TND_PRO_008789,Source IP (1) -> (+0 ms) -> Source IP (1) -> (+0 ms) -> Source IP (1) -> (+0 ms) -> Source IP (1) -> (+0 ms) -> Source IP (1) -> (+0 ms) -> Source IP (1) -> (+0 ms) -> Source IP (1) -> (+0 ms) -> Source IP (1) -> (+0 ms) -> Source IP (1) -> (+0 ms) -> Source IP (1) -> (+0 ms) -> Source IP (1) -> (+0 ms) -> Source IP (1)
SEQ_PRO_0448,Processed_Network_dataset,12,2019-04-24T20:13:13Z,2019-04-24T20:13:13Z,0.0,TND_PRO_008820,TND_PRO_008809,Source IP (1) -> (+0 ms) -> Source IP (1) -> (+0 ms) -> Source IP (1) -> (+0 ms) -> Source IP (1) -> (+0 ms) -> Source IP (1) -> (+0 ms) -> Source IP (1) -> (+0 ms) -> Source IP (1) -> (+0 ms) -> Source IP (1) -> (+0 ms) -> Source IP (1) -> (+0 ms) -> Source IP (1) -> (+0 ms) -> Source IP (1) -> (+0 ms) -> Source IP (1)
SEQ_PRO_0449,Processed_Network_dataset,12,2019-04-24T20:13:13Z,2019-04-24T20:13:13Z,0.0,TND_PRO_008808,TND_PRO_008780,Source IP (1) -> (+0 ms) -> Source IP (1) -> (+0 ms) -> Source IP (1) -> (+0 ms) -> Source IP (1) -> (+0 ms) -> Source IP (1) -> (+0 ms) -> Source IP (1) -> (+0 ms) -> Source IP (1) -> (+0 ms) -> Source IP (1) -> (+0 ms) -> Source IP (1) -> (+0 ms) -> Source IP (1) -> (+0 ms) -> Source IP (1) -> (+0 ms) -> Source IP (1)
SEQ_PRO_0450,Processed_Network_dataset,12,2019-04-24T20:13:13Z,2019-04-24T20:13:13Z,0.0,TND_PRO_008751,TND_PRO_008762,Source IP (1) -> (+0 ms) -> Source IP (1) -> (+0 ms) -> Source IP (1) -> (+0 ms) -> Source IP (1) -> (+0 ms) -> Source IP (1) -> (+0 ms) -> Source IP (1) -> (+0 ms) -> Source IP (1) -> (+0 ms) -> Source IP (1) -> (+0 ms) -> Source IP (1) -> (+0 ms) -> Source IP (1) -> (+0 ms) -> Source IP (1) -> (+0 ms) -> Source IP (1)
SEQ_PRO_0451,Processed_Network_dataset,12,2019-04-24T20:13:13Z,2019-04-24T20:13:13Z,0.0,TND_PRO_008763,TND_PRO_008804,Source IP (1) -> (+0 ms) -> Source IP (1) -> (+0 ms) -> Source IP (1) -> (+0 ms) -> Source IP (1) -> (+0 ms) -> Source IP (1) -> (+0 ms) -> Source IP (1) -> (+0 ms) -> Source IP (1) -> (+0 ms) -> Source IP (1) -> (+0 ms) -> Source IP (1) -> (+0 ms) -> Source IP (1) -> (+0 ms) -> Source IP (1) -> (+0 ms) -> Source IP (1)
SEQ_PRO_0452,Processed_Network_dataset,12,2019-04-24T20:13:13Z,2019-04-24T20:13:14Z,1.0,TND_PRO_008773,TND_PRO_008927,Source IP (1) -> (+0 ms) -> Source IP (1) -> (+0 ms) -> Source IP (1) -> (+0 ms) -> Source IP (1) -> (+0 ms) -> Source IP (1) -> (+0 ms) -> Source IP (1) -> (+0 ms) -> Source IP (1) -> (+0 ms) -> Source IP (1) -> (+0 ms) -> Source IP (1) -> (+0 ms) -> Source IP (1) -> (+0 ms) -> Source IP (1) -> (+1.00 s) -> Source IP (1)
SEQ_PRO_0453,Processed_Network_dataset,12,2019-04-24T20:13:14Z,2019-04-24T20:13:15Z,1.0,TND_PRO_008926,TND_PRO_008933,Source IP (0) -> (+0 ms) -> Source IP (1) -> (+0 ms) -> Source IP (0) -> (+0 ms) -> Source IP (1) -> (+0 ms) -> Source IP (0) -> (+0 ms) -> Source IP (1) -> (+0 ms) -> Source IP (1) -> (+0 ms) -> Source IP (1) -> (+1.00 s) -> Source IP (0) -> (+0 ms) -> Source IP (0) -> (+0 ms) -> Source IP (0) -> (+0 ms) -> Source IP (0)
SEQ_PRO_0454,Processed_Network_dataset,12,2019-04-24T20:13:15Z,2019-04-24T20:13:16Z,1.0,TND_PRO_008938,TND_PRO_008992,Source IP (0) -> (+0 ms) -> Source IP (0) -> (+0 ms) -> Source IP (0) -> (+0 ms) -> Source IP (0) -> (+1.00 s) -> Source IP (1) -> (+0 ms) -> Source IP (1) -> (+0 ms) -> Source IP (1) -> (+0 ms) -> Source IP (1) -> (+0 ms) -> Source IP (1) -> (+0 ms) -> Source IP (1) -> (+0 ms) -> Source IP (1) -> (+0 ms) -> Source IP (1)
SEQ_PRO_0455,Processed_Network_dataset,12,2019-04-24T20:13:16Z,2019-04-24T20:13:16Z,0.0,TND_PRO_008993,TND_PRO_008939,Source IP (1) -> (+0 ms) -> Source IP (1) -> (+0 ms) -> Source IP (1) -> (+0 ms) -> Source IP (0) -> (+0 ms) -> Source IP (1) -> (+0 ms) -> Source IP (1) -> (+0 ms) -> Source IP (1) -> (+0 ms) -> Source IP (1) -> (+0 ms) -> Source IP (1) -> (+0 ms) -> Source IP (1) -> (+0 ms) -> Source IP (1) -> (+0 ms) -> Source IP (1)
SEQ_PRO_0456,Processed_Network_dataset,12,2019-04-24T20:13:16Z,2019-04-24T20:13:16Z,0.0,TND_PRO_008950,TND_PRO_008962,Source IP (1) -> (+0 ms) -> Source IP (1) -> (+0 ms) -> Source IP (1) -> (+0 ms) -> Source IP (1) -> (+0 ms) -> Source IP (1) -> (+0 ms) -> Source IP (1) -> (+0 ms) -> Source IP (1) -> (+0 ms) -> Source IP (1) -> (+0 ms) -> Source IP (1) -> (+0 ms) -> Source IP (1) -> (+0 ms) -> Source IP (1) -> (+0 ms) -> Source IP (1)
SEQ_PRO_0457,Processed_Network_dataset,12,2019-04-24T20:13:16Z,2019-04-24T20:13:16Z,0.0,TND_PRO_008963,TND_PRO_008942,Source IP (1) -> (+0 ms) -> Source IP (1) -> (+0 ms) -> Source IP (1) -> (+0 ms) -> Source IP (1) -> (+0 ms) -> Source IP (1) -> (+0 ms) -> Source IP (1) -> (+0 ms) -> Source IP (1) -> (+0 ms) -> Source IP (1) -> (+0 ms) -> Source IP (1) -> (+0 ms) -> Source IP (1) -> (+0 ms) -> Source IP (1) -> (+0 ms) -> Source IP (1)
SEQ_PRO_0458,Processed_Network_dataset,12,2019-04-24T20:13:16Z,2019-04-24T20:13:16Z,0.0,TND_PRO_008943,TND_PRO_008986,Source IP (1) -> (+0 ms) -> Source IP (1) -> (+0 ms) -> Source IP (1) -> (+0 ms) -> Source IP (1) -> (+0 ms) -> Source IP (1) -> (+0 ms) -> Source IP (1) -> (+0 ms) -> Source IP (1) -> (+0 ms) -> Source IP (1) -> (+0 ms) -> Source IP (1) -> (+0 ms) -> Source IP (1) -> (+0 ms) -> Source IP (1) -> (+0 ms) -> Source IP (1)
SEQ_PRO_0459,Processed_Network_dataset,12,2019-04-24T20:13:16Z,2019-04-24T22:31:44Z,8308.0,TND_PRO_008987,TND_PRO_003542,Source IP (1) -> (+0 ms) -> Source IP (1) -> (+0 ms) -> Source IP (1) -> (+0 ms) -> Source IP (1) -> (+0 ms) -> Source IP (1) -> (+0 ms) -> Source IP (1) -> (+138.5 min) -> Source IP (1) -> (+0 ms) -> Source IP (1) -> (+0 ms) -> Source IP (1) -> (+0 ms) -> Source IP (1) -> (+0 ms) -> Source IP (1) -> (+0 ms) -> Source IP (1)
SEQ_PRO_0460,Processed_Network_dataset,12,2019-04-24T22:31:44Z,2019-04-24T22:31:44Z,0.0,TND_PRO_003543,TND_PRO_003554,Source IP (1) -> (+0 ms) -> Source IP (1) -> (+0 ms) -> Source IP (1) -> (+0 ms) -> Source IP (1) -> (+0 ms) -> Source IP (1) -> (+0 ms) -> Source IP (1) -> (+0 ms) -> Source IP (1) -> (+0 ms) -> Source IP (1) -> (+0 ms) -> Source IP (1) -> (+0 ms) -> Source IP (1) -> (+0 ms) -> Source IP (1) -> (+0 ms) -> Source IP (1)
SEQ_PRO_0461,Processed_Network_dataset,12,2019-04-24T22:31:44Z,2019-04-24T22:31:44Z,0.0,TND_PRO_003555,TND_PRO_003566,Source IP (1) -> (+0 ms) -> Source IP (1) -> (+0 ms) -> Source IP (1) -> (+0 ms) -> Source IP (1) -> (+0 ms) -> Source IP (1) -> (+0 ms) -> Source IP (1) -> (+0 ms) -> Source IP (1) -> (+0 ms) -> Source IP (1) -> (+0 ms) -> Source IP (1) -> (+0 ms) -> Source IP (1) -> (+0 ms) -> Source IP (1) -> (+0 ms) -> Source IP (1)
SEQ_PRO_0462,Processed_Network_dataset,12,2019-04-24T22:31:44Z,2019-04-24T22:31:44Z,0.0,TND_PRO_003567,TND_PRO_003578,Source IP (1) -> (+0 ms) -> Source IP (1) -> (+0 ms) -> Source IP (1) -> (+0 ms) -> Source IP (1) -> (+0 ms) -> Source IP (1) -> (+0 ms) -> Source IP (1) -> (+0 ms) -> Source IP (1) -> (+0 ms) -> Source IP (1) -> (+0 ms) -> Source IP (1) -> (+0 ms) -> Source IP (1) -> (+0 ms) -> Source IP (1) -> (+0 ms) -> Source IP (1)
SEQ_PRO_0463,Processed_Network_dataset,12,2019-04-24T22:31:44Z,2019-04-24T22:31:44Z,0.0,TND_PRO_003579,TND_PRO_003590,Source IP (1) -> (+0 ms) -> Source IP (1) -> (+0 ms) -> Source IP (1) -> (+0 ms) -> Source IP (1) -> (+0 ms) -> Source IP (1) -> (+0 ms) -> Source IP (1) -> (+0 ms) -> Source IP (1) -> (+0 ms) -> Source IP (1) -> (+0 ms) -> Source IP (1) -> (+0 ms) -> Source IP (1) -> (+0 ms) -> Source IP (1) -> (+0 ms) -> Source IP (1)
SEQ_PRO_0464,Processed_Network_dataset,12,2019-04-24T22:31:44Z,2019-04-24T22:31:44Z,0.0,TND_PRO_003591,TND_PRO_003602,Source IP (1) -> (+0 ms) -> Source IP (1) -> (+0 ms) -> Source IP (1) -> (+0 ms) -> Source IP (1) -> (+0 ms) -> Source IP (1) -> (+0 ms) -> Source IP (1) -> (+0 ms) -> Source IP (1) -> (+0 ms) -> Source IP (1) -> (+0 ms) -> Source IP (1) -> (+0 ms) -> Source IP (1) -> (+0 ms) -> Source IP (1) -> (+0 ms) -> Source IP (1)
SEQ_PRO_0465,Processed_Network_dataset,12,2019-04-24T22:31:44Z,2019-04-24T22:31:44Z,0.0,TND_PRO_003603,TND_PRO_003614,Source IP (1) -> (+0 ms) -> Source IP (1) -> (+0 ms) -> Source IP (1) -> (+0 ms) -> Source IP (1) -> (+0 ms) -> Source IP (1) -> (+0 ms) -> Source IP (1) -> (+0 ms) -> Source IP (1) -> (+0 ms) -> Source IP (1) -> (+0 ms) -> Source IP (1) -> (+0 ms) -> Source IP (1) -> (+0 ms) -> Source IP (1) -> (+0 ms) -> Source IP (1)
SEQ_PRO_0466,Processed_Network_dataset,12,2019-04-24T22:31:44Z,2019-04-24T22:31:44Z,0.0,TND_PRO_003615,TND_PRO_003537,Source IP (1) -> (+0 ms) -> Source IP (1) -> (+0 ms) -> Source IP (1) -> (+0 ms) -> Source IP (1) -> (+0 ms) -> Source IP (1) -> (+0 ms) -> Source IP (1) -> (+0 ms) -> Source IP (1) -> (+0 ms) -> Source IP (1) -> (+0 ms) -> Source IP (1) -> (+0 ms) -> Source IP (1) -> (+0 ms) -> Source IP (1) -> (+0 ms) -> Source IP (1)
SEQ_PRO_0467,Processed_Network_dataset,12,2019-04-24T22:31:44Z,2019-04-24T22:31:44Z,0.0,TND_PRO_003536,TND_PRO_003528,Source IP (1) -> (+0 ms) -> Source IP (1) -> (+0 ms) -> Source IP (1) -> (+0 ms) -> Source IP (1) -> (+0 ms) -> Source IP (1) -> (+0 ms) -> Source IP (1) -> (+0 ms) -> Source IP (1) -> (+0 ms) -> Source IP (1) -> (+0 ms) -> Source IP (1) -> (+0 ms) -> Source IP (1) -> (+0 ms) -> Source IP (1) -> (+0 ms) -> Source IP (1)
SEQ_PRO_0468,Processed_Network_dataset,12,2019-04-24T22:31:44Z,2019-04-24T22:31:44Z,0.0,TND_PRO_003530,TND_PRO_003533,Source IP (1) -> (+0 ms) -> Source IP (1) -> (+0 ms) -> Source IP (1) -> (+0 ms) -> Source IP (1) -> (+0 ms) -> Source IP (1) -> (+0 ms) -> Source IP (1) -> (+0 ms) -> Source IP (1) -> (+0 ms) -> Source IP (1) -> (+0 ms) -> Source IP (1) -> (+0 ms) -> Source IP (1) -> (+0 ms) -> Source IP (1) -> (+0 ms) -> Source IP (1)
SEQ_PRO_0469,Processed_Network_dataset,12,2019-04-24T22:31:44Z,2019-04-24T22:31:45Z,1.0,TND_PRO_003532,TND_PRO_003622,Source IP (1) -> (+1.00 s) -> Source IP (1) -> (+0 ms) -> Source IP (1) -> (+0 ms) -> Source IP (1) -> (+0 ms) -> Source IP (1) -> (+0 ms) -> Source IP (1) -> (+0 ms) -> Source IP (1) -> (+0 ms) -> Source IP (1) -> (+0 ms) -> Source IP (1) -> (+0 ms) -> Source IP (1) -> (+0 ms) -> Source IP (1) -> (+0 ms) -> Source IP (1)
SEQ_PRO_0470,Processed_Network_dataset,12,2019-04-24T22:31:45Z,2019-04-24T22:31:45Z,0.0,TND_PRO_003623,TND_PRO_003655,Source IP (1) -> (+0 ms) -> Source IP (1) -> (+0 ms) -> Source IP (1) -> (+0 ms) -> Source IP (1) -> (+0 ms) -> Source IP (1) -> (+0 ms) -> Source IP (1) -> (+0 ms) -> Source IP (1) -> (+0 ms) -> Source IP (1) -> (+0 ms) -> Source IP (0) -> (+0 ms) -> Source IP (1) -> (+0 ms) -> Source IP (1) -> (+0 ms) -> Source IP (1)
SEQ_PRO_0471,Processed_Network_dataset,12,2019-04-24T22:31:45Z,2019-04-24T22:31:45Z,0.0,TND_PRO_003654,TND_PRO_003643,Source IP (1) -> (+0 ms) -> Source IP (1) -> (+0 ms) -> Source IP (1) -> (+0 ms) -> Source IP (1) -> (+0 ms) -> Source IP (1) -> (+0 ms) -> Source IP (1) -> (+0 ms) -> Source IP (1) -> (+0 ms) -> Source IP (1) -> (+0 ms) -> Source IP (1) -> (+0 ms) -> Source IP (1) -> (+0 ms) -> Source IP (1) -> (+0 ms) -> Source IP (1)
SEQ_PRO_0472,Processed_Network_dataset,12,2019-04-24T22:31:45Z,2019-04-24T22:31:45Z,0.0,TND_PRO_003642,TND_PRO_003631,Source IP (1) -> (+0 ms) -> Source IP (1) -> (+0 ms) -> Source IP (1) -> (+0 ms) -> Source IP (1) -> (+0 ms) -> Source IP (1) -> (+0 ms) -> Source IP (1) -> (+0 ms) -> Source IP (1) -> (+0 ms) -> Source IP (1) -> (+0 ms) -> Source IP (1) -> (+0 ms) -> Source IP (1) -> (+0 ms) -> Source IP (1) -> (+0 ms) -> Source IP (1)
SEQ_PRO_0473,Processed_Network_dataset,12,2019-04-24T22:31:45Z,2019-04-24T22:31:45Z,0.0,TND_PRO_003630,TND_PRO_003670,Source IP (1) -> (+0 ms) -> Source IP (1) -> (+0 ms) -> Source IP (1) -> (+0 ms) -> Source IP (1) -> (+0 ms) -> Source IP (1) -> (+0 ms) -> Source IP (1) -> (+0 ms) -> Source IP (1) -> (+0 ms) -> Source IP (1) -> (+0 ms) -> Source IP (1) -> (+0 ms) -> Source IP (1) -> (+0 ms) -> Source IP (1) -> (+0 ms) -> Source IP (1)
SEQ_PRO_0474,Processed_Network_dataset,12,2019-04-24T22:31:45Z,2019-04-24T22:31:45Z,0.0,TND_PRO_003671,TND_PRO_003690,Source IP (1) -> (+0 ms) -> Source IP (1) -> (+0 ms) -> Source IP (0) -> (+0 ms) -> Source IP (1) -> (+0 ms) -> Source IP (1) -> (+0 ms) -> Source IP (1) -> (+0 ms) -> Source IP (1) -> (+0 ms) -> Source IP (1) -> (+0 ms) -> Source IP (1) -> (+0 ms) -> Source IP (1) -> (+0 ms) -> Source IP (1) -> (+0 ms) -> Source IP (1)
SEQ_PRO_0475,Processed_Network_dataset,12,2019-04-24T22:31:45Z,2019-04-24T22:31:45Z,0.0,TND_PRO_003691,TND_PRO_003723,Source IP (1) -> (+0 ms) -> Source IP (1) -> (+0 ms) -> Source IP (1) -> (+0 ms) -> Source IP (1) -> (+0 ms) -> Source IP (1) -> (+0 ms) -> Source IP (1) -> (+0 ms) -> Source IP (1) -> (+0 ms) -> Source IP (1) -> (+0 ms) -> Source IP (1) -> (+0 ms) -> Source IP (1) -> (+0 ms) -> Source IP (1) -> (+0 ms) -> Source IP (1)
SEQ_PRO_0476,Processed_Network_dataset,12,2019-04-24T22:31:45Z,2019-04-24T22:31:45Z,0.0,TND_PRO_003722,TND_PRO_003711,Source IP (1) -> (+0 ms) -> Source IP (1) -> (+0 ms) -> Source IP (1) -> (+0 ms) -> Source IP (1) -> (+0 ms) -> Source IP (1) -> (+0 ms) -> Source IP (1) -> (+0 ms) -> Source IP (1) -> (+0 ms) -> Source IP (1) -> (+0 ms) -> Source IP (1) -> (+0 ms) -> Source IP (1) -> (+0 ms) -> Source IP (0) -> (+0 ms) -> Source IP (1)
SEQ_PRO_0477,Processed_Network_dataset,12,2019-04-24T22:31:45Z,2019-04-24T22:31:45Z,0.0,TND_PRO_003710,TND_PRO_003699,Source IP (1) -> (+0 ms) -> Source IP (1) -> (+0 ms) -> Source IP (1) -> (+0 ms) -> Source IP (1) -> (+0 ms) -> Source IP (1) -> (+0 ms) -> Source IP (1) -> (+0 ms) -> Source IP (1) -> (+0 ms) -> Source IP (1) -> (+0 ms) -> Source IP (1) -> (+0 ms) -> Source IP (1) -> (+0 ms) -> Source IP (1) -> (+0 ms) -> Source IP (1)
SEQ_PRO_0478,Processed_Network_dataset,12,2019-04-24T22:31:45Z,2019-04-24T22:31:47Z,2.0,TND_PRO_003698,TND_PRO_003748,Source IP (1) -> (+0 ms) -> Source IP (1) -> (+0 ms) -> Source IP (1) -> (+1.00 s) -> Source IP (0) -> (+0 ms) -> Source IP (0) -> (+0 ms) -> Source IP (0) -> (+0 ms) -> Source IP (0) -> (+0 ms) -> Source IP (0) -> (+0 ms) -> Source IP (0) -> (+0 ms) -> Source IP (0) -> (+0 ms) -> Source IP (0) -> (+1.00 s) -> Source IP (1)
SEQ_PRO_0479,Processed_Network_dataset,12,2019-04-24T22:31:47Z,2019-04-24T22:31:47Z,0.0,TND_PRO_003739,TND_PRO_003749,Source IP (1) -> (+0 ms) -> Source IP (1) -> (+0 ms) -> Source IP (1) -> (+0 ms) -> Source IP (1) -> (+0 ms) -> Source IP (1) -> (+0 ms) -> Source IP (1) -> (+0 ms) -> Source IP (1) -> (+0 ms) -> Source IP (1) -> (+0 ms) -> Source IP (1) -> (+0 ms) -> Source IP (1) -> (+0 ms) -> Source IP (1) -> (+0 ms) -> Source IP (1)
SEQ_PRO_0480,Processed_Network_dataset,12,2019-04-24T22:31:47Z,2019-04-25T00:50:26Z,8319.0,TND_PRO_003735,TND_PRO_003773,Source IP (1) -> (+0 ms) -> Source IP (1) -> (+0 ms) -> Source IP (1) -> (+0 ms) -> Source IP (1) -> (+138.7 min) -> Source IP (1) -> (+0 ms) -> Source IP (1) -> (+0 ms) -> Source IP (1) -> (+0 ms) -> Source IP (1) -> (+0 ms) -> Source IP (1) -> (+0 ms) -> Source IP (1) -> (+0 ms) -> Source IP (1) -> (+0 ms) -> Source IP (1)
SEQ_PRO_0481,Processed_Network_dataset,12,2019-04-25T00:50:26Z,2019-04-25T00:50:26Z,0.0,TND_PRO_003772,TND_PRO_003793,Source IP (1) -> (+0 ms) -> Source IP (1) -> (+0 ms) -> Source IP (1) -> (+0 ms) -> Source IP (1) -> (+0 ms) -> Source IP (1) -> (+0 ms) -> Source IP (1) -> (+0 ms) -> Source IP (1) -> (+0 ms) -> Source IP (1) -> (+0 ms) -> Source IP (1) -> (+0 ms) -> Source IP (1) -> (+0 ms) -> Source IP (1) -> (+0 ms) -> Source IP (1)
SEQ_PRO_0482,Processed_Network_dataset,12,2019-04-25T00:50:26Z,2019-04-25T00:50:26Z,0.0,TND_PRO_003792,TND_PRO_003781,Source IP (1) -> (+0 ms) -> Source IP (1) -> (+0 ms) -> Source IP (1) -> (+0 ms) -> Source IP (1) -> (+0 ms) -> Source IP (1) -> (+0 ms) -> Source IP (1) -> (+0 ms) -> Source IP (1) -> (+0 ms) -> Source IP (1) -> (+0 ms) -> Source IP (1) -> (+0 ms) -> Source IP (1) -> (+0 ms) -> Source IP (1) -> (+0 ms) -> Source IP (1)
SEQ_PRO_0483,Processed_Network_dataset,12,2019-04-25T00:50:26Z,2019-04-25T00:50:26Z,0.0,TND_PRO_003812,TND_PRO_003801,Source IP (1) -> (+0 ms) -> Source IP (1) -> (+0 ms) -> Source IP (1) -> (+0 ms) -> Source IP (1) -> (+0 ms) -> Source IP (1) -> (+0 ms) -> Source IP (1) -> (+0 ms) -> Source IP (1) -> (+0 ms) -> Source IP (1) -> (+0 ms) -> Source IP (1) -> (+0 ms) -> Source IP (1) -> (+0 ms) -> Source IP (1) -> (+0 ms) -> Source IP (1)
SEQ_PRO_0484,Processed_Network_dataset,12,2019-04-25T00:50:26Z,2019-04-25T00:50:26Z,0.0,TND_PRO_003800,TND_PRO_003821,Source IP (1) -> (+0 ms) -> Source IP (1) -> (+0 ms) -> Source IP (1) -> (+0 ms) -> Source IP (1) -> (+0 ms) -> Source IP (1) -> (+0 ms) -> Source IP (1) -> (+0 ms) -> Source IP (1) -> (+0 ms) -> Source IP (1) -> (+0 ms) -> Source IP (1) -> (+0 ms) -> Source IP (1) -> (+0 ms) -> Source IP (1) -> (+0 ms) -> Source IP (1)
SEQ_PRO_0485,Processed_Network_dataset,12,2019-04-25T00:50:26Z,2019-04-25T00:50:26Z,0.0,TND_PRO_003820,TND_PRO_003841,Source IP (1) -> (+0 ms) -> Source IP (1) -> (+0 ms) -> Source IP (1) -> (+0 ms) -> Source IP (1) -> (+0 ms) -> Source IP (1) -> (+0 ms) -> Source IP (1) -> (+0 ms) -> Source IP (1) -> (+0 ms) -> Source IP (1) -> (+0 ms) -> Source IP (1) -> (+0 ms) -> Source IP (1) -> (+0 ms) -> Source IP (1) -> (+0 ms) -> Source IP (1)
SEQ_PRO_0486,Processed_Network_dataset,12,2019-04-25T00:50:26Z,2019-04-25T00:50:26Z,0.0,TND_PRO_003840,TND_PRO_003829,Source IP (1) -> (+0 ms) -> Source IP (1) -> (+0 ms) -> Source IP (1) -> (+0 ms) -> Source IP (1) -> (+0 ms) -> Source IP (1) -> (+0 ms) -> Source IP (1) -> (+0 ms) -> Source IP (1) -> (+0 ms) -> Source IP (1) -> (+0 ms) -> Source IP (1) -> (+0 ms) -> Source IP (1) -> (+0 ms) -> Source IP (1) -> (+0 ms) -> Source IP (1)
SEQ_PRO_0487,Processed_Network_dataset,12,2019-04-25T00:50:26Z,2019-04-25T00:50:26Z,0.0,TND_PRO_003860,TND_PRO_003849,Source IP (1) -> (+0 ms) -> Source IP (1) -> (+0 ms) -> Source IP (1) -> (+0 ms) -> Source IP (1) -> (+0 ms) -> Source IP (1) -> (+0 ms) -> Source IP (1) -> (+0 ms) -> Source IP (1) -> (+0 ms) -> Source IP (1) -> (+0 ms) -> Source IP (1) -> (+0 ms) -> Source IP (1) -> (+0 ms) -> Source IP (1) -> (+0 ms) -> Source IP (1)
SEQ_PRO_0488,Processed_Network_dataset,12,2019-04-25T00:50:26Z,2019-04-25T00:50:26Z,0.0,TND_PRO_003848,TND_PRO_003869,Source IP (1) -> (+0 ms) -> Source IP (1) -> (+0 ms) -> Source IP (1) -> (+0 ms) -> Source IP (1) -> (+0 ms) -> Source IP (1) -> (+0 ms) -> Source IP (1) -> (+0 ms) -> Source IP (1) -> (+0 ms) -> Source IP (1) -> (+0 ms) -> Source IP (1) -> (+0 ms) -> Source IP (1) -> (+0 ms) -> Source IP (1) -> (+0 ms) -> Source IP (1)
SEQ_PRO_0489,Processed_Network_dataset,12,2019-04-25T00:50:26Z,2019-04-25T00:50:26Z,0.0,TND_PRO_003868,TND_PRO_003889,Source IP (1) -> (+0 ms) -> Source IP (1) -> (+0 ms) -> Source IP (1) -> (+0 ms) -> Source IP (1) -> (+0 ms) -> Source IP (1) -> (+0 ms) -> Source IP (1) -> (+0 ms) -> Source IP (1) -> (+0 ms) -> Source IP (1) -> (+0 ms) -> Source IP (1) -> (+0 ms) -> Source IP (1) -> (+0 ms) -> Source IP (1) -> (+0 ms) -> Source IP (1)
SEQ_PRO_0490,Processed_Network_dataset,12,2019-04-25T00:50:26Z,2019-04-25T00:50:26Z,0.0,TND_PRO_003888,TND_PRO_003877,Source IP (1) -> (+0 ms) -> Source IP (1) -> (+0 ms) -> Source IP (1) -> (+0 ms) -> Source IP (1) -> (+0 ms) -> Source IP (1) -> (+0 ms) -> Source IP (1) -> (+0 ms) -> Source IP (1) -> (+0 ms) -> Source IP (1) -> (+0 ms) -> Source IP (1) -> (+0 ms) -> Source IP (1) -> (+0 ms) -> Source IP (1) -> (+0 ms) -> Source IP (1)
SEQ_PRO_0491,Processed_Network_dataset,12,2019-04-25T00:50:26Z,2019-04-25T00:50:26Z,0.0,TND_PRO_003908,TND_PRO_003897,Source IP (1) -> (+0 ms) -> Source IP (1) -> (+0 ms) -> Source IP (1) -> (+0 ms) -> Source IP (1) -> (+0 ms) -> Source IP (1) -> (+0 ms) -> Source IP (1) -> (+0 ms) -> Source IP (1) -> (+0 ms) -> Source IP (1) -> (+0 ms) -> Source IP (1) -> (+0 ms) -> Source IP (1) -> (+0 ms) -> Source IP (1) -> (+0 ms) -> Source IP (1)
SEQ_PRO_0492,Processed_Network_dataset,12,2019-04-25T00:50:26Z,2019-04-25T00:50:26Z,0.0,TND_PRO_003896,TND_PRO_003917,Source IP (1) -> (+0 ms) -> Source IP (1) -> (+0 ms) -> Source IP (1) -> (+0 ms) -> Source IP (1) -> (+0 ms) -> Source IP (1) -> (+0 ms) -> Source IP (1) -> (+0 ms) -> Source IP (1) -> (+0 ms) -> Source IP (1) -> (+0 ms) -> Source IP (1) -> (+0 ms) -> Source IP (1) -> (+0 ms) -> Source IP (1) -> (+0 ms) -> Source IP (1)
SEQ_PRO_0493,Processed_Network_dataset,12,2019-04-25T00:50:26Z,2019-04-25T00:50:26Z,0.0,TND_PRO_003916,TND_PRO_003937,Source IP (1) -> (+0 ms) -> Source IP (1) -> (+0 ms) -> Source IP (1) -> (+0 ms) -> Source IP (1) -> (+0 ms) -> Source IP (1) -> (+0 ms) -> Source IP (1) -> (+0 ms) -> Source IP (1) -> (+0 ms) -> Source IP (1) -> (+0 ms) -> Source IP (1) -> (+0 ms) -> Source IP (1) -> (+0 ms) -> Source IP (1) -> (+0 ms) -> Source IP (1)
SEQ_PRO_0494,Processed_Network_dataset,12,2019-04-25T00:50:26Z,2019-04-25T00:50:26Z,0.0,TND_PRO_003936,TND_PRO_003925,Source IP (1) -> (+0 ms) -> Source IP (1) -> (+0 ms) -> Source IP (1) -> (+0 ms) -> Source IP (1) -> (+0 ms) -> Source IP (1) -> (+0 ms) -> Source IP (1) -> (+0 ms) -> Source IP (1) -> (+0 ms) -> Source IP (1) -> (+0 ms) -> Source IP (1) -> (+0 ms) -> Source IP (1) -> (+0 ms) -> Source IP (1) -> (+0 ms) -> Source IP (1)
SEQ_PRO_0495,Processed_Network_dataset,12,2019-04-25T00:50:26Z,2019-04-25T00:50:26Z,0.0,TND_PRO_003944,TND_PRO_003756,Source IP (1) -> (+0 ms) -> Source IP (1) -> (+0 ms) -> Source IP (1) -> (+0 ms) -> Source IP (1) -> (+0 ms) -> Source IP (1) -> (+0 ms) -> Source IP (1) -> (+0 ms) -> Source IP (1) -> (+0 ms) -> Source IP (1) -> (+0 ms) -> Source IP (1) -> (+0 ms) -> Source IP (1) -> (+0 ms) -> Source IP (1) -> (+0 ms) -> Source IP (1)
SEQ_PRO_0496,Processed_Network_dataset,12,2019-04-25T00:50:26Z,2019-04-25T00:50:27Z,1.0,TND_PRO_003759,TND_PRO_003949,Source IP (1) -> (+0 ms) -> Source IP (1) -> (+0 ms) -> Source IP (1) -> (+0 ms) -> Source IP (1) -> (+0 ms) -> Source IP (1) -> (+0 ms) -> Source IP (1) -> (+0 ms) -> Source IP (1) -> (+1.00 s) -> Source IP (1) -> (+0 ms) -> Source IP (1) -> (+0 ms) -> Source IP (1) -> (+0 ms) -> Source IP (1) -> (+0 ms) -> Source IP (1)
SEQ_PRO_0497,Processed_Network_dataset,12,2019-04-25T00:50:27Z,2019-04-25T00:50:27Z,0.0,TND_PRO_003955,TND_PRO_003985,Source IP (1) -> (+0 ms) -> Source IP (1) -> (+0 ms) -> Source IP (1) -> (+0 ms) -> Source IP (1) -> (+0 ms) -> Source IP (1) -> (+0 ms) -> Source IP (1) -> (+0 ms) -> Source IP (1) -> (+0 ms) -> Source IP (1) -> (+0 ms) -> Source IP (1) -> (+0 ms) -> Source IP (1) -> (+0 ms) -> Source IP (1) -> (+0 ms) -> Source IP (1)
SEQ_PRO_0498,Processed_Network_dataset,12,2019-04-25T00:50:27Z,2019-04-25T00:50:27Z,0.0,TND_PRO_003968,TND_PRO_003957,Source IP (1) -> (+0 ms) -> Source IP (1) -> (+0 ms) -> Source IP (1) -> (+0 ms) -> Source IP (1) -> (+0 ms) -> Source IP (1) -> (+0 ms) -> Source IP (1) -> (+0 ms) -> Source IP (1) -> (+0 ms) -> Source IP (1) -> (+0 ms) -> Source IP (1) -> (+0 ms) -> Source IP (1) -> (+0 ms) -> Source IP (1) -> (+0 ms) -> Source IP (1)
SEQ_PRO_0499,Processed_Network_dataset,12,2019-04-25T00:50:27Z,2019-04-25T00:50:27Z,0.0,TND_PRO_003989,TND_PRO_004000,Source IP (1) -> (+0 ms) -> Source IP (1) -> (+0 ms) -> Source IP (1) -> (+0 ms) -> Source IP (1) -> (+0 ms) -> Source IP (1) -> (+0 ms) -> Source IP (1) -> (+0 ms) -> Source IP (1) -> (+0 ms) -> Source IP (1) -> (+0 ms) -> Source IP (1) -> (+0 ms) -> Source IP (1) -> (+0 ms) -> Source IP (1) -> (+0 ms) -> Source IP (1)
SEQ_PRO_0500,Processed_Network_dataset,12,2019-04-25T00:50:27Z,2019-04-25T00:50:27Z,0.0,TND_PRO_003969,TND_PRO_003977,Source IP (1) -> (+0 ms) -> Source IP (1) -> (+0 ms) -> Source IP (1) -> (+0 ms) -> Source IP (1) -> (+0 ms) -> Source IP (1) -> (+0 ms) -> Source IP (1) -> (+0 ms) -> Source IP (1) -> (+0 ms) -> Source IP (0) -> (+0 ms) -> Source IP (1) -> (+0 ms) -> Source IP (1) -> (+0 ms) -> Source IP (1) -> (+0 ms) -> Source IP (1)
SEQ_PRO_0501,Processed_Network_dataset,12,2019-04-25T00:50:27Z,2019-04-25T07:05:29Z,22502.0,TND_PRO_003981,TND_PRO_004010,Source IP (1) -> (+0 ms) -> Source IP (1) -> (+375.0 min) -> Source IP (1) -> (+0 ms) -> Source IP (1) -> (+0 ms) -> Source IP (1) -> (+0 ms) -> Source IP (1) -> (+0 ms) -> Source IP (1) -> (+0 ms) -> Source IP (1) -> (+0 ms) -> Source IP (1) -> (+0 ms) -> Source IP (1) -> (+0 ms) -> Source IP (1) -> (+0 ms) -> Source IP (1)
SEQ_PRO_0502,Processed_Network_dataset,12,2019-04-25T07:05:29Z,2019-04-25T07:05:29Z,0.0,TND_PRO_004043,TND_PRO_004054,Source IP (1) -> (+0 ms) -> Source IP (1) -> (+0 ms) -> Source IP (1) -> (+0 ms) -> Source IP (1) -> (+0 ms) -> Source IP (1) -> (+0 ms) -> Source IP (1) -> (+0 ms) -> Source IP (1) -> (+0 ms) -> Source IP (1) -> (+0 ms) -> Source IP (1) -> (+0 ms) -> Source IP (1) -> (+0 ms) -> Source IP (1) -> (+0 ms) -> Source IP (1)
SEQ_PRO_0503,Processed_Network_dataset,12,2019-04-25T07:05:29Z,2019-04-25T07:05:29Z,0.0,TND_PRO_004055,TND_PRO_004066,Source IP (1) -> (+0 ms) -> Source IP (1) -> (+0 ms) -> Source IP (1) -> (+0 ms) -> Source IP (1) -> (+0 ms) -> Source IP (1) -> (+0 ms) -> Source IP (1) -> (+0 ms) -> Source IP (1) -> (+0 ms) -> Source IP (1) -> (+0 ms) -> Source IP (1) -> (+0 ms) -> Source IP (1) -> (+0 ms) -> Source IP (1) -> (+0 ms) -> Source IP (1)
SEQ_PRO_0504,Processed_Network_dataset,12,2019-04-25T07:05:29Z,2019-04-25T07:05:29Z,0.0,TND_PRO_004067,TND_PRO_004078,Source IP (1) -> (+0 ms) -> Source IP (1) -> (+0 ms) -> Source IP (1) -> (+0 ms) -> Source IP (1) -> (+0 ms) -> Source IP (1) -> (+0 ms) -> Source IP (1) -> (+0 ms) -> Source IP (1) -> (+0 ms) -> Source IP (1) -> (+0 ms) -> Source IP (1) -> (+0 ms) -> Source IP (1) -> (+0 ms) -> Source IP (1) -> (+0 ms) -> Source IP (1)
SEQ_PRO_0505,Processed_Network_dataset,12,2019-04-25T07:05:29Z,2019-04-25T07:05:29Z,0.0,TND_PRO_004079,TND_PRO_004090,Source IP (1) -> (+0 ms) -> Source IP (1) -> (+0 ms) -> Source IP (1) -> (+0 ms) -> Source IP (1) -> (+0 ms) -> Source IP (1) -> (+0 ms) -> Source IP (1) -> (+0 ms) -> Source IP (1) -> (+0 ms) -> Source IP (1) -> (+0 ms) -> Source IP (1) -> (+0 ms) -> Source IP (1) -> (+0 ms) -> Source IP (1) -> (+0 ms) -> Source IP (1)
SEQ_PRO_0506,Processed_Network_dataset,12,2019-04-25T07:05:29Z,2019-04-25T07:05:29Z,0.0,TND_PRO_004091,TND_PRO_004013,Source IP (1) -> (+0 ms) -> Source IP (1) -> (+0 ms) -> Source IP (1) -> (+0 ms) -> Source IP (1) -> (+0 ms) -> Source IP (1) -> (+0 ms) -> Source IP (1) -> (+0 ms) -> Source IP (1) -> (+0 ms) -> Source IP (1) -> (+0 ms) -> Source IP (1) -> (+0 ms) -> Source IP (1) -> (+0 ms) -> Source IP (1) -> (+0 ms) -> Source IP (1)
SEQ_PRO_0507,Processed_Network_dataset,12,2019-04-25T07:05:29Z,2019-04-25T07:05:29Z,0.0,TND_PRO_004030,TND_PRO_004019,Source IP (1) -> (+0 ms) -> Source IP (1) -> (+0 ms) -> Source IP (1) -> (+0 ms) -> Source IP (1) -> (+0 ms) -> Source IP (1) -> (+0 ms) -> Source IP (1) -> (+0 ms) -> Source IP (1) -> (+0 ms) -> Source IP (1) -> (+0 ms) -> Source IP (1) -> (+0 ms) -> Source IP (1) -> (+0 ms) -> Source IP (1) -> (+0 ms) -> Source IP (1)
SEQ_PRO_0508,Processed_Network_dataset,12,2019-04-25T07:05:29Z,2019-04-25T07:05:29Z,0.0,TND_PRO_004018,TND_PRO_004035,Source IP (1) -> (+0 ms) -> Source IP (1) -> (+0 ms) -> Source IP (1) -> (+0 ms) -> Source IP (1) -> (+0 ms) -> Source IP (1) -> (+0 ms) -> Source IP (1) -> (+0 ms) -> Source IP (1) -> (+0 ms) -> Source IP (1) -> (+0 ms) -> Source IP (1) -> (+0 ms) -> Source IP (1) -> (+0 ms) -> Source IP (1) -> (+0 ms) -> Source IP (1)
SEQ_PRO_0509,Processed_Network_dataset,12,2019-04-25T07:05:30Z,2019-04-25T07:05:30Z,0.0,TND_PRO_004127,TND_PRO_004106,Source IP (1) -> (+0 ms) -> Source IP (1) -> (+0 ms) -> Source IP (1) -> (+0 ms) -> Source IP (1) -> (+0 ms) -> Source IP (1) -> (+0 ms) -> Source IP (1) -> (+0 ms) -> Source IP (1) -> (+0 ms) -> Source IP (1) -> (+0 ms) -> Source IP (1) -> (+0 ms) -> Source IP (1) -> (+0 ms) -> Source IP (1) -> (+0 ms) -> Source IP (1)
SEQ_PRO_0510,Processed_Network_dataset,12,2019-04-25T07:05:30Z,2019-04-25T07:05:30Z,0.0,TND_PRO_004107,TND_PRO_004118,Source IP (1) -> (+0 ms) -> Source IP (1) -> (+0 ms) -> Source IP (1) -> (+0 ms) -> Source IP (1) -> (+0 ms) -> Source IP (1) -> (+0 ms) -> Source IP (1) -> (+0 ms) -> Source IP (1) -> (+0 ms) -> Source IP (1) -> (+0 ms) -> Source IP (1) -> (+0 ms) -> Source IP (1) -> (+0 ms) -> Source IP (1) -> (+0 ms) -> Source IP (1)
SEQ_PRO_0511,Processed_Network_dataset,12,2019-04-25T07:05:30Z,2019-04-25T07:05:30Z,0.0,TND_PRO_004119,TND_PRO_004159,Source IP (1) -> (+0 ms) -> Source IP (1) -> (+0 ms) -> Source IP (1) -> (+0 ms) -> Source IP (1) -> (+0 ms) -> Source IP (1) -> (+0 ms) -> Source IP (1) -> (+0 ms) -> Source IP (1) -> (+0 ms) -> Source IP (1) -> (+0 ms) -> Source IP (1) -> (+0 ms) -> Source IP (1) -> (+0 ms) -> Source IP (1) -> (+0 ms) -> Source IP (1)
SEQ_PRO_0512,Processed_Network_dataset,12,2019-04-25T07:05:30Z,2019-04-25T07:05:30Z,0.0,TND_PRO_004158,TND_PRO_004147,Source IP (1) -> (+0 ms) -> Source IP (1) -> (+0 ms) -> Source IP (1) -> (+0 ms) -> Source IP (1) -> (+0 ms) -> Source IP (1) -> (+0 ms) -> Source IP (1) -> (+0 ms) -> Source IP (1) -> (+0 ms) -> Source IP (1) -> (+0 ms) -> Source IP (1) -> (+0 ms) -> Source IP (1) -> (+0 ms) -> Source IP (1) -> (+0 ms) -> Source IP (1)
SEQ_PRO_0513,Processed_Network_dataset,12,2019-04-25T07:05:30Z,2019-04-25T07:05:30Z,0.0,TND_PRO_004146,TND_PRO_004135,Source IP (1) -> (+0 ms) -> Source IP (1) -> (+0 ms) -> Source IP (1) -> (+0 ms) -> Source IP (1) -> (+0 ms) -> Source IP (1) -> (+0 ms) -> Source IP (1) -> (+0 ms) -> Source IP (1) -> (+0 ms) -> Source IP (1) -> (+0 ms) -> Source IP (1) -> (+0 ms) -> Source IP (1) -> (+0 ms) -> Source IP (1) -> (+0 ms) -> Source IP (1)
SEQ_PRO_0514,Processed_Network_dataset,12,2019-04-25T07:05:30Z,2019-04-25T07:05:30Z,0.0,TND_PRO_004134,TND_PRO_004166,Source IP (1) -> (+0 ms) -> Source IP (1) -> (+0 ms) -> Source IP (1) -> (+0 ms) -> Source IP (1) -> (+0 ms) -> Source IP (1) -> (+0 ms) -> Source IP (1) -> (+0 ms) -> Source IP (1) -> (+0 ms) -> Source IP (1) -> (+0 ms) -> Source IP (1) -> (+0 ms) -> Source IP (1) -> (+0 ms) -> Source IP (1) -> (+0 ms) -> Source IP (1)
SEQ_PRO_0515,Processed_Network_dataset,12,2019-04-25T07:05:30Z,2019-04-25T07:05:30Z,0.0,TND_PRO_004167,TND_PRO_004178,Source IP (1) -> (+0 ms) -> Source IP (1) -> (+0 ms) -> Source IP (1) -> (+0 ms) -> Source IP (1) -> (+0 ms) -> Source IP (1) -> (+0 ms) -> Source IP (1) -> (+0 ms) -> Source IP (1) -> (+0 ms) -> Source IP (1) -> (+0 ms) -> Source IP (1) -> (+0 ms) -> Source IP (1) -> (+0 ms) -> Source IP (1) -> (+0 ms) -> Source IP (1)
SEQ_PRO_0516,Processed_Network_dataset,12,2019-04-25T07:05:30Z,2019-04-25T07:05:30Z,0.0,TND_PRO_004179,TND_PRO_004190,Source IP (1) -> (+0 ms) -> Source IP (1) -> (+0 ms) -> Source IP (1) -> (+0 ms) -> Source IP (1) -> (+0 ms) -> Source IP (1) -> (+0 ms) -> Source IP (1) -> (+0 ms) -> Source IP (1) -> (+0 ms) -> Source IP (1) -> (+0 ms) -> Source IP (1) -> (+0 ms) -> Source IP (1) -> (+0 ms) -> Source IP (1) -> (+0 ms) -> Source IP (1)
SEQ_PRO_0517,Processed_Network_dataset,12,2019-04-25T07:05:30Z,2019-04-25T07:05:30Z,0.0,TND_PRO_004191,TND_PRO_004215,Source IP (1) -> (+0 ms) -> Source IP (1) -> (+0 ms) -> Source IP (1) -> (+0 ms) -> Source IP (1) -> (+0 ms) -> Source IP (1) -> (+0 ms) -> Source IP (1) -> (+0 ms) -> Source IP (1) -> (+0 ms) -> Source IP (1) -> (+0 ms) -> Source IP (1) -> (+0 ms) -> Source IP (1) -> (+0 ms) -> Source IP (1) -> (+0 ms) -> Source IP (1)
SEQ_PRO_0518,Processed_Network_dataset,12,2019-04-25T07:05:30Z,2019-04-25T07:05:30Z,0.0,TND_PRO_004214,TND_PRO_004203,Source IP (1) -> (+0 ms) -> Source IP (1) -> (+0 ms) -> Source IP (1) -> (+0 ms) -> Source IP (1) -> (+0 ms) -> Source IP (1) -> (+0 ms) -> Source IP (1) -> (+0 ms) -> Source IP (1) -> (+0 ms) -> Source IP (1) -> (+0 ms) -> Source IP (1) -> (+0 ms) -> Source IP (1) -> (+0 ms) -> Source IP (1) -> (+0 ms) -> Source IP (1)
SEQ_PRO_0519,Processed_Network_dataset,12,2019-04-25T07:05:30Z,2019-04-25T07:05:30Z,0.0,TND_PRO_004202,TND_PRO_004231,Source IP (1) -> (+0 ms) -> Source IP (1) -> (+0 ms) -> Source IP (1) -> (+0 ms) -> Source IP (1) -> (+0 ms) -> Source IP (1) -> (+0 ms) -> Source IP (1) -> (+0 ms) -> Source IP (1) -> (+0 ms) -> Source IP (1) -> (+0 ms) -> Source IP (1) -> (+0 ms) -> Source IP (1) -> (+0 ms) -> Source IP (1) -> (+0 ms) -> Source IP (1)
SEQ_PRO_0520,Processed_Network_dataset,12,2019-04-25T07:05:30Z,2019-04-25T07:05:31Z,1.0,TND_PRO_004230,TND_PRO_004238,Source IP (1) -> (+0 ms) -> Source IP (1) -> (+0 ms) -> Source IP (1) -> (+0 ms) -> Source IP (1) -> (+0 ms) -> Source IP (1) -> (+0 ms) -> Source IP (1) -> (+0 ms) -> Source IP (1) -> (+0 ms) -> Source IP (1) -> (+0 ms) -> Source IP (1) -> (+0 ms) -> Source IP (1) -> (+0 ms) -> Source IP (1) -> (+1.00 s) -> Source IP (1)
SEQ_PRO_0521,Processed_Network_dataset,12,2019-04-25T07:05:31Z,2019-04-25T07:05:31Z,0.0,TND_PRO_004239,TND_PRO_004241,Source IP (1) -> (+0 ms) -> Source IP (1) -> (+0 ms) -> Source IP (1) -> (+0 ms) -> Source IP (1) -> (+0 ms) -> Source IP (1) -> (+0 ms) -> Source IP (1) -> (+0 ms) -> Source IP (1) -> (+0 ms) -> Source IP (1) -> (+0 ms) -> Source IP (1) -> (+0 ms) -> Source IP (1) -> (+0 ms) -> Source IP (1) -> (+0 ms) -> Source IP (1)
SEQ_PRO_0522,Processed_Network_dataset,12,2019-04-25T17:01:59Z,2019-04-25T17:01:59Z,0.0,TND_PRO_004287,TND_PRO_004276,Source IP (1) -> (+0 ms) -> Source IP (1) -> (+0 ms) -> Source IP (1) -> (+0 ms) -> Source IP (1) -> (+0 ms) -> Source IP (1) -> (+0 ms) -> Source IP (1) -> (+0 ms) -> Source IP (1) -> (+0 ms) -> Source IP (1) -> (+0 ms) -> Source IP (1) -> (+0 ms) -> Source IP (1) -> (+0 ms) -> Source IP (1) -> (+0 ms) -> Source IP (1)
SEQ_PRO_0523,Processed_Network_dataset,12,2019-04-25T17:01:59Z,2019-04-25T17:01:59Z,0.0,TND_PRO_004275,TND_PRO_004264,Source IP (1) -> (+0 ms) -> Source IP (1) -> (+0 ms) -> Source IP (1) -> (+0 ms) -> Source IP (1) -> (+0 ms) -> Source IP (1) -> (+0 ms) -> Source IP (1) -> (+0 ms) -> Source IP (1) -> (+0 ms) -> Source IP (1) -> (+0 ms) -> Source IP (1) -> (+0 ms) -> Source IP (1) -> (+0 ms) -> Source IP (1) -> (+0 ms) -> Source IP (1)
SEQ_PRO_0524,Processed_Network_dataset,12,2019-04-25T17:01:59Z,2019-04-25T17:01:59Z,0.0,TND_PRO_004263,TND_PRO_004252,Source IP (1) -> (+0 ms) -> Source IP (1) -> (+0 ms) -> Source IP (1) -> (+0 ms) -> Source IP (1) -> (+0 ms) -> Source IP (1) -> (+0 ms) -> Source IP (1) -> (+0 ms) -> Source IP (1) -> (+0 ms) -> Source IP (1) -> (+0 ms) -> Source IP (1) -> (+0 ms) -> Source IP (1) -> (+0 ms) -> Source IP (1) -> (+0 ms) -> Source IP (1)
SEQ_PRO_0525,Processed_Network_dataset,12,2019-04-25T17:01:59Z,2019-04-25T17:02:00Z,1.0,TND_PRO_004251,TND_PRO_004309,Source IP (1) -> (+1.00 s) -> Source IP (1) -> (+0 ms) -> Source IP (1) -> (+0 ms) -> Source IP (1) -> (+0 ms) -> Source IP (1) -> (+0 ms) -> Source IP (1) -> (+0 ms) -> Source IP (1) -> (+0 ms) -> Source IP (1) -> (+0 ms) -> Source IP (1) -> (+0 ms) -> Source IP (1) -> (+0 ms) -> Source IP (1) -> (+0 ms) -> Source IP (1)
SEQ_PRO_0526,Processed_Network_dataset,12,2019-04-25T17:02:00Z,2019-04-25T17:02:00Z,0.0,TND_PRO_004310,TND_PRO_004321,Source IP (1) -> (+0 ms) -> Source IP (1) -> (+0 ms) -> Source IP (1) -> (+0 ms) -> Source IP (1) -> (+0 ms) -> Source IP (1) -> (+0 ms) -> Source IP (1) -> (+0 ms) -> Source IP (1) -> (+0 ms) -> Source IP (1) -> (+0 ms) -> Source IP (1) -> (+0 ms) -> Source IP (1) -> (+0 ms) -> Source IP (1) -> (+0 ms) -> Source IP (1)
SEQ_PRO_0527,Processed_Network_dataset,12,2019-04-25T17:02:00Z,2019-04-25T17:02:00Z,0.0,TND_PRO_004322,TND_PRO_004333,Source IP (1) -> (+0 ms) -> Source IP (1) -> (+0 ms) -> Source IP (1) -> (+0 ms) -> Source IP (1) -> (+0 ms) -> Source IP (1) -> (+0 ms) -> Source IP (1) -> (+0 ms) -> Source IP (1) -> (+0 ms) -> Source IP (1) -> (+0 ms) -> Source IP (1) -> (+0 ms) -> Source IP (1) -> (+0 ms) -> Source IP (1) -> (+0 ms) -> Source IP (1)
SEQ_PRO_0528,Processed_Network_dataset,12,2019-04-25T17:02:00Z,2019-04-25T17:02:00Z,0.0,TND_PRO_004334,TND_PRO_004345,Source IP (1) -> (+0 ms) -> Source IP (1) -> (+0 ms) -> Source IP (1) -> (+0 ms) -> Source IP (1) -> (+0 ms) -> Source IP (1) -> (+0 ms) -> Source IP (1) -> (+0 ms) -> Source IP (1) -> (+0 ms) -> Source IP (1) -> (+0 ms) -> Source IP (1) -> (+0 ms) -> Source IP (1) -> (+0 ms) -> Source IP (1) -> (+0 ms) -> Source IP (1)
SEQ_PRO_0529,Processed_Network_dataset,12,2019-04-25T17:02:00Z,2019-04-25T17:02:00Z,0.0,TND_PRO_004346,TND_PRO_004357,Source IP (1) -> (+0 ms) -> Source IP (1) -> (+0 ms) -> Source IP (1) -> (+0 ms) -> Source IP (1) -> (+0 ms) -> Source IP (1) -> (+0 ms) -> Source IP (1) -> (+0 ms) -> Source IP (1) -> (+0 ms) -> Source IP (1) -> (+0 ms) -> Source IP (1) -> (+0 ms) -> Source IP (1) -> (+0 ms) -> Source IP (1) -> (+0 ms) -> Source IP (1)
SEQ_PRO_0530,Processed_Network_dataset,12,2019-04-25T17:02:00Z,2019-04-25T17:02:00Z,0.0,TND_PRO_004358,TND_PRO_004369,Source IP (1) -> (+0 ms) -> Source IP (1) -> (+0 ms) -> Source IP (1) -> (+0 ms) -> Source IP (1) -> (+0 ms) -> Source IP (1) -> (+0 ms) -> Source IP (1) -> (+0 ms) -> Source IP (1) -> (+0 ms) -> Source IP (1) -> (+0 ms) -> Source IP (1) -> (+0 ms) -> Source IP (1) -> (+0 ms) -> Source IP (1) -> (+0 ms) -> Source IP (1)
SEQ_PRO_0531,Processed_Network_dataset,12,2019-04-25T17:02:00Z,2019-04-25T17:02:00Z,0.0,TND_PRO_004370,TND_PRO_004381,Source IP (1) -> (+0 ms) -> Source IP (1) -> (+0 ms) -> Source IP (1) -> (+0 ms) -> Source IP (1) -> (+0 ms) -> Source IP (1) -> (+0 ms) -> Source IP (1) -> (+0 ms) -> Source IP (1) -> (+0 ms) -> Source IP (1) -> (+0 ms) -> Source IP (1) -> (+0 ms) -> Source IP (1) -> (+0 ms) -> Source IP (1) -> (+0 ms) -> Source IP (1)
SEQ_PRO_0532,Processed_Network_dataset,12,2019-04-25T17:02:00Z,2019-04-25T17:02:00Z,0.0,TND_PRO_004382,TND_PRO_004393,Source IP (1) -> (+0 ms) -> Source IP (1) -> (+0 ms) -> Source IP (1) -> (+0 ms) -> Source IP (1) -> (+0 ms) -> Source IP (1) -> (+0 ms) -> Source IP (1) -> (+0 ms) -> Source IP (1) -> (+0 ms) -> Source IP (1) -> (+0 ms) -> Source IP (1) -> (+0 ms) -> Source IP (1) -> (+0 ms) -> Source IP (1) -> (+0 ms) -> Source IP (1)
SEQ_PRO_0533,Processed_Network_dataset,12,2019-04-25T17:02:00Z,2019-04-25T17:02:00Z,0.0,TND_PRO_004394,TND_PRO_004405,Source IP (1) -> (+0 ms) -> Source IP (1) -> (+0 ms) -> Source IP (1) -> (+0 ms) -> Source IP (1) -> (+0 ms) -> Source IP (1) -> (+0 ms) -> Source IP (1) -> (+0 ms) -> Source IP (1) -> (+0 ms) -> Source IP (1) -> (+0 ms) -> Source IP (1) -> (+0 ms) -> Source IP (1) -> (+0 ms) -> Source IP (1) -> (+0 ms) -> Source IP (1)
SEQ_PRO_0534,Processed_Network_dataset,12,2019-04-25T17:02:00Z,2019-04-25T17:02:00Z,0.0,TND_PRO_004406,TND_PRO_004417,Source IP (1) -> (+0 ms) -> Source IP (1) -> (+0 ms) -> Source IP (1) -> (+0 ms) -> Source IP (1) -> (+0 ms) -> Source IP (1) -> (+0 ms) -> Source IP (1) -> (+0 ms) -> Source IP (1) -> (+0 ms) -> Source IP (1) -> (+0 ms) -> Source IP (1) -> (+0 ms) -> Source IP (1) -> (+0 ms) -> Source IP (1) -> (+0 ms) -> Source IP (1)
SEQ_PRO_0535,Processed_Network_dataset,12,2019-04-25T17:02:00Z,2019-04-25T17:02:00Z,0.0,TND_PRO_004418,TND_PRO_004429,Source IP (1) -> (+0 ms) -> Source IP (1) -> (+0 ms) -> Source IP (1) -> (+0 ms) -> Source IP (1) -> (+0 ms) -> Source IP (1) -> (+0 ms) -> Source IP (1) -> (+0 ms) -> Source IP (1) -> (+0 ms) -> Source IP (1) -> (+0 ms) -> Source IP (1) -> (+0 ms) -> Source IP (1) -> (+0 ms) -> Source IP (1) -> (+0 ms) -> Source IP (1)
SEQ_PRO_0536,Processed_Network_dataset,12,2019-04-25T17:02:00Z,2019-04-25T17:02:00Z,0.0,TND_PRO_004430,TND_PRO_004441,Source IP (1) -> (+0 ms) -> Source IP (1) -> (+0 ms) -> Source IP (1) -> (+0 ms) -> Source IP (1) -> (+0 ms) -> Source IP (1) -> (+0 ms) -> Source IP (1) -> (+0 ms) -> Source IP (1) -> (+0 ms) -> Source IP (1) -> (+0 ms) -> Source IP (1) -> (+0 ms) -> Source IP (1) -> (+0 ms) -> Source IP (1) -> (+0 ms) -> Source IP (1)
SEQ_PRO_0537,Processed_Network_dataset,12,2019-04-25T17:02:00Z,2019-04-25T17:02:00Z,0.0,TND_PRO_004442,TND_PRO_004298,Source IP (1) -> (+0 ms) -> Source IP (1) -> (+0 ms) -> Source IP (1) -> (+0 ms) -> Source IP (1) -> (+0 ms) -> Source IP (1) -> (+0 ms) -> Source IP (1) -> (+0 ms) -> Source IP (1) -> (+0 ms) -> Source IP (1) -> (+0 ms) -> Source IP (1) -> (+0 ms) -> Source IP (1) -> (+0 ms) -> Source IP (1) -> (+0 ms) -> Source IP (1)
SEQ_PRO_0538,Processed_Network_dataset,12,2019-04-25T17:02:00Z,2019-04-25T17:02:01Z,1.0,TND_PRO_004291,TND_PRO_004465,Source IP (1) -> (+0 ms) -> Source IP (1) -> (+0 ms) -> Source IP (1) -> (+0 ms) -> Source IP (1) -> (+1.00 s) -> Source IP (1) -> (+0 ms) -> Source IP (1) -> (+0 ms) -> Source IP (1) -> (+0 ms) -> Source IP (1) -> (+0 ms) -> Source IP (1) -> (+0 ms) -> Source IP (1) -> (+0 ms) -> Source IP (1) -> (+0 ms) -> Source IP (1)
SEQ_PRO_0539,Processed_Network_dataset,12,2019-04-25T17:02:01Z,2019-04-25T17:02:01Z,0.0,TND_PRO_004466,TND_PRO_004477,Source IP (1) -> (+0 ms) -> Source IP (1) -> (+0 ms) -> Source IP (1) -> (+0 ms) -> Source IP (1) -> (+0 ms) -> Source IP (1) -> (+0 ms) -> Source IP (1) -> (+0 ms) -> Source IP (1) -> (+0 ms) -> Source IP (1) -> (+0 ms) -> Source IP (1) -> (+0 ms) -> Source IP (1) -> (+0 ms) -> Source IP (1) -> (+0 ms) -> Source IP (1)
SEQ_PRO_0540,Processed_Network_dataset,12,2019-04-25T17:02:01Z,2019-04-25T17:02:01Z,0.0,TND_PRO_004478,TND_PRO_004457,Source IP (1) -> (+0 ms) -> Source IP (1) -> (+0 ms) -> Source IP (1) -> (+0 ms) -> Source IP (1) -> (+0 ms) -> Source IP (1) -> (+0 ms) -> Source IP (1) -> (+0 ms) -> Source IP (1) -> (+0 ms) -> Source IP (1) -> (+0 ms) -> Source IP (1) -> (+0 ms) -> Source IP (1) -> (+0 ms) -> Source IP (1) -> (+0 ms) -> Source IP (1)
SEQ_PRO_0541,Processed_Network_dataset,12,2019-04-25T17:02:01Z,2019-04-25T17:02:01Z,0.0,TND_PRO_004458,TND_PRO_004480,Source IP (1) -> (+0 ms) -> Source IP (1) -> (+0 ms) -> Source IP (1) -> (+0 ms) -> Source IP (1) -> (+0 ms) -> Source IP (1) -> (+0 ms) -> Source IP (1) -> (+0 ms) -> Source IP (1) -> (+0 ms) -> Source IP (1) -> (+0 ms) -> Source IP (1) -> (+0 ms) -> Source IP (1) -> (+0 ms) -> Source IP (1) -> (+0 ms) -> Source IP (1)
SEQ_PRO_0542,Processed_Network_dataset,12,2019-04-25T17:02:01Z,2019-04-25T19:59:08Z,10627.0,TND_PRO_004491,TND_PRO_004509,Source IP (1) -> (+0 ms) -> Source IP (1) -> (+0 ms) -> Source IP (1) -> (+0 ms) -> Source IP (1) -> (+0 ms) -> Source IP (1) -> (+0 ms) -> Source IP (1) -> (+0 ms) -> Source IP (1) -> (+0 ms) -> Source IP (1) -> (+0 ms) -> Source IP (1) -> (+0 ms) -> Source IP (1) -> (+177.1 min) -> Source IP (1) -> (+0 ms) -> Source IP (1)
SEQ_PRO_0543,Processed_Network_dataset,12,2019-04-25T19:59:08Z,2019-04-25T19:59:08Z,0.0,TND_PRO_004510,TND_PRO_004520,Source IP (1) -> (+0 ms) -> Source IP (1) -> (+0 ms) -> Source IP (1) -> (+0 ms) -> Source IP (1) -> (+0 ms) -> Source IP (1) -> (+0 ms) -> Source IP (1) -> (+0 ms) -> Source IP (1) -> (+0 ms) -> Source IP (1) -> (+0 ms) -> Source IP (1) -> (+0 ms) -> Source IP (1) -> (+0 ms) -> Source IP (1) -> (+0 ms) -> Source IP (1)
SEQ_PRO_0544,Processed_Network_dataset,12,2019-04-25T19:59:08Z,2019-04-25T19:59:09Z,1.0,TND_PRO_004519,TND_PRO_004531,Source IP (1) -> (+0 ms) -> Source IP (1) -> (+0 ms) -> Source IP (1) -> (+0 ms) -> Source IP (1) -> (+0 ms) -> Source IP (1) -> (+0 ms) -> Source IP (1) -> (+0 ms) -> Source IP (1) -> (+0 ms) -> Source IP (1) -> (+1.00 s) -> Source IP (1) -> (+0 ms) -> Source IP (1) -> (+0 ms) -> Source IP (1) -> (+0 ms) -> Source IP (1)
SEQ_PRO_0545,Processed_Network_dataset,12,2019-04-25T19:59:09Z,2019-04-25T19:59:09Z,0.0,TND_PRO_004527,TND_PRO_004523,Source IP (1) -> (+0 ms) -> Source IP (1) -> (+0 ms) -> Source IP (1) -> (+0 ms) -> Source IP (1) -> (+0 ms) -> Source IP (1) -> (+0 ms) -> Source IP (1) -> (+0 ms) -> Source IP (1) -> (+0 ms) -> Source IP (1) -> (+0 ms) -> Source IP (1) -> (+0 ms) -> Source IP (1) -> (+0 ms) -> Source IP (1) -> (+0 ms) -> Source IP (1)
SEQ_PRO_0546,Processed_Network_dataset,12,2019-04-25T19:59:10Z,2019-04-25T19:59:11Z,1.0,TND_PRO_004544,TND_PRO_004555,Source IP (1) -> (+0 ms) -> Source IP (1) -> (+0 ms) -> Source IP (1) -> (+0 ms) -> Source IP (1) -> (+0 ms) -> Source IP (1) -> (+0 ms) -> Source IP (1) -> (+0 ms) -> Source IP (1) -> (+0 ms) -> Source IP (1) -> (+0 ms) -> Source IP (1) -> (+0 ms) -> Source IP (1) -> (+0 ms) -> Source IP (1) -> (+1.00 s) -> Source IP (1)
SEQ_PRO_0547,Processed_Network_dataset,12,2019-04-25T19:59:11Z,2019-04-25T19:59:11Z,0.0,TND_PRO_004558,TND_PRO_004567,Source IP (1) -> (+0 ms) -> Source IP (1) -> (+0 ms) -> Source IP (1) -> (+0 ms) -> Source IP (1) -> (+0 ms) -> Source IP (1) -> (+0 ms) -> Source IP (1) -> (+0 ms) -> Source IP (1) -> (+0 ms) -> Source IP (1) -> (+0 ms) -> Source IP (1) -> (+0 ms) -> Source IP (1) -> (+0 ms) -> Source IP (1) -> (+0 ms) -> Source IP (1)
SEQ_PRO_0548,Processed_Network_dataset,12,2019-04-25T19:59:11Z,2019-04-25T19:59:11Z,0.0,TND_PRO_004566,TND_PRO_004578,Source IP (1) -> (+0 ms) -> Source IP (1) -> (+0 ms) -> Source IP (1) -> (+0 ms) -> Source IP (1) -> (+0 ms) -> Source IP (1) -> (+0 ms) -> Source IP (1) -> (+0 ms) -> Source IP (1) -> (+0 ms) -> Source IP (1) -> (+0 ms) -> Source IP (1) -> (+0 ms) -> Source IP (1) -> (+0 ms) -> Source IP (1) -> (+0 ms) -> Source IP (1)
SEQ_PRO_0549,Processed_Network_dataset,12,2019-04-25T19:59:11Z,2019-04-25T19:59:11Z,0.0,TND_PRO_004579,TND_PRO_004551,Source IP (1) -> (+0 ms) -> Source IP (1) -> (+0 ms) -> Source IP (1) -> (+0 ms) -> Source IP (1) -> (+0 ms) -> Source IP (1) -> (+0 ms) -> Source IP (1) -> (+0 ms) -> Source IP (1) -> (+0 ms) -> Source IP (1) -> (+0 ms) -> Source IP (1) -> (+0 ms) -> Source IP (1) -> (+0 ms) -> Source IP (1) -> (+0 ms) -> Source IP (1)
SEQ_PRO_0550,Processed_Network_dataset,12,2019-04-25T19:59:11Z,2019-04-25T19:59:11Z,0.0,TND_PRO_004607,TND_PRO_004595,Source IP (1) -> (+0 ms) -> Source IP (1) -> (+0 ms) -> Source IP (1) -> (+0 ms) -> Source IP (1) -> (+0 ms) -> Source IP (1) -> (+0 ms) -> Source IP (1) -> (+0 ms) -> Source IP (1) -> (+0 ms) -> Source IP (1) -> (+0 ms) -> Source IP (1) -> (+0 ms) -> Source IP (1) -> (+0 ms) -> Source IP (1) -> (+0 ms) -> Source IP (1)
SEQ_PRO_0551,Processed_Network_dataset,12,2019-04-25T19:59:11Z,2019-04-25T19:59:12Z,1.0,TND_PRO_004594,TND_PRO_004621,Source IP (1) -> (+0 ms) -> Source IP (1) -> (+0 ms) -> Source IP (1) -> (+0 ms) -> Source IP (1) -> (+0 ms) -> Source IP (1) -> (+0 ms) -> Source IP (1) -> (+0 ms) -> Source IP (1) -> (+0 ms) -> Source IP (1) -> (+0 ms) -> Source IP (1) -> (+0 ms) -> Source IP (1) -> (+1.00 s) -> Source IP (1) -> (+0 ms) -> Source IP (1)
SEQ_PRO_0552,Processed_Network_dataset,12,2019-04-25T19:59:12Z,2019-04-25T19:59:12Z,0.0,TND_PRO_004615,TND_PRO_004635,Source IP (1) -> (+0 ms) -> Source IP (1) -> (+0 ms) -> Source IP (1) -> (+0 ms) -> Source IP (1) -> (+0 ms) -> Source IP (1) -> (+0 ms) -> Source IP (1) -> (+0 ms) -> Source IP (1) -> (+0 ms) -> Source IP (1) -> (+0 ms) -> Source IP (1) -> (+0 ms) -> Source IP (1) -> (+0 ms) -> Source IP (1) -> (+0 ms) -> Source IP (1)
SEQ_PRO_0553,Processed_Network_dataset,12,2019-04-25T19:59:12Z,2019-04-25T19:59:12Z,0.0,TND_PRO_004634,TND_PRO_004623,Source IP (1) -> (+0 ms) -> Source IP (1) -> (+0 ms) -> Source IP (1) -> (+0 ms) -> Source IP (1) -> (+0 ms) -> Source IP (1) -> (+0 ms) -> Source IP (1) -> (+0 ms) -> Source IP (1) -> (+0 ms) -> Source IP (1) -> (+0 ms) -> Source IP (1) -> (+0 ms) -> Source IP (1) -> (+0 ms) -> Source IP (1) -> (+0 ms) -> Source IP (1)
SEQ_PRO_0554,Processed_Network_dataset,12,2019-04-25T19:59:12Z,2019-04-25T19:59:12Z,0.0,TND_PRO_004647,TND_PRO_004654,Source IP (1) -> (+0 ms) -> Source IP (1) -> (+0 ms) -> Source IP (1) -> (+0 ms) -> Source IP (1) -> (+0 ms) -> Source IP (1) -> (+0 ms) -> Source IP (1) -> (+0 ms) -> Source IP (1) -> (+0 ms) -> Source IP (1) -> (+0 ms) -> Source IP (1) -> (+0 ms) -> Source IP (1) -> (+0 ms) -> Source IP (1) -> (+0 ms) -> Source IP (1)
SEQ_PRO_0555,Processed_Network_dataset,12,2019-04-25T19:59:12Z,2019-04-25T19:59:12Z,0.0,TND_PRO_004611,TND_PRO_004639,Source IP (1) -> (+0 ms) -> Source IP (1) -> (+0 ms) -> Source IP (1) -> (+0 ms) -> Source IP (1) -> (+0 ms) -> Source IP (1) -> (+0 ms) -> Source IP (1) -> (+0 ms) -> Source IP (1) -> (+0 ms) -> Source IP (1) -> (+0 ms) -> Source IP (1) -> (+0 ms) -> Source IP (1) -> (+0 ms) -> Source IP (1) -> (+0 ms) -> Source IP (1)
SEQ_PRO_0556,Processed_Network_dataset,12,2019-04-25T19:59:12Z,2019-04-25T19:59:13Z,1.0,TND_PRO_004642,TND_PRO_004715,Source IP (1) -> (+0 ms) -> Source IP (1) -> (+1.00 s) -> Source IP (1) -> (+0 ms) -> Source IP (1) -> (+0 ms) -> Source IP (1) -> (+0 ms) -> Source IP (1) -> (+0 ms) -> Source IP (1) -> (+0 ms) -> Source IP (1) -> (+0 ms) -> Source IP (1) -> (+0 ms) -> Source IP (1) -> (+0 ms) -> Source IP (1) -> (+0 ms) -> Source IP (1)
SEQ_PRO_0557,Processed_Network_dataset,12,2019-04-25T19:59:13Z,2019-04-25T19:59:13Z,0.0,TND_PRO_004714,TND_PRO_004669,Source IP (1) -> (+0 ms) -> Source IP (1) -> (+0 ms) -> Source IP (1) -> (+0 ms) -> Source IP (1) -> (+0 ms) -> Source IP (1) -> (+0 ms) -> Source IP (1) -> (+0 ms) -> Source IP (1) -> (+0 ms) -> Source IP (1) -> (+0 ms) -> Source IP (1) -> (+0 ms) -> Source IP (1) -> (+0 ms) -> Source IP (1) -> (+0 ms) -> Source IP (1)
SEQ_PRO_0558,Processed_Network_dataset,12,2019-04-25T19:59:13Z,2019-04-25T19:59:13Z,0.0,TND_PRO_004686,TND_PRO_004675,Source IP (1) -> (+0 ms) -> Source IP (1) -> (+0 ms) -> Source IP (1) -> (+0 ms) -> Source IP (1) -> (+0 ms) -> Source IP (1) -> (+0 ms) -> Source IP (1) -> (+0 ms) -> Source IP (1) -> (+0 ms) -> Source IP (1) -> (+0 ms) -> Source IP (1) -> (+0 ms) -> Source IP (1) -> (+0 ms) -> Source IP (1) -> (+0 ms) -> Source IP (1)
SEQ_PRO_0559,Processed_Network_dataset,12,2019-04-25T19:59:13Z,2019-04-25T19:59:13Z,0.0,TND_PRO_004674,TND_PRO_004695,Source IP (1) -> (+0 ms) -> Source IP (1) -> (+0 ms) -> Source IP (1) -> (+0 ms) -> Source IP (1) -> (+0 ms) -> Source IP (1) -> (+0 ms) -> Source IP (1) -> (+0 ms) -> Source IP (1) -> (+0 ms) -> Source IP (1) -> (+0 ms) -> Source IP (1) -> (+0 ms) -> Source IP (1) -> (+0 ms) -> Source IP (1) -> (+0 ms) -> Source IP (1)
SEQ_PRO_0560,Processed_Network_dataset,12,2019-04-25T19:59:13Z,2019-04-25T19:59:13Z,0.0,TND_PRO_004694,TND_PRO_004690,Source IP (1) -> (+0 ms) -> Source IP (1) -> (+0 ms) -> Source IP (1) -> (+0 ms) -> Source IP (1) -> (+0 ms) -> Source IP (1) -> (+0 ms) -> Source IP (1) -> (+0 ms) -> Source IP (1) -> (+0 ms) -> Source IP (1) -> (+0 ms) -> Source IP (1) -> (+0 ms) -> Source IP (1) -> (+0 ms) -> Source IP (1) -> (+0 ms) -> Source IP (1)
SEQ_PRO_0561,Processed_Network_dataset,12,2019-04-25T19:59:14Z,2019-04-25T19:59:14Z,0.0,TND_PRO_004738,TND_PRO_004721,Source IP (1) -> (+0 ms) -> Source IP (1) -> (+0 ms) -> Source IP (1) -> (+0 ms) -> Source IP (1) -> (+0 ms) -> Source IP (1) -> (+0 ms) -> Source IP (1) -> (+0 ms) -> Source IP (1) -> (+0 ms) -> Source IP (1) -> (+0 ms) -> Source IP (1) -> (+0 ms) -> Source IP (1) -> (+0 ms) -> Source IP (1) -> (+0 ms) -> Source IP (1)
SEQ_PRO_0562,Processed_Network_dataset,12,2019-04-25T19:59:14Z,2019-04-25T19:59:14Z,0.0,TND_PRO_004740,TND_PRO_004725,Source IP (1) -> (+0 ms) -> Source IP (1) -> (+0 ms) -> Source IP (1) -> (+0 ms) -> Source IP (1) -> (+0 ms) -> Source IP (1) -> (+0 ms) -> Source IP (1) -> (+0 ms) -> Source IP (1) -> (+0 ms) -> Source IP (1) -> (+0 ms) -> Source IP (1) -> (+0 ms) -> Source IP (1) -> (+0 ms) -> Source IP (1) -> (+0 ms) -> Source IP (1)
SEQ_PRO_0563,Processed_Network_dataset,12,2019-04-25T19:59:14Z,2019-04-25T22:06:21Z,7627.0,TND_PRO_004743,TND_PRO_004805,Source IP (1) -> (+0 ms) -> Source IP (1) -> (+0 ms) -> Source IP (1) -> (+0 ms) -> Source IP (1) -> (+0 ms) -> Source IP (1) -> (+0 ms) -> Source IP (1) -> (+0 ms) -> Source IP (1) -> (+0 ms) -> Source IP (1) -> (+127.1 min) -> Source IP (1) -> (+0 ms) -> Source IP (1) -> (+0 ms) -> Source IP (1) -> (+0 ms) -> Source IP (1)
SEQ_PRO_0564,Processed_Network_dataset,12,2019-04-25T22:06:21Z,2019-04-25T22:06:21Z,0.0,TND_PRO_004834,TND_PRO_004831,Source IP (1) -> (+0 ms) -> Source IP (1) -> (+0 ms) -> Source IP (1) -> (+0 ms) -> Source IP (1) -> (+0 ms) -> Source IP (1) -> (+0 ms) -> Source IP (1) -> (+0 ms) -> Source IP (1) -> (+0 ms) -> Source IP (1) -> (+0 ms) -> Source IP (1) -> (+0 ms) -> Source IP (1) -> (+0 ms) -> Source IP (1) -> (+0 ms) -> Source IP (1)
SEQ_PRO_0565,Processed_Network_dataset,12,2019-04-25T22:06:21Z,2019-04-25T22:06:21Z,0.0,TND_PRO_004795,TND_PRO_004798,Source IP (1) -> (+0 ms) -> Source IP (1) -> (+0 ms) -> Source IP (1) -> (+0 ms) -> Source IP (1) -> (+0 ms) -> Source IP (1) -> (+0 ms) -> Source IP (1) -> (+0 ms) -> Source IP (1) -> (+0 ms) -> Source IP (1) -> (+0 ms) -> Source IP (1) -> (+0 ms) -> Source IP (1) -> (+0 ms) -> Source IP (1) -> (+0 ms) -> Source IP (1)
SEQ_PRO_0566,Processed_Network_dataset,12,2019-04-25T22:06:21Z,2019-04-25T22:06:21Z,0.0,TND_PRO_004801,TND_PRO_004765,Source IP (1) -> (+0 ms) -> Source IP (1) -> (+0 ms) -> Source IP (1) -> (+0 ms) -> Source IP (1) -> (+0 ms) -> Source IP (1) -> (+0 ms) -> Source IP (1) -> (+0 ms) -> Source IP (1) -> (+0 ms) -> Source IP (1) -> (+0 ms) -> Source IP (1) -> (+0 ms) -> Source IP (1) -> (+0 ms) -> Source IP (1) -> (+0 ms) -> Source IP (1)
SEQ_PRO_0567,Processed_Network_dataset,12,2019-04-25T22:06:21Z,2019-04-25T22:06:21Z,0.0,TND_PRO_004756,TND_PRO_004820,Source IP (1) -> (+0 ms) -> Source IP (1) -> (+0 ms) -> Source IP (1) -> (+0 ms) -> Source IP (1) -> (+0 ms) -> Source IP (1) -> (+0 ms) -> Source IP (1) -> (+0 ms) -> Source IP (1) -> (+0 ms) -> Source IP (1) -> (+0 ms) -> Source IP (1) -> (+0 ms) -> Source IP (1) -> (+0 ms) -> Source IP (1) -> (+0 ms) -> Source IP (1)
SEQ_PRO_0568,Processed_Network_dataset,12,2019-04-25T22:06:21Z,2019-04-25T22:06:21Z,0.0,TND_PRO_004819,TND_PRO_004755,Source IP (1) -> (+0 ms) -> Source IP (1) -> (+0 ms) -> Source IP (1) -> (+0 ms) -> Source IP (1) -> (+0 ms) -> Source IP (1) -> (+0 ms) -> Source IP (1) -> (+0 ms) -> Source IP (1) -> (+0 ms) -> Source IP (1) -> (+0 ms) -> Source IP (1) -> (+0 ms) -> Source IP (1) -> (+0 ms) -> Source IP (1) -> (+0 ms) -> Source IP (1)
SEQ_PRO_0569,Processed_Network_dataset,12,2019-04-25T22:06:21Z,2019-04-25T22:06:21Z,0.0,TND_PRO_004826,TND_PRO_004784,Source IP (1) -> (+0 ms) -> Source IP (1) -> (+0 ms) -> Source IP (1) -> (+0 ms) -> Source IP (1) -> (+0 ms) -> Source IP (1) -> (+0 ms) -> Source IP (1) -> (+0 ms) -> Source IP (1) -> (+0 ms) -> Source IP (1) -> (+0 ms) -> Source IP (1) -> (+0 ms) -> Source IP (1) -> (+0 ms) -> Source IP (1) -> (+0 ms) -> Source IP (1)
SEQ_PRO_0570,Processed_Network_dataset,12,2019-04-25T22:06:21Z,2019-04-25T22:06:22Z,1.0,TND_PRO_004780,TND_PRO_004835,Source IP (1) -> (+0 ms) -> Source IP (1) -> (+0 ms) -> Source IP (1) -> (+0 ms) -> Source IP (1) -> (+0 ms) -> Source IP (1) -> (+0 ms) -> Source IP (1) -> (+0 ms) -> Source IP (1) -> (+0 ms) -> Source IP (1) -> (+1.00 s) -> Source IP (1) -> (+0 ms) -> Source IP (1) -> (+0 ms) -> Source IP (1) -> (+0 ms) -> Source IP (1)
SEQ_PRO_0571,Processed_Network_dataset,12,2019-04-25T22:06:22Z,2019-04-25T22:06:22Z,0.0,TND_PRO_004838,TND_PRO_004850,Source IP (1) -> (+0 ms) -> Source IP (1) -> (+0 ms) -> Source IP (1) -> (+0 ms) -> Source IP (1) -> (+0 ms) -> Source IP (1) -> (+0 ms) -> Source IP (1) -> (+0 ms) -> Source IP (1) -> (+0 ms) -> Source IP (1) -> (+0 ms) -> Source IP (1) -> (+0 ms) -> Source IP (1) -> (+0 ms) -> Source IP (1) -> (+0 ms) -> Source IP (1)
SEQ_PRO_0572,Processed_Network_dataset,12,2019-04-25T22:06:23Z,2019-04-25T22:06:23Z,0.0,TND_PRO_004855,TND_PRO_004870,Source IP (1) -> (+0 ms) -> Source IP (1) -> (+0 ms) -> Source IP (1) -> (+0 ms) -> Source IP (1) -> (+0 ms) -> Source IP (1) -> (+0 ms) -> Source IP (1) -> (+0 ms) -> Source IP (1) -> (+0 ms) -> Source IP (1) -> (+0 ms) -> Source IP (1) -> (+0 ms) -> Source IP (1) -> (+0 ms) -> Source IP (1) -> (+0 ms) -> Source IP (1)
SEQ_PRO_0573,Processed_Network_dataset,12,2019-04-25T22:06:23Z,2019-04-25T22:06:24Z,1.0,TND_PRO_004871,TND_PRO_004918,Source IP (1) -> (+0 ms) -> Source IP (1) -> (+0 ms) -> Source IP (1) -> (+0 ms) -> Source IP (1) -> (+0 ms) -> Source IP (1) -> (+0 ms) -> Source IP (1) -> (+0 ms) -> Source IP (1) -> (+0 ms) -> Source IP (1) -> (+0 ms) -> Source IP (1) -> (+0 ms) -> Source IP (1) -> (+1.00 s) -> Source IP (1) -> (+0 ms) -> Source IP (1)
SEQ_PRO_0574,Processed_Network_dataset,12,2019-04-25T22:06:24Z,2019-04-25T22:06:24Z,0.0,TND_PRO_004887,TND_PRO_004881,Source IP (1) -> (+0 ms) -> Source IP (1) -> (+0 ms) -> Source IP (1) -> (+0 ms) -> Source IP (1) -> (+0 ms) -> Source IP (1) -> (+0 ms) -> Source IP (1) -> (+0 ms) -> Source IP (1) -> (+0 ms) -> Source IP (1) -> (+0 ms) -> Source IP (1) -> (+0 ms) -> Source IP (1) -> (+0 ms) -> Source IP (1) -> (+0 ms) -> Source IP (1)
SEQ_PRO_0575,Processed_Network_dataset,12,2019-04-25T22:06:24Z,2019-04-25T22:06:24Z,0.0,TND_PRO_004880,TND_PRO_004877,Source IP (1) -> (+0 ms) -> Source IP (1) -> (+0 ms) -> Source IP (1) -> (+0 ms) -> Source IP (1) -> (+0 ms) -> Source IP (1) -> (+0 ms) -> Source IP (1) -> (+0 ms) -> Source IP (1) -> (+0 ms) -> Source IP (1) -> (+0 ms) -> Source IP (1) -> (+0 ms) -> Source IP (1) -> (+0 ms) -> Source IP (1) -> (+0 ms) -> Source IP (1)
SEQ_PRO_0576,Processed_Network_dataset,12,2019-04-25T22:06:24Z,2019-04-25T22:06:24Z,0.0,TND_PRO_004876,TND_PRO_004908,Source IP (1) -> (+0 ms) -> Source IP (1) -> (+0 ms) -> Source IP (1) -> (+0 ms) -> Source IP (1) -> (+0 ms) -> Source IP (1) -> (+0 ms) -> Source IP (1) -> (+0 ms) -> Source IP (1) -> (+0 ms) -> Source IP (1) -> (+0 ms) -> Source IP (1) -> (+0 ms) -> Source IP (1) -> (+0 ms) -> Source IP (1) -> (+0 ms) -> Source IP (1)
SEQ_PRO_0577,Processed_Network_dataset,12,2019-04-25T22:06:24Z,2019-04-25T22:06:24Z,0.0,TND_PRO_004910,TND_PRO_004926,Source IP (1) -> (+0 ms) -> Source IP (1) -> (+0 ms) -> Source IP (1) -> (+0 ms) -> Source IP (1) -> (+0 ms) -> Source IP (1) -> (+0 ms) -> Source IP (1) -> (+0 ms) -> Source IP (1) -> (+0 ms) -> Source IP (1) -> (+0 ms) -> Source IP (1) -> (+0 ms) -> Source IP (1) -> (+0 ms) -> Source IP (1) -> (+0 ms) -> Source IP (1)
SEQ_PRO_0578,Processed_Network_dataset,12,2019-04-25T22:06:24Z,2019-04-25T22:06:27Z,3.0,TND_PRO_004924,TND_PRO_004956,Source IP (1) -> (+0 ms) -> Source IP (1) -> (+0 ms) -> Source IP (1) -> (+0 ms) -> Source IP (1) -> (+0 ms) -> Source IP (1) -> (+1.00 s) -> Source IP (1) -> (+0 ms) -> Source IP (1) -> (+0 ms) -> Source IP (1) -> (+0 ms) -> Source IP (1) -> (+2.00 s) -> Source IP (1) -> (+0 ms) -> Source IP (1) -> (+0 ms) -> Source IP (1)
SEQ_PRO_0579,Processed_Network_dataset,12,2019-04-25T22:06:27Z,2019-04-25T22:06:27Z,0.0,TND_PRO_004952,TND_PRO_004966,Source IP (1) -> (+0 ms) -> Source IP (1) -> (+0 ms) -> Source IP (1) -> (+0 ms) -> Source IP (1) -> (+0 ms) -> Source IP (1) -> (+0 ms) -> Source IP (1) -> (+0 ms) -> Source IP (1) -> (+0 ms) -> Source IP (1) -> (+0 ms) -> Source IP (1) -> (+0 ms) -> Source IP (1) -> (+0 ms) -> Source IP (1) -> (+0 ms) -> Source IP (1)
SEQ_PRO_0580,Processed_Network_dataset,12,2019-04-25T22:06:27Z,2019-04-25T22:06:27Z,0.0,TND_PRO_004940,TND_PRO_004948,Source IP (1) -> (+0 ms) -> Source IP (1) -> (+0 ms) -> Source IP (1) -> (+0 ms) -> Source IP (1) -> (+0 ms) -> Source IP (1) -> (+0 ms) -> Source IP (1) -> (+0 ms) -> Source IP (1) -> (+0 ms) -> Source IP (1) -> (+0 ms) -> Source IP (1) -> (+0 ms) -> Source IP (1) -> (+0 ms) -> Source IP (1) -> (+0 ms) -> Source IP (1)
SEQ_PRO_0581,Processed_Network_dataset,12,2019-04-25T22:06:27Z,2019-04-25T22:06:28Z,1.0,TND_PRO_004942,TND_PRO_005000,Source IP (1) -> (+0 ms) -> Source IP (1) -> (+0 ms) -> Source IP (1) -> (+0 ms) -> Source IP (1) -> (+0 ms) -> Source IP (1) -> (+0 ms) -> Source IP (1) -> (+0 ms) -> Source IP (1) -> (+0 ms) -> Source IP (1) -> (+0 ms) -> Source IP (1) -> (+1.00 s) -> Source IP (1) -> (+0 ms) -> Source IP (1) -> (+0 ms) -> Source IP (1)
SEQ_PRO_0582,Processed_Network_dataset,12,2019-04-25T22:06:28Z,2019-04-25T22:06:28Z,0.0,TND_PRO_004987,TND_PRO_004994,Source IP (1) -> (+0 ms) -> Source IP (1) -> (+0 ms) -> Source IP (1) -> (+0 ms) -> Source IP (1) -> (+0 ms) -> Source IP (1) -> (+0 ms) -> Source IP (1) -> (+0 ms) -> Source IP (1) -> (+0 ms) -> Source IP (1) -> (+0 ms) -> Source IP (1) -> (+0 ms) -> Source IP (1) -> (+0 ms) -> Source IP (1) -> (+0 ms) -> Source IP (1)
SEQ_PRO_0583,Processed_Network_dataset,12,2019-04-25T22:06:28Z,2019-04-25T22:06:28Z,0.0,TND_PRO_004995,TND_PRO_004979,Source IP (1) -> (+0 ms) -> Source IP (1) -> (+0 ms) -> Source IP (1) -> (+0 ms) -> Source IP (1) -> (+0 ms) -> Source IP (1) -> (+0 ms) -> Source IP (1) -> (+0 ms) -> Source IP (1) -> (+0 ms) -> Source IP (1) -> (+0 ms) -> Source IP (1) -> (+0 ms) -> Source IP (1) -> (+0 ms) -> Source IP (1) -> (+0 ms) -> Source IP (1)
SEQ_PRO_0584,Processed_Network_dataset,12,2019-04-25T22:06:28Z,2019-04-26T00:16:43Z,7815.0,TND_PRO_004978,TND_PRO_005080,Source IP (1) -> (+0 ms) -> Source IP (1) -> (+0 ms) -> Source IP (1) -> (+0 ms) -> Source IP (1) -> (+0 ms) -> Source IP (1) -> (+0 ms) -> Source IP (1) -> (+130.2 min) -> Source IP (1) -> (+0 ms) -> Source IP (1) -> (+0 ms) -> Source IP (1) -> (+0 ms) -> Source IP (1) -> (+0 ms) -> Source IP (1) -> (+0 ms) -> Source IP (1)
SEQ_PRO_0585,Processed_Network_dataset,12,2019-04-26T00:16:43Z,2019-04-26T00:16:43Z,0.0,TND_PRO_005081,TND_PRO_005124,Source IP (1) -> (+0 ms) -> Source IP (1) -> (+0 ms) -> Source IP (1) -> (+0 ms) -> Source IP (1) -> (+0 ms) -> Source IP (1) -> (+0 ms) -> Source IP (1) -> (+0 ms) -> Source IP (1) -> (+0 ms) -> Source IP (1) -> (+0 ms) -> Source IP (1) -> (+0 ms) -> Source IP (1) -> (+0 ms) -> Source IP (1) -> (+0 ms) -> Source IP (1)
SEQ_PRO_0586,Processed_Network_dataset,12,2019-04-26T00:16:43Z,2019-04-26T00:16:43Z,0.0,TND_PRO_005125,TND_PRO_005104,Source IP (1) -> (+0 ms) -> Source IP (1) -> (+0 ms) -> Source IP (1) -> (+0 ms) -> Source IP (1) -> (+0 ms) -> Source IP (1) -> (+0 ms) -> Source IP (1) -> (+0 ms) -> Source IP (1) -> (+0 ms) -> Source IP (1) -> (+0 ms) -> Source IP (1) -> (+0 ms) -> Source IP (1) -> (+0 ms) -> Source IP (1) -> (+0 ms) -> Source IP (1)
SEQ_PRO_0587,Processed_Network_dataset,12,2019-04-26T00:16:43Z,2019-04-26T00:16:43Z,0.0,TND_PRO_005105,TND_PRO_005116,Source IP (1) -> (+0 ms) -> Source IP (1) -> (+0 ms) -> Source IP (1) -> (+0 ms) -> Source IP (1) -> (+0 ms) -> Source IP (1) -> (+0 ms) -> Source IP (1) -> (+0 ms) -> Source IP (1) -> (+0 ms) -> Source IP (1) -> (+0 ms) -> Source IP (1) -> (+0 ms) -> Source IP (1) -> (+0 ms) -> Source IP (1) -> (+0 ms) -> Source IP (1)
SEQ_PRO_0588,Processed_Network_dataset,12,2019-04-26T00:16:43Z,2019-04-26T00:16:43Z,0.0,TND_PRO_005117,TND_PRO_005128,Source IP (1) -> (+0 ms) -> Source IP (1) -> (+0 ms) -> Source IP (1) -> (+0 ms) -> Source IP (1) -> (+0 ms) -> Source IP (1) -> (+0 ms) -> Source IP (1) -> (+0 ms) -> Source IP (1) -> (+0 ms) -> Source IP (1) -> (+0 ms) -> Source IP (1) -> (+0 ms) -> Source IP (1) -> (+0 ms) -> Source IP (1) -> (+0 ms) -> Source IP (1)
SEQ_PRO_0589,Processed_Network_dataset,12,2019-04-26T00:16:43Z,2019-04-26T00:16:43Z,0.0,TND_PRO_005129,TND_PRO_005172,Source IP (1) -> (+0 ms) -> Source IP (1) -> (+0 ms) -> Source IP (1) -> (+0 ms) -> Source IP (1) -> (+0 ms) -> Source IP (1) -> (+0 ms) -> Source IP (1) -> (+0 ms) -> Source IP (1) -> (+0 ms) -> Source IP (1) -> (+0 ms) -> Source IP (1) -> (+0 ms) -> Source IP (1) -> (+0 ms) -> Source IP (1) -> (+0 ms) -> Source IP (1)
SEQ_PRO_0590,Processed_Network_dataset,12,2019-04-26T00:16:43Z,2019-04-26T00:16:43Z,0.0,TND_PRO_005173,TND_PRO_005152,Source IP (1) -> (+0 ms) -> Source IP (1) -> (+0 ms) -> Source IP (1) -> (+0 ms) -> Source IP (1) -> (+0 ms) -> Source IP (1) -> (+0 ms) -> Source IP (1) -> (+0 ms) -> Source IP (1) -> (+0 ms) -> Source IP (1) -> (+0 ms) -> Source IP (1) -> (+0 ms) -> Source IP (1) -> (+0 ms) -> Source IP (1) -> (+0 ms) -> Source IP (1)
SEQ_PRO_0591,Processed_Network_dataset,12,2019-04-26T00:16:43Z,2019-04-26T00:16:43Z,0.0,TND_PRO_005153,TND_PRO_005164,Source IP (1) -> (+0 ms) -> Source IP (1) -> (+0 ms) -> Source IP (1) -> (+0 ms) -> Source IP (1) -> (+0 ms) -> Source IP (1) -> (+0 ms) -> Source IP (1) -> (+0 ms) -> Source IP (1) -> (+0 ms) -> Source IP (1) -> (+0 ms) -> Source IP (1) -> (+0 ms) -> Source IP (1) -> (+0 ms) -> Source IP (1) -> (+0 ms) -> Source IP (1)
SEQ_PRO_0592,Processed_Network_dataset,12,2019-04-26T00:16:43Z,2019-04-26T00:16:43Z,0.0,TND_PRO_005165,TND_PRO_005176,Source IP (1) -> (+0 ms) -> Source IP (1) -> (+0 ms) -> Source IP (1) -> (+0 ms) -> Source IP (1) -> (+0 ms) -> Source IP (1) -> (+0 ms) -> Source IP (1) -> (+0 ms) -> Source IP (1) -> (+0 ms) -> Source IP (1) -> (+0 ms) -> Source IP (1) -> (+0 ms) -> Source IP (1) -> (+0 ms) -> Source IP (1) -> (+0 ms) -> Source IP (1)
SEQ_PRO_0593,Processed_Network_dataset,12,2019-04-26T00:16:43Z,2019-04-26T00:16:43Z,0.0,TND_PRO_005177,TND_PRO_005220,Source IP (1) -> (+0 ms) -> Source IP (1) -> (+0 ms) -> Source IP (1) -> (+0 ms) -> Source IP (1) -> (+0 ms) -> Source IP (1) -> (+0 ms) -> Source IP (1) -> (+0 ms) -> Source IP (1) -> (+0 ms) -> Source IP (1) -> (+0 ms) -> Source IP (1) -> (+0 ms) -> Source IP (1) -> (+0 ms) -> Source IP (1) -> (+0 ms) -> Source IP (1)
SEQ_PRO_0594,Processed_Network_dataset,12,2019-04-26T00:16:43Z,2019-04-26T00:16:43Z,0.0,TND_PRO_005221,TND_PRO_005200,Source IP (1) -> (+0 ms) -> Source IP (1) -> (+0 ms) -> Source IP (1) -> (+0 ms) -> Source IP (1) -> (+0 ms) -> Source IP (1) -> (+0 ms) -> Source IP (1) -> (+0 ms) -> Source IP (1) -> (+0 ms) -> Source IP (1) -> (+0 ms) -> Source IP (1) -> (+0 ms) -> Source IP (1) -> (+0 ms) -> Source IP (1) -> (+0 ms) -> Source IP (1)
SEQ_PRO_0595,Processed_Network_dataset,12,2019-04-26T00:16:43Z,2019-04-26T00:16:43Z,0.0,TND_PRO_005201,TND_PRO_005212,Source IP (1) -> (+0 ms) -> Source IP (1) -> (+0 ms) -> Source IP (1) -> (+0 ms) -> Source IP (1) -> (+0 ms) -> Source IP (1) -> (+0 ms) -> Source IP (1) -> (+0 ms) -> Source IP (1) -> (+0 ms) -> Source IP (1) -> (+0 ms) -> Source IP (1) -> (+0 ms) -> Source IP (1) -> (+0 ms) -> Source IP (1) -> (+0 ms) -> Source IP (1)
SEQ_PRO_0596,Processed_Network_dataset,12,2019-04-26T00:16:43Z,2019-04-26T00:16:43Z,0.0,TND_PRO_005213,TND_PRO_005224,Source IP (1) -> (+0 ms) -> Source IP (1) -> (+0 ms) -> Source IP (1) -> (+0 ms) -> Source IP (1) -> (+0 ms) -> Source IP (1) -> (+0 ms) -> Source IP (1) -> (+0 ms) -> Source IP (1) -> (+0 ms) -> Source IP (1) -> (+0 ms) -> Source IP (1) -> (+0 ms) -> Source IP (1) -> (+0 ms) -> Source IP (1) -> (+0 ms) -> Source IP (1)
SEQ_PRO_0597,Processed_Network_dataset,12,2019-04-26T00:16:43Z,2019-04-26T00:16:43Z,0.0,TND_PRO_005225,TND_PRO_005092,Source IP (1) -> (+0 ms) -> Source IP (1) -> (+0 ms) -> Source IP (1) -> (+0 ms) -> Source IP (1) -> (+0 ms) -> Source IP (1) -> (+0 ms) -> Source IP (1) -> (+0 ms) -> Source IP (1) -> (+0 ms) -> Source IP (1) -> (+0 ms) -> Source IP (1) -> (+0 ms) -> Source IP (1) -> (+0 ms) -> Source IP (1) -> (+0 ms) -> Source IP (1)
SEQ_PRO_0598,Processed_Network_dataset,12,2019-04-26T00:16:43Z,2019-04-26T00:16:43Z,0.0,TND_PRO_005093,TND_PRO_005072,Source IP (1) -> (+0 ms) -> Source IP (1) -> (+0 ms) -> Source IP (1) -> (+0 ms) -> Source IP (1) -> (+0 ms) -> Source IP (1) -> (+0 ms) -> Source IP (1) -> (+0 ms) -> Source IP (1) -> (+0 ms) -> Source IP (1) -> (+0 ms) -> Source IP (1) -> (+0 ms) -> Source IP (1) -> (+0 ms) -> Source IP (1) -> (+0 ms) -> Source IP (1)
SEQ_PRO_0599,Processed_Network_dataset,12,2019-04-26T00:16:43Z,2019-04-26T00:16:43Z,0.0,TND_PRO_005073,TND_PRO_005076,Source IP (1) -> (+0 ms) -> Source IP (1) -> (+0 ms) -> Source IP (1) -> (+0 ms) -> Source IP (1) -> (+0 ms) -> Source IP (1) -> (+0 ms) -> Source IP (1) -> (+0 ms) -> Source IP (1) -> (+0 ms) -> Source IP (1) -> (+0 ms) -> Source IP (1) -> (+0 ms) -> Source IP (1) -> (+0 ms) -> Source IP (1) -> (+0 ms) -> Source IP (1)
SEQ_PRO_0600,Processed_Network_dataset,12,2019-04-26T00:16:43Z,2019-04-26T00:16:43Z,0.0,TND_PRO_005077,TND_PRO_005056,Source IP (1) -> (+0 ms) -> Source IP (1) -> (+0 ms) -> Source IP (1) -> (+0 ms) -> Source IP (1) -> (+0 ms) -> Source IP (1) -> (+0 ms) -> Source IP (1) -> (+0 ms) -> Source IP (1) -> (+0 ms) -> Source IP (1) -> (+0 ms) -> Source IP (1) -> (+0 ms) -> Source IP (1) -> (+0 ms) -> Source IP (1) -> (+0 ms) -> Source IP (1)
SEQ_PRO_0601,Processed_Network_dataset,12,2019-04-26T00:16:43Z,2019-04-26T00:16:43Z,0.0,TND_PRO_005057,TND_PRO_005036,Source IP (1) -> (+0 ms) -> Source IP (1) -> (+0 ms) -> Source IP (1) -> (+0 ms) -> Source IP (1) -> (+0 ms) -> Source IP (1) -> (+0 ms) -> Source IP (1) -> (+0 ms) -> Source IP (1) -> (+0 ms) -> Source IP (1) -> (+0 ms) -> Source IP (1) -> (+0 ms) -> Source IP (1) -> (+0 ms) -> Source IP (1) -> (+0 ms) -> Source IP (1)
SEQ_PRO_0602,Processed_Network_dataset,12,2019-04-26T00:16:43Z,2019-04-26T00:16:43Z,0.0,TND_PRO_005037,TND_PRO_005016,Source IP (1) -> (+0 ms) -> Source IP (1) -> (+0 ms) -> Source IP (1) -> (+0 ms) -> Source IP (1) -> (+0 ms) -> Source IP (1) -> (+0 ms) -> Source IP (1) -> (+0 ms) -> Source IP (1) -> (+0 ms) -> Source IP (1) -> (+0 ms) -> Source IP (1) -> (+0 ms) -> Source IP (1) -> (+0 ms) -> Source IP (1) -> (+0 ms) -> Source IP (1)
SEQ_PRO_0603,Processed_Network_dataset,12,2019-04-26T00:16:43Z,2019-04-26T00:16:43Z,0.0,TND_PRO_005017,TND_PRO_005028,Source IP (1) -> (+0 ms) -> Source IP (1) -> (+0 ms) -> Source IP (1) -> (+0 ms) -> Source IP (1) -> (+0 ms) -> Source IP (1) -> (+0 ms) -> Source IP (1) -> (+0 ms) -> Source IP (1) -> (+0 ms) -> Source IP (1) -> (+0 ms) -> Source IP (1) -> (+0 ms) -> Source IP (1) -> (+0 ms) -> Source IP (1) -> (+0 ms) -> Source IP (1)
SEQ_PRO_0604,Processed_Network_dataset,12,2019-04-26T00:16:43Z,2019-04-26T00:16:43Z,0.0,TND_PRO_005029,TND_PRO_005010,Source IP (1) -> (+0 ms) -> Source IP (1) -> (+0 ms) -> Source IP (1) -> (+0 ms) -> Source IP (1) -> (+0 ms) -> Source IP (1) -> (+0 ms) -> Source IP (1) -> (+0 ms) -> Source IP (1) -> (+0 ms) -> Source IP (1) -> (+0 ms) -> Source IP (1) -> (+0 ms) -> Source IP (1) -> (+0 ms) -> Source IP (1) -> (+0 ms) -> Source IP (1)
SEQ_PRO_0605,Processed_Network_dataset,12,2019-04-26T00:16:43Z,2019-04-26T02:30:34Z,8031.0,TND_PRO_005011,TND_PRO_005327,Source IP (1) -> (+0 ms) -> Source IP (1) -> (+0 ms) -> Source IP (1) -> (+0 ms) -> Source IP (1) -> (+133.8 min) -> Source IP (1) -> (+0 ms) -> Source IP (1) -> (+0 ms) -> Source IP (1) -> (+0 ms) -> Source IP (1) -> (+0 ms) -> Source IP (1) -> (+0 ms) -> Source IP (1) -> (+0 ms) -> Source IP (1) -> (+0 ms) -> Source IP (1)
SEQ_PRO_0606,Processed_Network_dataset,12,2019-04-26T02:30:34Z,2019-04-26T02:30:34Z,0.0,TND_PRO_005328,TND_PRO_005355,Source IP (1) -> (+0 ms) -> Source IP (1) -> (+0 ms) -> Source IP (1) -> (+0 ms) -> Source IP (1) -> (+0 ms) -> Source IP (1) -> (+0 ms) -> Source IP (1) -> (+0 ms) -> Source IP (1) -> (+0 ms) -> Source IP (1) -> (+0 ms) -> Source IP (1) -> (+0 ms) -> Source IP (1) -> (+0 ms) -> Source IP (1) -> (+0 ms) -> Source IP (1)
SEQ_PRO_0607,Processed_Network_dataset,12,2019-04-26T02:30:34Z,2019-04-26T02:30:34Z,0.0,TND_PRO_005356,TND_PRO_005335,Source IP (1) -> (+0 ms) -> Source IP (1) -> (+0 ms) -> Source IP (1) -> (+0 ms) -> Source IP (1) -> (+0 ms) -> Source IP (1) -> (+0 ms) -> Source IP (1) -> (+0 ms) -> Source IP (1) -> (+0 ms) -> Source IP (1) -> (+0 ms) -> Source IP (1) -> (+0 ms) -> Source IP (1) -> (+0 ms) -> Source IP (1) -> (+0 ms) -> Source IP (1)
SEQ_PRO_0608,Processed_Network_dataset,12,2019-04-26T02:30:34Z,2019-04-26T02:30:34Z,0.0,TND_PRO_005368,TND_PRO_005379,Source IP (1) -> (+0 ms) -> Source IP (1) -> (+0 ms) -> Source IP (1) -> (+0 ms) -> Source IP (1) -> (+0 ms) -> Source IP (1) -> (+0 ms) -> Source IP (1) -> (+0 ms) -> Source IP (1) -> (+0 ms) -> Source IP (1) -> (+0 ms) -> Source IP (1) -> (+0 ms) -> Source IP (1) -> (+0 ms) -> Source IP (1) -> (+0 ms) -> Source IP (1)
SEQ_PRO_0609,Processed_Network_dataset,12,2019-04-26T02:30:34Z,2019-04-26T02:30:34Z,0.0,TND_PRO_005380,TND_PRO_005391,Source IP (1) -> (+0 ms) -> Source IP (1) -> (+0 ms) -> Source IP (1) -> (+0 ms) -> Source IP (1) -> (+0 ms) -> Source IP (1) -> (+0 ms) -> Source IP (1) -> (+0 ms) -> Source IP (1) -> (+0 ms) -> Source IP (1) -> (+0 ms) -> Source IP (1) -> (+0 ms) -> Source IP (1) -> (+0 ms) -> Source IP (1) -> (+0 ms) -> Source IP (1)
SEQ_PRO_0610,Processed_Network_dataset,12,2019-04-26T02:30:34Z,2019-04-26T02:30:34Z,0.0,TND_PRO_005392,TND_PRO_005403,Source IP (1) -> (+0 ms) -> Source IP (1) -> (+0 ms) -> Source IP (1) -> (+0 ms) -> Source IP (1) -> (+0 ms) -> Source IP (1) -> (+0 ms) -> Source IP (1) -> (+0 ms) -> Source IP (1) -> (+0 ms) -> Source IP (1) -> (+0 ms) -> Source IP (1) -> (+0 ms) -> Source IP (1) -> (+0 ms) -> Source IP (1) -> (+0 ms) -> Source IP (1)
SEQ_PRO_0611,Processed_Network_dataset,12,2019-04-26T02:30:34Z,2019-04-26T02:30:34Z,0.0,TND_PRO_005404,TND_PRO_005383,Source IP (1) -> (+0 ms) -> Source IP (1) -> (+0 ms) -> Source IP (1) -> (+0 ms) -> Source IP (1) -> (+0 ms) -> Source IP (1) -> (+0 ms) -> Source IP (1) -> (+0 ms) -> Source IP (1) -> (+0 ms) -> Source IP (1) -> (+0 ms) -> Source IP (1) -> (+0 ms) -> Source IP (1) -> (+0 ms) -> Source IP (1) -> (+0 ms) -> Source IP (1)
SEQ_PRO_0612,Processed_Network_dataset,12,2019-04-26T02:30:34Z,2019-04-26T02:30:34Z,0.0,TND_PRO_005416,TND_PRO_005427,Source IP (1) -> (+0 ms) -> Source IP (1) -> (+0 ms) -> Source IP (1) -> (+0 ms) -> Source IP (1) -> (+0 ms) -> Source IP (1) -> (+0 ms) -> Source IP (1) -> (+0 ms) -> Source IP (1) -> (+0 ms) -> Source IP (1) -> (+0 ms) -> Source IP (1) -> (+0 ms) -> Source IP (1) -> (+0 ms) -> Source IP (1) -> (+0 ms) -> Source IP (1)
SEQ_PRO_0613,Processed_Network_dataset,12,2019-04-26T02:30:34Z,2019-04-26T02:30:34Z,0.0,TND_PRO_005428,TND_PRO_005439,Source IP (1) -> (+0 ms) -> Source IP (1) -> (+0 ms) -> Source IP (1) -> (+0 ms) -> Source IP (1) -> (+0 ms) -> Source IP (1) -> (+0 ms) -> Source IP (1) -> (+0 ms) -> Source IP (1) -> (+0 ms) -> Source IP (1) -> (+0 ms) -> Source IP (1) -> (+0 ms) -> Source IP (1) -> (+0 ms) -> Source IP (1) -> (+0 ms) -> Source IP (1)
SEQ_PRO_0614,Processed_Network_dataset,12,2019-04-26T02:30:34Z,2019-04-26T02:30:34Z,0.0,TND_PRO_005440,TND_PRO_005451,Source IP (1) -> (+0 ms) -> Source IP (1) -> (+0 ms) -> Source IP (1) -> (+0 ms) -> Source IP (1) -> (+0 ms) -> Source IP (1) -> (+0 ms) -> Source IP (1) -> (+0 ms) -> Source IP (1) -> (+0 ms) -> Source IP (1) -> (+0 ms) -> Source IP (1) -> (+0 ms) -> Source IP (1) -> (+0 ms) -> Source IP (1) -> (+0 ms) -> Source IP (1)
SEQ_PRO_0615,Processed_Network_dataset,12,2019-04-26T02:30:34Z,2019-04-26T02:30:34Z,0.0,TND_PRO_005452,TND_PRO_005431,Source IP (1) -> (+0 ms) -> Source IP (1) -> (+0 ms) -> Source IP (1) -> (+0 ms) -> Source IP (1) -> (+0 ms) -> Source IP (1) -> (+0 ms) -> Source IP (1) -> (+0 ms) -> Source IP (1) -> (+0 ms) -> Source IP (1) -> (+0 ms) -> Source IP (1) -> (+0 ms) -> Source IP (1) -> (+0 ms) -> Source IP (1) -> (+0 ms) -> Source IP (1)
SEQ_PRO_0616,Processed_Network_dataset,12,2019-04-26T02:30:34Z,2019-04-26T02:30:34Z,0.0,TND_PRO_005464,TND_PRO_005475,Source IP (1) -> (+0 ms) -> Source IP (1) -> (+0 ms) -> Source IP (1) -> (+0 ms) -> Source IP (1) -> (+0 ms) -> Source IP (1) -> (+0 ms) -> Source IP (1) -> (+0 ms) -> Source IP (1) -> (+0 ms) -> Source IP (1) -> (+0 ms) -> Source IP (1) -> (+0 ms) -> Source IP (1) -> (+0 ms) -> Source IP (1) -> (+0 ms) -> Source IP (1)
SEQ_PRO_0617,Processed_Network_dataset,12,2019-04-26T02:30:34Z,2019-04-26T02:30:34Z,0.0,TND_PRO_005476,TND_PRO_005487,Source IP (1) -> (+0 ms) -> Source IP (1) -> (+0 ms) -> Source IP (1) -> (+0 ms) -> Source IP (1) -> (+0 ms) -> Source IP (1) -> (+0 ms) -> Source IP (1) -> (+0 ms) -> Source IP (1) -> (+0 ms) -> Source IP (1) -> (+0 ms) -> Source IP (1) -> (+0 ms) -> Source IP (1) -> (+0 ms) -> Source IP (1) -> (+0 ms) -> Source IP (1)
SEQ_PRO_0618,Processed_Network_dataset,12,2019-04-26T02:30:34Z,2019-04-26T02:30:34Z,0.0,TND_PRO_005488,TND_PRO_005307,Source IP (1) -> (+0 ms) -> Source IP (1) -> (+0 ms) -> Source IP (1) -> (+0 ms) -> Source IP (1) -> (+0 ms) -> Source IP (1) -> (+0 ms) -> Source IP (1) -> (+0 ms) -> Source IP (1) -> (+0 ms) -> Source IP (1) -> (+0 ms) -> Source IP (1) -> (+0 ms) -> Source IP (1) -> (+0 ms) -> Source IP (1) -> (+0 ms) -> Source IP (1)
SEQ_PRO_0619,Processed_Network_dataset,12,2019-04-26T02:30:34Z,2019-04-26T02:30:34Z,0.0,TND_PRO_005308,TND_PRO_005287,Source IP (1) -> (+0 ms) -> Source IP (1) -> (+0 ms) -> Source IP (1) -> (+0 ms) -> Source IP (1) -> (+0 ms) -> Source IP (1) -> (+0 ms) -> Source IP (1) -> (+0 ms) -> Source IP (1) -> (+0 ms) -> Source IP (1) -> (+0 ms) -> Source IP (1) -> (+0 ms) -> Source IP (1) -> (+0 ms) -> Source IP (1) -> (+0 ms) -> Source IP (1)
SEQ_PRO_0620,Processed_Network_dataset,12,2019-04-26T02:30:34Z,2019-04-26T02:30:34Z,0.0,TND_PRO_005479,TND_PRO_005298,Source IP (1) -> (+0 ms) -> Source IP (1) -> (+0 ms) -> Source IP (1) -> (+0 ms) -> Source IP (1) -> (+0 ms) -> Source IP (1) -> (+0 ms) -> Source IP (1) -> (+0 ms) -> Source IP (1) -> (+0 ms) -> Source IP (1) -> (+0 ms) -> Source IP (1) -> (+0 ms) -> Source IP (1) -> (+0 ms) -> Source IP (1) -> (+0 ms) -> Source IP (1)
SEQ_PRO_0621,Processed_Network_dataset,12,2019-04-26T02:30:34Z,2019-04-26T02:30:34Z,0.0,TND_PRO_005299,TND_PRO_005256,Source IP (1) -> (+0 ms) -> Source IP (1) -> (+0 ms) -> Source IP (1) -> (+0 ms) -> Source IP (1) -> (+0 ms) -> Source IP (1) -> (+0 ms) -> Source IP (1) -> (+0 ms) -> Source IP (1) -> (+0 ms) -> Source IP (1) -> (+0 ms) -> Source IP (1) -> (+0 ms) -> Source IP (1) -> (+0 ms) -> Source IP (1) -> (+0 ms) -> Source IP (1)
SEQ_PRO_0622,Processed_Network_dataset,12,2019-04-26T02:30:34Z,2019-04-26T02:30:34Z,0.0,TND_PRO_005257,TND_PRO_005268,Source IP (1) -> (+0 ms) -> Source IP (1) -> (+0 ms) -> Source IP (1) -> (+0 ms) -> Source IP (1) -> (+0 ms) -> Source IP (1) -> (+0 ms) -> Source IP (1) -> (+0 ms) -> Source IP (1) -> (+0 ms) -> Source IP (1) -> (+0 ms) -> Source IP (1) -> (+0 ms) -> Source IP (1) -> (+0 ms) -> Source IP (1) -> (+0 ms) -> Source IP (1)
SEQ_PRO_0623,Processed_Network_dataset,12,2019-04-26T02:30:34Z,2019-04-26T02:30:34Z,0.0,TND_PRO_005285,TND_PRO_005280,Source IP (1) -> (+0 ms) -> Source IP (1) -> (+0 ms) -> Source IP (1) -> (+0 ms) -> Source IP (1) -> (+0 ms) -> Source IP (1) -> (+0 ms) -> Source IP (1) -> (+0 ms) -> Source IP (1) -> (+0 ms) -> Source IP (1) -> (+0 ms) -> Source IP (1) -> (+0 ms) -> Source IP (1) -> (+0 ms) -> Source IP (1) -> (+0 ms) -> Source IP (1)
SEQ_PRO_0624,Processed_Network_dataset,12,2019-04-26T02:30:34Z,2019-04-26T02:30:34Z,0.0,TND_PRO_005281,TND_PRO_005338,Source IP (1) -> (+0 ms) -> Source IP (1) -> (+0 ms) -> Source IP (1) -> (+0 ms) -> Source IP (1) -> (+0 ms) -> Source IP (1) -> (+0 ms) -> Source IP (1) -> (+0 ms) -> Source IP (1) -> (+0 ms) -> Source IP (1) -> (+0 ms) -> Source IP (1) -> (+0 ms) -> Source IP (1) -> (+0 ms) -> Source IP (1) -> (+0 ms) -> Source IP (1)
SEQ_PRO_0625,Processed_Network_dataset,12,2019-04-26T02:30:34Z,2019-04-26T02:30:34Z,0.0,TND_PRO_005339,TND_PRO_005252,Source IP (1) -> (+0 ms) -> Source IP (1) -> (+0 ms) -> Source IP (1) -> (+0 ms) -> Source IP (1) -> (+0 ms) -> Source IP (1) -> (+0 ms) -> Source IP (1) -> (+0 ms) -> Source IP (1) -> (+0 ms) -> Source IP (1) -> (+0 ms) -> Source IP (1) -> (+0 ms) -> Source IP (1) -> (+0 ms) -> Source IP (1) -> (+0 ms) -> Source IP (1)
SEQ_PRO_0626,Processed_Network_dataset,12,2019-04-26T02:30:34Z,2019-04-26T05:27:11Z,10597.0,TND_PRO_005253,TND_PRO_005538,Source IP (1) -> (+0 ms) -> Source IP (1) -> (+176.6 min) -> Source IP (1) -> (+0 ms) -> Source IP (1) -> (+0 ms) -> Source IP (1) -> (+0 ms) -> Source IP (1) -> (+0 ms) -> Source IP (1) -> (+0 ms) -> Source IP (1) -> (+0 ms) -> Source IP (1) -> (+0 ms) -> Source IP (1) -> (+0 ms) -> Source IP (1) -> (+0 ms) -> Source IP (1)
SEQ_PRO_0627,Processed_Network_dataset,12,2019-04-26T05:27:11Z,2019-04-26T05:27:11Z,0.0,TND_PRO_005553,TND_PRO_005542,Source IP (1) -> (+0 ms) -> Source IP (1) -> (+0 ms) -> Source IP (1) -> (+0 ms) -> Source IP (1) -> (+0 ms) -> Source IP (1) -> (+0 ms) -> Source IP (1) -> (+0 ms) -> Source IP (1) -> (+0 ms) -> Source IP (1) -> (+0 ms) -> Source IP (1) -> (+0 ms) -> Source IP (1) -> (+0 ms) -> Source IP (1) -> (+0 ms) -> Source IP (1)
SEQ_PRO_0628,Processed_Network_dataset,12,2019-04-26T05:27:11Z,2019-04-26T05:27:11Z,0.0,TND_PRO_005537,TND_PRO_005563,Source IP (1) -> (+0 ms) -> Source IP (1) -> (+0 ms) -> Source IP (1) -> (+0 ms) -> Source IP (1) -> (+0 ms) -> Source IP (1) -> (+0 ms) -> Source IP (1) -> (+0 ms) -> Source IP (1) -> (+0 ms) -> Source IP (1) -> (+0 ms) -> Source IP (1) -> (+0 ms) -> Source IP (1) -> (+0 ms) -> Source IP (1) -> (+0 ms) -> Source IP (1)
SEQ_PRO_0629,Processed_Network_dataset,12,2019-04-26T05:27:11Z,2019-04-26T05:27:11Z,0.0,TND_PRO_005562,TND_PRO_005583,Source IP (1) -> (+0 ms) -> Source IP (1) -> (+0 ms) -> Source IP (1) -> (+0 ms) -> Source IP (1) -> (+0 ms) -> Source IP (1) -> (+0 ms) -> Source IP (1) -> (+0 ms) -> Source IP (1) -> (+0 ms) -> Source IP (1) -> (+0 ms) -> Source IP (1) -> (+0 ms) -> Source IP (1) -> (+0 ms) -> Source IP (1) -> (+0 ms) -> Source IP (1)
SEQ_PRO_0630,Processed_Network_dataset,12,2019-04-26T05:27:11Z,2019-04-26T05:27:11Z,0.0,TND_PRO_005582,TND_PRO_005571,Source IP (1) -> (+0 ms) -> Source IP (1) -> (+0 ms) -> Source IP (1) -> (+0 ms) -> Source IP (1) -> (+0 ms) -> Source IP (1) -> (+0 ms) -> Source IP (1) -> (+0 ms) -> Source IP (1) -> (+0 ms) -> Source IP (1) -> (+0 ms) -> Source IP (1) -> (+0 ms) -> Source IP (1) -> (+0 ms) -> Source IP (1) -> (+0 ms) -> Source IP (1)
SEQ_PRO_0631,Processed_Network_dataset,12,2019-04-26T05:27:11Z,2019-04-26T05:27:11Z,0.0,TND_PRO_005591,TND_PRO_005520,Source IP (1) -> (+0 ms) -> Source IP (1) -> (+0 ms) -> Source IP (1) -> (+0 ms) -> Source IP (1) -> (+0 ms) -> Source IP (1) -> (+0 ms) -> Source IP (1) -> (+0 ms) -> Source IP (1) -> (+0 ms) -> Source IP (1) -> (+0 ms) -> Source IP (1) -> (+0 ms) -> Source IP (1) -> (+0 ms) -> Source IP (1) -> (+0 ms) -> Source IP (1)
SEQ_PRO_0632,Processed_Network_dataset,12,2019-04-26T05:27:11Z,2019-04-26T05:27:11Z,0.0,TND_PRO_005590,TND_PRO_005505,Source IP (1) -> (+0 ms) -> Source IP (1) -> (+0 ms) -> Source IP (1) -> (+0 ms) -> Source IP (1) -> (+0 ms) -> Source IP (1) -> (+0 ms) -> Source IP (1) -> (+0 ms) -> Source IP (1) -> (+0 ms) -> Source IP (1) -> (+0 ms) -> Source IP (1) -> (+0 ms) -> Source IP (1) -> (+0 ms) -> Source IP (1) -> (+0 ms) -> Source IP (1)
SEQ_PRO_0633,Processed_Network_dataset,12,2019-04-26T05:27:11Z,2019-04-26T05:27:11Z,0.0,TND_PRO_005507,TND_PRO_005522,Source IP (1) -> (+0 ms) -> Source IP (1) -> (+0 ms) -> Source IP (1) -> (+0 ms) -> Source IP (1) -> (+0 ms) -> Source IP (1) -> (+0 ms) -> Source IP (1) -> (+0 ms) -> Source IP (1) -> (+0 ms) -> Source IP (1) -> (+0 ms) -> Source IP (1) -> (+0 ms) -> Source IP (1) -> (+0 ms) -> Source IP (1) -> (+0 ms) -> Source IP (1)
SEQ_PRO_0634,Processed_Network_dataset,12,2019-04-26T05:27:11Z,2019-04-26T05:27:13Z,2.0,TND_PRO_005510,TND_PRO_005602,Source IP (1) -> (+0 ms) -> Source IP (1) -> (+2.00 s) -> Source IP (1) -> (+0 ms) -> Source IP (1) -> (+0 ms) -> Source IP (1) -> (+0 ms) -> Source IP (1) -> (+0 ms) -> Source IP (1) -> (+0 ms) -> Source IP (1) -> (+0 ms) -> Source IP (1) -> (+0 ms) -> Source IP (1) -> (+0 ms) -> Source IP (1) -> (+0 ms) -> Source IP (1)
SEQ_PRO_0635,Processed_Network_dataset,12,2019-04-26T05:27:14Z,2019-04-26T05:27:15Z,1.0,TND_PRO_005612,TND_PRO_005625,Source IP (1) -> (+0 ms) -> Source IP (1) -> (+0 ms) -> Source IP (1) -> (+0 ms) -> Source IP (1) -> (+0 ms) -> Source IP (1) -> (+0 ms) -> Source IP (1) -> (+0 ms) -> Source IP (1) -> (+0 ms) -> Source IP (1) -> (+0 ms) -> Source IP (1) -> (+1.00 s) -> Source IP (1) -> (+0 ms) -> Source IP (1) -> (+0 ms) -> Source IP (1)
SEQ_PRO_0636,Processed_Network_dataset,12,2019-04-26T05:27:15Z,2019-04-26T05:27:16Z,1.0,TND_PRO_005624,TND_PRO_005635,Source IP (1) -> (+0 ms) -> Source IP (0) -> (+0 ms) -> Source IP (1) -> (+0 ms) -> Source IP (1) -> (+0 ms) -> Source IP (1) -> (+0 ms) -> Source IP (1) -> (+0 ms) -> Source IP (1) -> (+0 ms) -> Source IP (1) -> (+1.00 s) -> Source IP (1) -> (+0 ms) -> Source IP (1) -> (+0 ms) -> Source IP (1) -> (+0 ms) -> Source IP (1)
SEQ_PRO_0637,Processed_Network_dataset,12,2019-04-26T05:27:16Z,2019-04-26T05:27:16Z,0.0,TND_PRO_005642,TND_PRO_005647,Source IP (1) -> (+0 ms) -> Source IP (1) -> (+0 ms) -> Source IP (1) -> (+0 ms) -> Source IP (1) -> (+0 ms) -> Source IP (1) -> (+0 ms) -> Source IP (1) -> (+0 ms) -> Source IP (1) -> (+0 ms) -> Source IP (1) -> (+0 ms) -> Source IP (1) -> (+0 ms) -> Source IP (1) -> (+0 ms) -> Source IP (1) -> (+0 ms) -> Source IP (1)
SEQ_PRO_0638,Processed_Network_dataset,12,2019-04-26T05:27:16Z,2019-04-26T05:27:18Z,2.0,TND_PRO_005645,TND_PRO_005696,Source IP (1) -> (+0 ms) -> Source IP (1) -> (+0 ms) -> Source IP (1) -> (+0 ms) -> Source IP (1) -> (+0 ms) -> Source IP (1) -> (+0 ms) -> Source IP (1) -> (+0 ms) -> Source IP (1) -> (+1.00 s) -> Source IP (1) -> (+1.00 s) -> Source IP (1) -> (+0 ms) -> Source IP (1) -> (+0 ms) -> Source IP (1) -> (+0 ms) -> Source IP (1)
SEQ_PRO_0639,Processed_Network_dataset,12,2019-04-26T05:27:18Z,2019-04-26T05:27:18Z,0.0,TND_PRO_005709,TND_PRO_005697,Source IP (1) -> (+0 ms) -> Source IP (1) -> (+0 ms) -> Source IP (1) -> (+0 ms) -> Source IP (1) -> (+0 ms) -> Source IP (1) -> (+0 ms) -> Source IP (1) -> (+0 ms) -> Source IP (1) -> (+0 ms) -> Source IP (1) -> (+0 ms) -> Source IP (1) -> (+0 ms) -> Source IP (1) -> (+0 ms) -> Source IP (1) -> (+0 ms) -> Source IP (1)
SEQ_PRO_0640,Processed_Network_dataset,12,2019-04-26T05:27:18Z,2019-04-26T05:27:18Z,0.0,TND_PRO_005710,TND_PRO_005688,Source IP (1) -> (+0 ms) -> Source IP (1) -> (+0 ms) -> Source IP (1) -> (+0 ms) -> Source IP (1) -> (+0 ms) -> Source IP (1) -> (+0 ms) -> Source IP (1) -> (+0 ms) -> Source IP (1) -> (+0 ms) -> Source IP (1) -> (+0 ms) -> Source IP (1) -> (+0 ms) -> Source IP (1) -> (+0 ms) -> Source IP (1) -> (+0 ms) -> Source IP (1)
SEQ_PRO_0641,Processed_Network_dataset,12,2019-04-26T05:27:18Z,2019-04-26T05:27:18Z,0.0,TND_PRO_005686,TND_PRO_005699,Source IP (1) -> (+0 ms) -> Source IP (1) -> (+0 ms) -> Source IP (1) -> (+0 ms) -> Source IP (1) -> (+0 ms) -> Source IP (1) -> (+0 ms) -> Source IP (1) -> (+0 ms) -> Source IP (1) -> (+0 ms) -> Source IP (1) -> (+0 ms) -> Source IP (1) -> (+0 ms) -> Source IP (1) -> (+0 ms) -> Source IP (1) -> (+0 ms) -> Source IP (1)
SEQ_PRO_0642,Processed_Network_dataset,12,2019-04-26T05:27:18Z,2019-04-26T05:27:18Z,0.0,TND_PRO_005701,TND_PRO_005679,Source IP (1) -> (+0 ms) -> Source IP (1) -> (+0 ms) -> Source IP (1) -> (+0 ms) -> Source IP (1) -> (+0 ms) -> Source IP (1) -> (+0 ms) -> Source IP (1) -> (+0 ms) -> Source IP (1) -> (+0 ms) -> Source IP (1) -> (+0 ms) -> Source IP (1) -> (+0 ms) -> Source IP (1) -> (+0 ms) -> Source IP (1) -> (+0 ms) -> Source IP (1)
SEQ_PRO_0643,Processed_Network_dataset,12,2019-04-26T05:27:18Z,2019-04-26T05:27:19Z,1.0,TND_PRO_005677,TND_PRO_005729,Source IP (1) -> (+0 ms) -> Source IP (1) -> (+0 ms) -> Source IP (1) -> (+0 ms) -> Source IP (1) -> (+0 ms) -> Source IP (1) -> (+0 ms) -> Source IP (1) -> (+0 ms) -> Source IP (1) -> (+0 ms) -> Source IP (1) -> (+0 ms) -> Source IP (1) -> (+0 ms) -> Source IP (1) -> (+0 ms) -> Source IP (1) -> (+1.00 s) -> Source IP (1)
SEQ_PRO_0644,Processed_Network_dataset,12,2019-04-26T05:27:19Z,2019-04-26T05:27:19Z,0.0,TND_PRO_005740,TND_PRO_005721,Source IP (1) -> (+0 ms) -> Source IP (1) -> (+0 ms) -> Source IP (1) -> (+0 ms) -> Source IP (1) -> (+0 ms) -> Source IP (1) -> (+0 ms) -> Source IP (1) -> (+0 ms) -> Source IP (1) -> (+0 ms) -> Source IP (1) -> (+0 ms) -> Source IP (1) -> (+0 ms) -> Source IP (1) -> (+0 ms) -> Source IP (1) -> (+0 ms) -> Source IP (1)
SEQ_PRO_0645,Processed_Network_dataset,12,2019-04-26T05:27:19Z,2019-04-26T05:27:19Z,0.0,TND_PRO_005734,TND_PRO_005722,Source IP (1) -> (+0 ms) -> Source IP (1) -> (+0 ms) -> Source IP (1) -> (+0 ms) -> Source IP (1) -> (+0 ms) -> Source IP (1) -> (+0 ms) -> Source IP (1) -> (+0 ms) -> Source IP (1) -> (+0 ms) -> Source IP (1) -> (+0 ms) -> Source IP (1) -> (+0 ms) -> Source IP (1) -> (+0 ms) -> Source IP (1) -> (+0 ms) -> Source IP (1)
SEQ_PRO_0646,Processed_Network_dataset,12,2019-04-26T05:27:19Z,2019-04-26T05:27:19Z,0.0,TND_PRO_005716,TND_PRO_005728,Source IP (1) -> (+0 ms) -> Source IP (1) -> (+0 ms) -> Source IP (1) -> (+0 ms) -> Source IP (1) -> (+0 ms) -> Source IP (1) -> (+0 ms) -> Source IP (1) -> (+0 ms) -> Source IP (1) -> (+0 ms) -> Source IP (1) -> (+0 ms) -> Source IP (1) -> (+0 ms) -> Source IP (1) -> (+0 ms) -> Source IP (1) -> (+0 ms) -> Source IP (1)
SEQ_PRO_0647,Processed_Network_dataset,12,2019-04-26T17:54:05Z,2019-04-26T17:54:05Z,0.0,TND_PRO_005756,TND_PRO_005760,Source IP (1) -> (+0 ms) -> Source IP (1) -> (+0 ms) -> Source IP (1) -> (+0 ms) -> Source IP (1) -> (+0 ms) -> Source IP (1) -> (+0 ms) -> Source IP (1) -> (+0 ms) -> Source IP (1) -> (+0 ms) -> Source IP (1) -> (+0 ms) -> Source IP (1) -> (+0 ms) -> Source IP (1) -> (+0 ms) -> Source IP (1) -> (+0 ms) -> Source IP (1)
SEQ_PRO_0648,Processed_Network_dataset,12,2019-04-26T17:54:06Z,2019-04-26T17:54:06Z,0.0,TND_PRO_005793,TND_PRO_005778,Source IP (1) -> (+0 ms) -> Source IP (1) -> (+0 ms) -> Source IP (1) -> (+0 ms) -> Source IP (1) -> (+0 ms) -> Source IP (1) -> (+0 ms) -> Source IP (1) -> (+0 ms) -> Source IP (1) -> (+0 ms) -> Source IP (1) -> (+0 ms) -> Source IP (1) -> (+0 ms) -> Source IP (1) -> (+0 ms) -> Source IP (1) -> (+0 ms) -> Source IP (1)
SEQ_PRO_0649,Processed_Network_dataset,12,2019-04-26T17:54:06Z,2019-04-26T17:54:06Z,0.0,TND_PRO_005777,TND_PRO_005795,Source IP (1) -> (+0 ms) -> Source IP (1) -> (+0 ms) -> Source IP (1) -> (+0 ms) -> Source IP (1) -> (+0 ms) -> Source IP (1) -> (+0 ms) -> Source IP (1) -> (+0 ms) -> Source IP (1) -> (+0 ms) -> Source IP (1) -> (+0 ms) -> Source IP (1) -> (+0 ms) -> Source IP (1) -> (+0 ms) -> Source IP (1) -> (+0 ms) -> Source IP (1)
SEQ_PRO_0650,Processed_Network_dataset,12,2019-04-26T17:54:06Z,2019-04-26T17:54:06Z,0.0,TND_PRO_005798,TND_PRO_005790,Source IP (1) -> (+0 ms) -> Source IP (1) -> (+0 ms) -> Source IP (1) -> (+0 ms) -> Source IP (1) -> (+0 ms) -> Source IP (1) -> (+0 ms) -> Source IP (1) -> (+0 ms) -> Source IP (1) -> (+0 ms) -> Source IP (1) -> (+0 ms) -> Source IP (1) -> (+0 ms) -> Source IP (1) -> (+0 ms) -> Source IP (1) -> (+0 ms) -> Source IP (1)
SEQ_PRO_0651,Processed_Network_dataset,12,2019-04-26T17:54:06Z,2019-04-26T17:54:07Z,1.0,TND_PRO_005805,TND_PRO_005845,Source IP (1) -> (+0 ms) -> Source IP (1) -> (+0 ms) -> Source IP (1) -> (+0 ms) -> Source IP (1) -> (+0 ms) -> Source IP (1) -> (+0 ms) -> Source IP (1) -> (+0 ms) -> Source IP (1) -> (+0 ms) -> Source IP (1) -> (+1.00 s) -> Source IP (1) -> (+0 ms) -> Source IP (1) -> (+0 ms) -> Source IP (1) -> (+0 ms) -> Source IP (1)
SEQ_PRO_0652,Processed_Network_dataset,12,2019-04-26T17:54:07Z,2019-04-26T17:54:07Z,0.0,TND_PRO_005809,TND_PRO_005823,Source IP (1) -> (+0 ms) -> Source IP (1) -> (+0 ms) -> Source IP (1) -> (+0 ms) -> Source IP (1) -> (+0 ms) -> Source IP (1) -> (+0 ms) -> Source IP (1) -> (+0 ms) -> Source IP (1) -> (+0 ms) -> Source IP (1) -> (+0 ms) -> Source IP (1) -> (+0 ms) -> Source IP (1) -> (+0 ms) -> Source IP (1) -> (+0 ms) -> Source IP (1)
SEQ_PRO_0653,Processed_Network_dataset,12,2019-04-26T17:54:07Z,2019-04-26T17:54:07Z,0.0,TND_PRO_005822,TND_PRO_005817,Source IP (1) -> (+0 ms) -> Source IP (1) -> (+0 ms) -> Source IP (1) -> (+0 ms) -> Source IP (1) -> (+0 ms) -> Source IP (1) -> (+0 ms) -> Source IP (1) -> (+0 ms) -> Source IP (1) -> (+0 ms) -> Source IP (1) -> (+0 ms) -> Source IP (1) -> (+0 ms) -> Source IP (1) -> (+0 ms) -> Source IP (1) -> (+0 ms) -> Source IP (1)
SEQ_PRO_0654,Processed_Network_dataset,12,2019-04-26T17:54:07Z,2019-04-26T17:54:07Z,0.0,TND_PRO_005842,TND_PRO_005828,Source IP (1) -> (+0 ms) -> Source IP (1) -> (+0 ms) -> Source IP (1) -> (+0 ms) -> Source IP (1) -> (+0 ms) -> Source IP (1) -> (+0 ms) -> Source IP (1) -> (+0 ms) -> Source IP (1) -> (+0 ms) -> Source IP (1) -> (+0 ms) -> Source IP (1) -> (+0 ms) -> Source IP (1) -> (+0 ms) -> Source IP (1) -> (+0 ms) -> Source IP (1)
SEQ_PRO_0655,Processed_Network_dataset,12,2019-04-26T17:54:07Z,2019-04-26T17:54:08Z,1.0,TND_PRO_005827,TND_PRO_005864,Source IP (1) -> (+0 ms) -> Source IP (1) -> (+0 ms) -> Source IP (1) -> (+0 ms) -> Source IP (1) -> (+0 ms) -> Source IP (1) -> (+0 ms) -> Source IP (1) -> (+0 ms) -> Source IP (1) -> (+1.00 s) -> Source IP (1) -> (+0 ms) -> Source IP (1) -> (+0 ms) -> Source IP (1) -> (+0 ms) -> Source IP (1) -> (+0 ms) -> Source IP (1)
SEQ_PRO_0656,Processed_Network_dataset,12,2019-04-26T17:54:08Z,2019-04-26T17:54:08Z,0.0,TND_PRO_005865,TND_PRO_005880,Source IP (1) -> (+0 ms) -> Source IP (1) -> (+0 ms) -> Source IP (1) -> (+0 ms) -> Source IP (1) -> (+0 ms) -> Source IP (1) -> (+0 ms) -> Source IP (1) -> (+0 ms) -> Source IP (1) -> (+0 ms) -> Source IP (1) -> (+0 ms) -> Source IP (1) -> (+0 ms) -> Source IP (1) -> (+0 ms) -> Source IP (1) -> (+0 ms) -> Source IP (1)
SEQ_PRO_0657,Processed_Network_dataset,12,2019-04-26T17:54:08Z,2019-04-26T17:54:08Z,0.0,TND_PRO_005881,TND_PRO_005875,Source IP (1) -> (+0 ms) -> Source IP (1) -> (+0 ms) -> Source IP (1) -> (+0 ms) -> Source IP (1) -> (+0 ms) -> Source IP (1) -> (+0 ms) -> Source IP (1) -> (+0 ms) -> Source IP (1) -> (+0 ms) -> Source IP (1) -> (+0 ms) -> Source IP (1) -> (+0 ms) -> Source IP (1) -> (+0 ms) -> Source IP (1) -> (+0 ms) -> Source IP (1)
SEQ_PRO_0658,Processed_Network_dataset,12,2019-04-26T17:54:08Z,2019-04-26T17:54:09Z,1.0,TND_PRO_005874,TND_PRO_005900,Source IP (1) -> (+0 ms) -> Source IP (1) -> (+0 ms) -> Source IP (1) -> (+0 ms) -> Source IP (1) -> (+0 ms) -> Source IP (1) -> (+0 ms) -> Source IP (1) -> (+1.00 s) -> Source IP (1) -> (+0 ms) -> Source IP (1) -> (+0 ms) -> Source IP (1) -> (+0 ms) -> Source IP (1) -> (+0 ms) -> Source IP (1) -> (+0 ms) -> Source IP (1)
SEQ_PRO_0659,Processed_Network_dataset,12,2019-04-26T17:54:09Z,2019-04-26T17:54:09Z,0.0,TND_PRO_005901,TND_PRO_005896,Source IP (1) -> (+0 ms) -> Source IP (1) -> (+0 ms) -> Source IP (1) -> (+0 ms) -> Source IP (1) -> (+0 ms) -> Source IP (1) -> (+0 ms) -> Source IP (1) -> (+0 ms) -> Source IP (1) -> (+0 ms) -> Source IP (1) -> (+0 ms) -> Source IP (1) -> (+0 ms) -> Source IP (1) -> (+0 ms) -> Source IP (1) -> (+0 ms) -> Source IP (1)
SEQ_PRO_0660,Processed_Network_dataset,12,2019-04-26T17:54:09Z,2019-04-26T17:54:10Z,1.0,TND_PRO_005905,TND_PRO_005939,Source IP (1) -> (+0 ms) -> Source IP (1) -> (+0 ms) -> Source IP (1) -> (+0 ms) -> Source IP (1) -> (+0 ms) -> Source IP (1) -> (+0 ms) -> Source IP (1) -> (+1.00 s) -> Source IP (1) -> (+0 ms) -> Source IP (1) -> (+0 ms) -> Source IP (1) -> (+0 ms) -> Source IP (1) -> (+0 ms) -> Source IP (1) -> (+0 ms) -> Source IP (1)
SEQ_PRO_0661,Processed_Network_dataset,12,2019-04-26T17:54:10Z,2019-04-26T17:54:10Z,0.0,TND_PRO_005938,TND_PRO_005927,Source IP (1) -> (+0 ms) -> Source IP (1) -> (+0 ms) -> Source IP (1) -> (+0 ms) -> Source IP (1) -> (+0 ms) -> Source IP (1) -> (+0 ms) -> Source IP (1) -> (+0 ms) -> Source IP (1) -> (+0 ms) -> Source IP (1) -> (+0 ms) -> Source IP (1) -> (+0 ms) -> Source IP (1) -> (+0 ms) -> Source IP (1) -> (+0 ms) -> Source IP (1)
SEQ_PRO_0662,Processed_Network_dataset,12,2019-04-26T17:54:10Z,2019-04-26T17:54:10Z,0.0,TND_PRO_005926,TND_PRO_005955,Source IP (1) -> (+0 ms) -> Source IP (1) -> (+0 ms) -> Source IP (1) -> (+0 ms) -> Source IP (1) -> (+0 ms) -> Source IP (1) -> (+0 ms) -> Source IP (1) -> (+0 ms) -> Source IP (1) -> (+0 ms) -> Source IP (1) -> (+0 ms) -> Source IP (1) -> (+0 ms) -> Source IP (1) -> (+0 ms) -> Source IP (1) -> (+0 ms) -> Source IP (1)
SEQ_PRO_0663,Processed_Network_dataset,12,2019-04-26T17:54:10Z,2019-04-26T17:54:10Z,0.0,TND_PRO_005954,TND_PRO_005960,Source IP (1) -> (+0 ms) -> Source IP (1) -> (+0 ms) -> Source IP (1) -> (+0 ms) -> Source IP (1) -> (+0 ms) -> Source IP (1) -> (+0 ms) -> Source IP (1) -> (+0 ms) -> Source IP (1) -> (+0 ms) -> Source IP (1) -> (+0 ms) -> Source IP (1) -> (+0 ms) -> Source IP (1) -> (+0 ms) -> Source IP (1) -> (+0 ms) -> Source IP (1)
SEQ_PRO_0664,Processed_Network_dataset,12,2019-04-26T17:54:10Z,2019-04-26T17:54:11Z,1.0,TND_PRO_005945,TND_PRO_005979,Source IP (1) -> (+0 ms) -> Source IP (1) -> (+0 ms) -> Source IP (1) -> (+0 ms) -> Source IP (1) -> (+0 ms) -> Source IP (1) -> (+0 ms) -> Source IP (1) -> (+1.00 s) -> Source IP (1) -> (+0 ms) -> Source IP (1) -> (+0 ms) -> Source IP (1) -> (+0 ms) -> Source IP (1) -> (+0 ms) -> Source IP (1) -> (+0 ms) -> Source IP (1)
SEQ_PRO_0665,Processed_Network_dataset,12,2019-04-26T17:54:11Z,2019-04-26T17:54:11Z,0.0,TND_PRO_005965,TND_PRO_005993,Source IP (1) -> (+0 ms) -> Source IP (1) -> (+0 ms) -> Source IP (1) -> (+0 ms) -> Source IP (1) -> (+0 ms) -> Source IP (1) -> (+0 ms) -> Source IP (1) -> (+0 ms) -> Source IP (1) -> (+0 ms) -> Source IP (1) -> (+0 ms) -> Source IP (1) -> (+0 ms) -> Source IP (1) -> (+0 ms) -> Source IP (1) -> (+0 ms) -> Source IP (1)
SEQ_PRO_0666,Processed_Network_dataset,12,2019-04-26T17:54:11Z,2019-04-26T17:54:11Z,0.0,TND_PRO_005996,TND_PRO_005988,Source IP (1) -> (+0 ms) -> Source IP (1) -> (+0 ms) -> Source IP (1) -> (+0 ms) -> Source IP (1) -> (+0 ms) -> Source IP (1) -> (+0 ms) -> Source IP (1) -> (+0 ms) -> Source IP (1) -> (+0 ms) -> Source IP (1) -> (+0 ms) -> Source IP (1) -> (+0 ms) -> Source IP (1) -> (+0 ms) -> Source IP (1) -> (+0 ms) -> Source IP (1)
SEQ_PRO_0667,Processed_Network_dataset,12,2019-04-26T17:54:11Z,2019-04-27T01:25:17Z,27066.0,TND_PRO_005989,TND_PRO_006251,Source IP (1) -> (+0 ms) -> Source IP (1) -> (+0 ms) -> Source IP (1) -> (+0 ms) -> Source IP (1) -> (+0 ms) -> Source IP (1) -> (+0 ms) -> Source IP (1) -> (+0 ms) -> Source IP (1) -> (+0 ms) -> Source IP (1) -> (+0 ms) -> Source IP (1) -> (+0 ms) -> Source IP (1) -> (+451.1 min) -> Source IP (1) -> (+0 ms) -> Source IP (1)
SEQ_PRO_0668,Processed_Network_dataset,12,2019-04-27T01:25:17Z,2019-04-27T01:25:17Z,0.0,TND_PRO_006259,TND_PRO_006270,Source IP (1) -> (+0 ms) -> Source IP (1) -> (+0 ms) -> Source IP (1) -> (+0 ms) -> Source IP (1) -> (+0 ms) -> Source IP (1) -> (+0 ms) -> Source IP (0) -> (+0 ms) -> Source IP (1) -> (+0 ms) -> Source IP (1) -> (+0 ms) -> Source IP (1) -> (+0 ms) -> Source IP (1) -> (+0 ms) -> Source IP (1) -> (+0 ms) -> Source IP (1)
SEQ_PRO_0669,Processed_Network_dataset,12,2019-04-27T01:25:17Z,2019-04-27T01:25:17Z,0.0,TND_PRO_006263,TND_PRO_006272,Source IP (1) -> (+0 ms) -> Source IP (1) -> (+0 ms) -> Source IP (1) -> (+0 ms) -> Source IP (1) -> (+0 ms) -> Source IP (1) -> (+0 ms) -> Source IP (1) -> (+0 ms) -> Source IP (1) -> (+0 ms) -> Source IP (1) -> (+0 ms) -> Source IP (1) -> (+0 ms) -> Source IP (1) -> (+0 ms) -> Source IP (1) -> (+0 ms) -> Source IP (1)
SEQ_PRO_0670,Processed_Network_dataset,12,2019-04-27T01:25:18Z,2019-04-27T01:25:18Z,0.0,TND_PRO_006286,TND_PRO_006283,Source IP (1) -> (+0 ms) -> Source IP (1) -> (+0 ms) -> Source IP (1) -> (+0 ms) -> Source IP (1) -> (+0 ms) -> Source IP (1) -> (+0 ms) -> Source IP (1) -> (+0 ms) -> Source IP (1) -> (+0 ms) -> Source IP (1) -> (+0 ms) -> Source IP (1) -> (+0 ms) -> Source IP (1) -> (+0 ms) -> Source IP (1) -> (+0 ms) -> Source IP (1)
SEQ_PRO_0671,Processed_Network_dataset,12,2019-04-27T01:25:18Z,2019-04-27T01:25:19Z,1.0,TND_PRO_006290,TND_PRO_006299,Source IP (1) -> (+0 ms) -> Source IP (1) -> (+0 ms) -> Source IP (1) -> (+0 ms) -> Source IP (1) -> (+0 ms) -> Source IP (1) -> (+0 ms) -> Source IP (1) -> (+0 ms) -> Source IP (1) -> (+0 ms) -> Source IP (1) -> (+0 ms) -> Source IP (1) -> (+1.00 s) -> Source IP (1) -> (+0 ms) -> Source IP (1) -> (+0 ms) -> Source IP (1)
SEQ_PRO_0672,Processed_Network_dataset,12,2019-04-27T01:25:19Z,2019-04-27T01:25:19Z,0.0,TND_PRO_006307,TND_PRO_006315,Source IP (1) -> (+0 ms) -> Source IP (0) -> (+0 ms) -> Source IP (1) -> (+0 ms) -> Source IP (1) -> (+0 ms) -> Source IP (1) -> (+0 ms) -> Source IP (1) -> (+0 ms) -> Source IP (1) -> (+0 ms) -> Source IP (1) -> (+0 ms) -> Source IP (1) -> (+0 ms) -> Source IP (1) -> (+0 ms) -> Source IP (1) -> (+0 ms) -> Source IP (1)
SEQ_PRO_0673,Processed_Network_dataset,12,2019-04-27T01:25:19Z,2019-04-27T01:25:19Z,0.0,TND_PRO_006314,TND_PRO_006333,Source IP (1) -> (+0 ms) -> Source IP (1) -> (+0 ms) -> Source IP (1) -> (+0 ms) -> Source IP (1) -> (+0 ms) -> Source IP (1) -> (+0 ms) -> Source IP (1) -> (+0 ms) -> Source IP (1) -> (+0 ms) -> Source IP (1) -> (+0 ms) -> Source IP (1) -> (+0 ms) -> Source IP (1) -> (+0 ms) -> Source IP (1) -> (+0 ms) -> Source IP (1)
SEQ_PRO_0674,Processed_Network_dataset,12,2019-04-27T01:25:19Z,2019-04-27T01:25:20Z,1.0,TND_PRO_006334,TND_PRO_006367,Source IP (1) -> (+0 ms) -> Source IP (1) -> (+0 ms) -> Source IP (1) -> (+0 ms) -> Source IP (1) -> (+0 ms) -> Source IP (1) -> (+0 ms) -> Source IP (1) -> (+0 ms) -> Source IP (1) -> (+0 ms) -> Source IP (1) -> (+0 ms) -> Source IP (1) -> (+0 ms) -> Source IP (1) -> (+0 ms) -> Source IP (1) -> (+1.00 s) -> Source IP (1)
SEQ_PRO_0675,Processed_Network_dataset,12,2019-04-27T01:25:20Z,2019-04-27T01:25:20Z,0.0,TND_PRO_006366,TND_PRO_006359,Source IP (1) -> (+0 ms) -> Source IP (1) -> (+0 ms) -> Source IP (1) -> (+0 ms) -> Source IP (1) -> (+0 ms) -> Source IP (1) -> (+0 ms) -> Source IP (1) -> (+0 ms) -> Source IP (1) -> (+0 ms) -> Source IP (1) -> (+0 ms) -> Source IP (1) -> (+0 ms) -> Source IP (1) -> (+0 ms) -> Source IP (1) -> (+0 ms) -> Source IP (1)
SEQ_PRO_0676,Processed_Network_dataset,12,2019-04-27T01:25:20Z,2019-04-27T01:25:20Z,0.0,TND_PRO_006363,TND_PRO_006351,Source IP (1) -> (+0 ms) -> Source IP (1) -> (+0 ms) -> Source IP (1) -> (+0 ms) -> Source IP (1) -> (+0 ms) -> Source IP (1) -> (+0 ms) -> Source IP (1) -> (+0 ms) -> Source IP (1) -> (+0 ms) -> Source IP (1) -> (+0 ms) -> Source IP (1) -> (+0 ms) -> Source IP (1) -> (+0 ms) -> Source IP (1) -> (+0 ms) -> Source IP (1)
SEQ_PRO_0677,Processed_Network_dataset,12,2019-04-27T01:25:20Z,2019-04-27T01:25:21Z,1.0,TND_PRO_006350,TND_PRO_006397,Source IP (1) -> (+0 ms) -> Source IP (1) -> (+0 ms) -> Source IP (1) -> (+0 ms) -> Source IP (1) -> (+0 ms) -> Source IP (1) -> (+0 ms) -> Source IP (1) -> (+0 ms) -> Source IP (1) -> (+0 ms) -> Source IP (1) -> (+1.00 s) -> Source IP (1) -> (+0 ms) -> Source IP (1) -> (+0 ms) -> Source IP (1) -> (+0 ms) -> Source IP (1)
SEQ_PRO_0678,Processed_Network_dataset,12,2019-04-27T01:25:21Z,2019-04-27T01:25:21Z,0.0,TND_PRO_006394,TND_PRO_006407,Source IP (1) -> (+0 ms) -> Source IP (1) -> (+0 ms) -> Source IP (1) -> (+0 ms) -> Source IP (1) -> (+0 ms) -> Source IP (1) -> (+0 ms) -> Source IP (1) -> (+0 ms) -> Source IP (1) -> (+0 ms) -> Source IP (1) -> (+0 ms) -> Source IP (1) -> (+0 ms) -> Source IP (1) -> (+0 ms) -> Source IP (1) -> (+0 ms) -> Source IP (1)
SEQ_PRO_0679,Processed_Network_dataset,12,2019-04-27T01:25:21Z,2019-04-27T01:25:21Z,0.0,TND_PRO_006408,TND_PRO_006387,Source IP (1) -> (+0 ms) -> Source IP (1) -> (+0 ms) -> Source IP (1) -> (+0 ms) -> Source IP (1) -> (+0 ms) -> Source IP (1) -> (+0 ms) -> Source IP (1) -> (+0 ms) -> Source IP (1) -> (+0 ms) -> Source IP (1) -> (+0 ms) -> Source IP (1) -> (+0 ms) -> Source IP (1) -> (+0 ms) -> Source IP (1) -> (+0 ms) -> Source IP (1)
SEQ_PRO_0680,Processed_Network_dataset,12,2019-04-27T01:25:21Z,2019-04-27T01:25:21Z,0.0,TND_PRO_006388,TND_PRO_006372,Source IP (1) -> (+0 ms) -> Source IP (1) -> (+0 ms) -> Source IP (1) -> (+0 ms) -> Source IP (1) -> (+0 ms) -> Source IP (1) -> (+0 ms) -> Source IP (0) -> (+0 ms) -> Source IP (1) -> (+0 ms) -> Source IP (1) -> (+0 ms) -> Source IP (1) -> (+0 ms) -> Source IP (1) -> (+0 ms) -> Source IP (1) -> (+0 ms) -> Source IP (1)
SEQ_PRO_0681,Processed_Network_dataset,12,2019-04-27T01:25:21Z,2019-04-27T01:25:22Z,1.0,TND_PRO_006381,TND_PRO_006428,Source IP (1) -> (+0 ms) -> Source IP (1) -> (+0 ms) -> Source IP (1) -> (+0 ms) -> Source IP (1) -> (+0 ms) -> Source IP (1) -> (+1.00 s) -> Source IP (1) -> (+0 ms) -> Source IP (1) -> (+0 ms) -> Source IP (1) -> (+0 ms) -> Source IP (1) -> (+0 ms) -> Source IP (1) -> (+0 ms) -> Source IP (1) -> (+0 ms) -> Source IP (1)
SEQ_PRO_0682,Processed_Network_dataset,12,2019-04-27T01:25:22Z,2019-04-27T01:25:22Z,0.0,TND_PRO_006425,TND_PRO_006432,Source IP (1) -> (+0 ms) -> Source IP (1) -> (+0 ms) -> Source IP (1) -> (+0 ms) -> Source IP (1) -> (+0 ms) -> Source IP (1) -> (+0 ms) -> Source IP (1) -> (+0 ms) -> Source IP (1) -> (+0 ms) -> Source IP (1) -> (+0 ms) -> Source IP (1) -> (+0 ms) -> Source IP (1) -> (+0 ms) -> Source IP (1) -> (+0 ms) -> Source IP (1)
SEQ_PRO_0683,Processed_Network_dataset,12,2019-04-27T01:25:22Z,2019-04-27T01:25:23Z,1.0,TND_PRO_006430,TND_PRO_006447,Source IP (1) -> (+0 ms) -> Source IP (1) -> (+0 ms) -> Source IP (1) -> (+0 ms) -> Source IP (1) -> (+0 ms) -> Source IP (1) -> (+0 ms) -> Source IP (1) -> (+0 ms) -> Source IP (1) -> (+1.00 s) -> Source IP (1) -> (+0 ms) -> Source IP (1) -> (+0 ms) -> Source IP (1) -> (+0 ms) -> Source IP (1) -> (+0 ms) -> Source IP (1)
SEQ_PRO_0684,Processed_Network_dataset,12,2019-04-27T01:25:23Z,2019-04-27T01:25:23Z,0.0,TND_PRO_006448,TND_PRO_006469,Source IP (1) -> (+0 ms) -> Source IP (1) -> (+0 ms) -> Source IP (1) -> (+0 ms) -> Source IP (1) -> (+0 ms) -> Source IP (1) -> (+0 ms) -> Source IP (1) -> (+0 ms) -> Source IP (1) -> (+0 ms) -> Source IP (1) -> (+0 ms) -> Source IP (1) -> (+0 ms) -> Source IP (1) -> (+0 ms) -> Source IP (1) -> (+0 ms) -> Source IP (1)
SEQ_PRO_0685,Processed_Network_dataset,12,2019-04-27T01:25:23Z,2019-04-27T01:25:23Z,0.0,TND_PRO_006462,TND_PRO_006444,Source IP (1) -> (+0 ms) -> Source IP (1) -> (+0 ms) -> Source IP (1) -> (+0 ms) -> Source IP (1) -> (+0 ms) -> Source IP (1) -> (+0 ms) -> Source IP (1) -> (+0 ms) -> Source IP (1) -> (+0 ms) -> Source IP (1) -> (+0 ms) -> Source IP (1) -> (+0 ms) -> Source IP (1) -> (+0 ms) -> Source IP (1) -> (+0 ms) -> Source IP (1)
SEQ_PRO_0686,Processed_Network_dataset,12,2019-04-27T01:25:23Z,2019-04-27T01:25:24Z,1.0,TND_PRO_006441,TND_PRO_006499,Source IP (1) -> (+0 ms) -> Source IP (1) -> (+0 ms) -> Source IP (1) -> (+0 ms) -> Source IP (1) -> (+1.00 s) -> Source IP (1) -> (+0 ms) -> Source IP (1) -> (+0 ms) -> Source IP (1) -> (+0 ms) -> Source IP (1) -> (+0 ms) -> Source IP (1) -> (+0 ms) -> Source IP (1) -> (+0 ms) -> Source IP (1) -> (+0 ms) -> Source IP (1)
SEQ_PRO_0687,Processed_Network_dataset,12,2019-04-27T01:25:24Z,2019-04-27T01:25:24Z,0.0,TND_PRO_006484,TND_PRO_006494,Source IP (1) -> (+0 ms) -> Source IP (1) -> (+0 ms) -> Source IP (1) -> (+0 ms) -> Source IP (1) -> (+0 ms) -> Source IP (1) -> (+0 ms) -> Source IP (1) -> (+0 ms) -> Source IP (1) -> (+0 ms) -> Source IP (1) -> (+0 ms) -> Source IP (1) -> (+0 ms) -> Source IP (1) -> (+0 ms) -> Source IP (1) -> (+0 ms) -> Source IP (1)
SEQ_PRO_0688,Processed_Network_dataset,12,2019-04-27T01:25:24Z,2019-04-27T07:57:43Z,23539.0,TND_PRO_006497,TND_PRO_006516,Source IP (1) -> (+0 ms) -> Source IP (1) -> (+0 ms) -> Source IP (1) -> (+0 ms) -> Source IP (1) -> (+0 ms) -> Source IP (1) -> (+0 ms) -> Source IP (1) -> (+0 ms) -> Source IP (1) -> (+0 ms) -> Source IP (1) -> (+392.3 min) -> Source IP (1) -> (+0 ms) -> Source IP (1) -> (+0 ms) -> Source IP (1) -> (+0 ms) -> Source IP (1)
SEQ_PRO_0689,Processed_Network_dataset,12,2019-04-27T07:57:43Z,2019-04-27T07:57:43Z,0.0,TND_PRO_006525,TND_PRO_006520,Source IP (1) -> (+0 ms) -> Source IP (1) -> (+0 ms) -> Source IP (1) -> (+0 ms) -> Source IP (1) -> (+0 ms) -> Source IP (1) -> (+0 ms) -> Source IP (1) -> (+0 ms) -> Source IP (1) -> (+0 ms) -> Source IP (1) -> (+0 ms) -> Source IP (1) -> (+0 ms) -> Source IP (1) -> (+0 ms) -> Source IP (1) -> (+0 ms) -> Source IP (1)
SEQ_PRO_0690,Processed_Network_dataset,12,2019-04-27T07:57:43Z,2019-04-27T07:57:43Z,0.0,TND_PRO_006521,TND_PRO_006548,Source IP (1) -> (+0 ms) -> Source IP (1) -> (+0 ms) -> Source IP (1) -> (+0 ms) -> Source IP (1) -> (+0 ms) -> Source IP (1) -> (+0 ms) -> Source IP (1) -> (+0 ms) -> Source IP (1) -> (+0 ms) -> Source IP (1) -> (+0 ms) -> Source IP (1) -> (+0 ms) -> Source IP (1) -> (+0 ms) -> Source IP (1) -> (+0 ms) -> Source IP (1)
SEQ_PRO_0691,Processed_Network_dataset,12,2019-04-27T07:57:43Z,2019-04-27T07:57:43Z,0.0,TND_PRO_006549,TND_PRO_006536,Source IP (1) -> (+0 ms) -> Source IP (1) -> (+0 ms) -> Source IP (1) -> (+0 ms) -> Source IP (1) -> (+0 ms) -> Source IP (1) -> (+0 ms) -> Source IP (1) -> (+0 ms) -> Source IP (1) -> (+0 ms) -> Source IP (1) -> (+0 ms) -> Source IP (1) -> (+0 ms) -> Source IP (1) -> (+0 ms) -> Source IP (1) -> (+0 ms) -> Source IP (1)
SEQ_PRO_0692,Processed_Network_dataset,12,2019-04-27T07:57:43Z,2019-04-27T07:57:43Z,0.0,TND_PRO_006533,TND_PRO_006501,Source IP (1) -> (+0 ms) -> Source IP (1) -> (+0 ms) -> Source IP (1) -> (+0 ms) -> Source IP (1) -> (+0 ms) -> Source IP (1) -> (+0 ms) -> Source IP (1) -> (+0 ms) -> Source IP (1) -> (+0 ms) -> Source IP (1) -> (+0 ms) -> Source IP (1) -> (+0 ms) -> Source IP (1) -> (+0 ms) -> Source IP (1) -> (+0 ms) -> Source IP (1)
SEQ_PRO_0693,Processed_Network_dataset,12,2019-04-27T07:57:43Z,2019-04-27T07:57:44Z,1.0,TND_PRO_006505,TND_PRO_006576,Source IP (1) -> (+0 ms) -> Source IP (1) -> (+0 ms) -> Source IP (1) -> (+0 ms) -> Source IP (1) -> (+1.00 s) -> Source IP (1) -> (+0 ms) -> Source IP (1) -> (+0 ms) -> Source IP (1) -> (+0 ms) -> Source IP (1) -> (+0 ms) -> Source IP (1) -> (+0 ms) -> Source IP (1) -> (+0 ms) -> Source IP (1) -> (+0 ms) -> Source IP (1)
SEQ_PRO_0694,Processed_Network_dataset,12,2019-04-27T07:57:44Z,2019-04-27T07:57:44Z,0.0,TND_PRO_006601,TND_PRO_006596,Source IP (1) -> (+0 ms) -> Source IP (1) -> (+0 ms) -> Source IP (1) -> (+0 ms) -> Source IP (1) -> (+0 ms) -> Source IP (1) -> (+0 ms) -> Source IP (1) -> (+0 ms) -> Source IP (1) -> (+0 ms) -> Source IP (1) -> (+0 ms) -> Source IP (1) -> (+0 ms) -> Source IP (1) -> (+0 ms) -> Source IP (1) -> (+0 ms) -> Source IP (1)
SEQ_PRO_0695,Processed_Network_dataset,12,2019-04-27T07:57:44Z,2019-04-27T07:57:44Z,0.0,TND_PRO_006597,TND_PRO_006569,Source IP (1) -> (+0 ms) -> Source IP (1) -> (+0 ms) -> Source IP (1) -> (+0 ms) -> Source IP (1) -> (+0 ms) -> Source IP (1) -> (+0 ms) -> Source IP (1) -> (+0 ms) -> Source IP (1) -> (+0 ms) -> Source IP (1) -> (+0 ms) -> Source IP (1) -> (+0 ms) -> Source IP (1) -> (+0 ms) -> Source IP (1) -> (+0 ms) -> Source IP (1)
SEQ_PRO_0696,Processed_Network_dataset,12,2019-04-27T07:57:44Z,2019-04-27T07:57:44Z,0.0,TND_PRO_006568,TND_PRO_006588,Source IP (1) -> (+0 ms) -> Source IP (1) -> (+0 ms) -> Source IP (1) -> (+0 ms) -> Source IP (1) -> (+0 ms) -> Source IP (1) -> (+0 ms) -> Source IP (1) -> (+0 ms) -> Source IP (1) -> (+0 ms) -> Source IP (1) -> (+0 ms) -> Source IP (1) -> (+0 ms) -> Source IP (1) -> (+0 ms) -> Source IP (1) -> (+0 ms) -> Source IP (1)
SEQ_PRO_0697,Processed_Network_dataset,12,2019-04-27T07:57:44Z,2019-04-27T07:57:45Z,1.0,TND_PRO_006593,TND_PRO_006609,Source IP (1) -> (+0 ms) -> Source IP (1) -> (+1.00 s) -> Source IP (1) -> (+0 ms) -> Source IP (1) -> (+0 ms) -> Source IP (1) -> (+0 ms) -> Source IP (1) -> (+0 ms) -> Source IP (1) -> (+0 ms) -> Source IP (1) -> (+0 ms) -> Source IP (1) -> (+0 ms) -> Source IP (1) -> (+0 ms) -> Source IP (1) -> (+0 ms) -> Source IP (1)
SEQ_PRO_0698,Processed_Network_dataset,12,2019-04-27T07:57:45Z,2019-04-27T07:57:45Z,0.0,TND_PRO_006608,TND_PRO_006629,Source IP (1) -> (+0 ms) -> Source IP (1) -> (+0 ms) -> Source IP (1) -> (+0 ms) -> Source IP (1) -> (+0 ms) -> Source IP (1) -> (+0 ms) -> Source IP (1) -> (+0 ms) -> Source IP (1) -> (+0 ms) -> Source IP (1) -> (+0 ms) -> Source IP (1) -> (+0 ms) -> Source IP (1) -> (+0 ms) -> Source IP (1) -> (+0 ms) -> Source IP (1)
SEQ_PRO_0699,Processed_Network_dataset,12,2019-04-27T07:57:45Z,2019-04-27T07:57:45Z,0.0,TND_PRO_006628,TND_PRO_006604,Source IP (1) -> (+0 ms) -> Source IP (1) -> (+0 ms) -> Source IP (1) -> (+0 ms) -> Source IP (1) -> (+0 ms) -> Source IP (1) -> (+0 ms) -> Source IP (1) -> (+0 ms) -> Source IP (1) -> (+0 ms) -> Source IP (1) -> (+0 ms) -> Source IP (0) -> (+0 ms) -> Source IP (1) -> (+0 ms) -> Source IP (1) -> (+0 ms) -> Source IP (1)
SEQ_PRO_0700,Processed_Network_dataset,12,2019-04-27T07:57:45Z,2019-04-27T07:57:45Z,0.0,TND_PRO_006614,TND_PRO_006640,Source IP (1) -> (+0 ms) -> Source IP (1) -> (+0 ms) -> Source IP (1) -> (+0 ms) -> Source IP (1) -> (+0 ms) -> Source IP (1) -> (+0 ms) -> Source IP (1) -> (+0 ms) -> Source IP (1) -> (+0 ms) -> Source IP (1) -> (+0 ms) -> Source IP (1) -> (+0 ms) -> Source IP (1) -> (+0 ms) -> Source IP (1) -> (+0 ms) -> Source IP (1)
SEQ_PRO_0701,Processed_Network_dataset,12,2019-04-27T07:57:45Z,2019-04-27T07:57:45Z,0.0,TND_PRO_006624,TND_PRO_006661,Source IP (1) -> (+0 ms) -> Source IP (1) -> (+0 ms) -> Source IP (1) -> (+0 ms) -> Source IP (1) -> (+0 ms) -> Source IP (1) -> (+0 ms) -> Source IP (1) -> (+0 ms) -> Source IP (1) -> (+0 ms) -> Source IP (1) -> (+0 ms) -> Source IP (1) -> (+0 ms) -> Source IP (1) -> (+0 ms) -> Source IP (1) -> (+0 ms) -> Source IP (1)
SEQ_PRO_0702,Processed_Network_dataset,12,2019-04-27T07:57:45Z,2019-04-27T07:57:46Z,1.0,TND_PRO_006664,TND_PRO_006692,Source IP (1) -> (+0 ms) -> Source IP (1) -> (+0 ms) -> Source IP (1) -> (+0 ms) -> Source IP (1) -> (+0 ms) -> Source IP (1) -> (+1.00 s) -> Source IP (1) -> (+0 ms) -> Source IP (1) -> (+0 ms) -> Source IP (1) -> (+0 ms) -> Source IP (1) -> (+0 ms) -> Source IP (1) -> (+0 ms) -> Source IP (1) -> (+0 ms) -> Source IP (1)
SEQ_PRO_0703,Processed_Network_dataset,12,2019-04-27T07:57:46Z,2019-04-27T07:57:46Z,0.0,TND_PRO_006691,TND_PRO_006674,Source IP (1) -> (+0 ms) -> Source IP (1) -> (+0 ms) -> Source IP (1) -> (+0 ms) -> Source IP (1) -> (+0 ms) -> Source IP (1) -> (+0 ms) -> Source IP (1) -> (+0 ms) -> Source IP (1) -> (+0 ms) -> Source IP (1) -> (+0 ms) -> Source IP (1) -> (+0 ms) -> Source IP (1) -> (+0 ms) -> Source IP (1) -> (+0 ms) -> Source IP (1)
SEQ_PRO_0704,Processed_Network_dataset,12,2019-04-27T07:57:46Z,2019-04-27T07:57:46Z,0.0,TND_PRO_006673,TND_PRO_006726,Source IP (1) -> (+0 ms) -> Source IP (1) -> (+0 ms) -> Source IP (1) -> (+0 ms) -> Source IP (1) -> (+0 ms) -> Source IP (1) -> (+0 ms) -> Source IP (1) -> (+0 ms) -> Source IP (1) -> (+0 ms) -> Source IP (1) -> (+0 ms) -> Source IP (1) -> (+0 ms) -> Source IP (1) -> (+0 ms) -> Source IP (1) -> (+0 ms) -> Source IP (1)
SEQ_PRO_0705,Processed_Network_dataset,12,2019-04-27T07:57:46Z,2019-04-27T07:57:46Z,0.0,TND_PRO_006725,TND_PRO_006746,Source IP (1) -> (+0 ms) -> Source IP (1) -> (+0 ms) -> Source IP (1) -> (+0 ms) -> Source IP (1) -> (+0 ms) -> Source IP (1) -> (+0 ms) -> Source IP (1) -> (+0 ms) -> Source IP (1) -> (+0 ms) -> Source IP (1) -> (+0 ms) -> Source IP (1) -> (+0 ms) -> Source IP (1) -> (+0 ms) -> Source IP (1) -> (+0 ms) -> Source IP (1)
SEQ_PRO_0706,Processed_Network_dataset,12,2019-04-27T07:57:46Z,2019-04-27T07:57:46Z,0.0,TND_PRO_006745,TND_PRO_006702,Source IP (1) -> (+0 ms) -> Source IP (1) -> (+0 ms) -> Source IP (1) -> (+0 ms) -> Source IP (1) -> (+0 ms) -> Source IP (1) -> (+0 ms) -> Source IP (1) -> (+0 ms) -> Source IP (1) -> (+0 ms) -> Source IP (1) -> (+0 ms) -> Source IP (1) -> (+0 ms) -> Source IP (1) -> (+0 ms) -> Source IP (1) -> (+0 ms) -> Source IP (1)
SEQ_PRO_0707,Processed_Network_dataset,12,2019-04-27T07:57:46Z,2019-04-27T07:57:46Z,0.0,TND_PRO_006701,TND_PRO_006677,Source IP (1) -> (+0 ms) -> Source IP (1) -> (+0 ms) -> Source IP (1) -> (+0 ms) -> Source IP (1) -> (+0 ms) -> Source IP (1) -> (+0 ms) -> Source IP (1) -> (+0 ms) -> Source IP (1) -> (+0 ms) -> Source IP (1) -> (+0 ms) -> Source IP (1) -> (+0 ms) -> Source IP (1) -> (+0 ms) -> Source IP (1) -> (+0 ms) -> Source IP (1)
SEQ_PRO_0708,Processed_Network_dataset,12,2019-04-27T07:57:46Z,2019-04-27T07:57:46Z,0.0,TND_PRO_006678,TND_PRO_006749,Source IP (1) -> (+0 ms) -> Source IP (1) -> (+0 ms) -> Source IP (1) -> (+0 ms) -> Source IP (1) -> (+0 ms) -> Source IP (1) -> (+0 ms) -> Source IP (1) -> (+0 ms) -> Source IP (1) -> (+0 ms) -> Source IP (1) -> (+0 ms) -> Source IP (1) -> (+0 ms) -> Source IP (1) -> (+0 ms) -> Source IP (1) -> (+0 ms) -> Source IP (1)
SEQ_PRO_0709,Processed_Network_dataset,12,2019-04-27T07:57:46Z,2019-04-27T11:06:41Z,11335.0,TND_PRO_006750,TND_PRO_006775,Source IP (1) -> (+0 ms) -> Source IP (1) -> (+0 ms) -> Source IP (1) -> (+0 ms) -> Source IP (1) -> (+0 ms) -> Source IP (1) -> (+0 ms) -> Source IP (1) -> (+188.9 min) -> Source IP (1) -> (+0 ms) -> Source IP (1) -> (+0 ms) -> Source IP (1) -> (+0 ms) -> Source IP (1) -> (+0 ms) -> Source IP (1) -> (+0 ms) -> Source IP (1)
SEQ_PRO_0710,Processed_Network_dataset,12,2019-04-27T11:06:41Z,2019-04-27T11:06:41Z,0.0,TND_PRO_006760,TND_PRO_006763,Source IP (1) -> (+0 ms) -> Source IP (1) -> (+0 ms) -> Source IP (1) -> (+0 ms) -> Source IP (1) -> (+0 ms) -> Source IP (1) -> (+0 ms) -> Source IP (1) -> (+0 ms) -> Source IP (1) -> (+0 ms) -> Source IP (1) -> (+0 ms) -> Source IP (1) -> (+0 ms) -> Source IP (1) -> (+0 ms) -> Source IP (1) -> (+0 ms) -> Source IP (1)
SEQ_PRO_0711,Processed_Network_dataset,12,2019-04-27T11:06:41Z,2019-04-27T11:06:41Z,0.0,TND_PRO_006764,TND_PRO_006781,Source IP (1) -> (+0 ms) -> Source IP (1) -> (+0 ms) -> Source IP (1) -> (+0 ms) -> Source IP (1) -> (+0 ms) -> Source IP (1) -> (+0 ms) -> Source IP (1) -> (+0 ms) -> Source IP (1) -> (+0 ms) -> Source IP (1) -> (+0 ms) -> Source IP (1) -> (+0 ms) -> Source IP (1) -> (+0 ms) -> Source IP (1) -> (+0 ms) -> Source IP (1)
SEQ_PRO_0712,Processed_Network_dataset,12,2019-04-27T11:06:41Z,2019-04-27T11:06:41Z,0.0,TND_PRO_006782,TND_PRO_006755,Source IP (1) -> (+0 ms) -> Source IP (1) -> (+0 ms) -> Source IP (1) -> (+0 ms) -> Source IP (1) -> (+0 ms) -> Source IP (1) -> (+0 ms) -> Source IP (1) -> (+0 ms) -> Source IP (1) -> (+0 ms) -> Source IP (1) -> (+0 ms) -> Source IP (1) -> (+0 ms) -> Source IP (1) -> (+0 ms) -> Source IP (1) -> (+0 ms) -> Source IP (1)
SEQ_PRO_0713,Processed_Network_dataset,12,2019-04-27T11:06:41Z,2019-04-27T11:06:41Z,0.0,TND_PRO_006756,TND_PRO_006786,Source IP (1) -> (+0 ms) -> Source IP (1) -> (+0 ms) -> Source IP (1) -> (+0 ms) -> Source IP (1) -> (+0 ms) -> Source IP (1) -> (+0 ms) -> Source IP (1) -> (+0 ms) -> Source IP (1) -> (+0 ms) -> Source IP (1) -> (+0 ms) -> Source IP (1) -> (+0 ms) -> Source IP (1) -> (+0 ms) -> Source IP (1) -> (+0 ms) -> Source IP (1)
SEQ_PRO_0714,Processed_Network_dataset,12,2019-04-27T11:06:41Z,2019-04-27T11:06:42Z,1.0,TND_PRO_006797,TND_PRO_006833,Source IP (1) -> (+0 ms) -> Source IP (1) -> (+1.00 s) -> Source IP (1) -> (+0 ms) -> Source IP (1) -> (+0 ms) -> Source IP (1) -> (+0 ms) -> Source IP (1) -> (+0 ms) -> Source IP (1) -> (+0 ms) -> Source IP (1) -> (+0 ms) -> Source IP (1) -> (+0 ms) -> Source IP (1) -> (+0 ms) -> Source IP (1) -> (+0 ms) -> Source IP (1)
SEQ_PRO_0715,Processed_Network_dataset,12,2019-04-27T11:06:42Z,2019-04-27T11:06:42Z,0.0,TND_PRO_006832,TND_PRO_006853,Source IP (1) -> (+0 ms) -> Source IP (1) -> (+0 ms) -> Source IP (1) -> (+0 ms) -> Source IP (1) -> (+0 ms) -> Source IP (1) -> (+0 ms) -> Source IP (1) -> (+0 ms) -> Source IP (1) -> (+0 ms) -> Source IP (1) -> (+0 ms) -> Source IP (1) -> (+0 ms) -> Source IP (1) -> (+0 ms) -> Source IP (1) -> (+0 ms) -> Source IP (1)
SEQ_PRO_0716,Processed_Network_dataset,12,2019-04-27T11:06:42Z,2019-04-27T11:06:42Z,0.0,TND_PRO_006852,TND_PRO_006841,Source IP (1) -> (+0 ms) -> Source IP (1) -> (+0 ms) -> Source IP (1) -> (+0 ms) -> Source IP (1) -> (+0 ms) -> Source IP (1) -> (+0 ms) -> Source IP (1) -> (+0 ms) -> Source IP (1) -> (+0 ms) -> Source IP (1) -> (+0 ms) -> Source IP (1) -> (+0 ms) -> Source IP (1) -> (+0 ms) -> Source IP (1) -> (+0 ms) -> Source IP (1)
SEQ_PRO_0717,Processed_Network_dataset,12,2019-04-27T11:06:42Z,2019-04-27T11:06:42Z,0.0,TND_PRO_006840,TND_PRO_006877,Source IP (1) -> (+0 ms) -> Source IP (1) -> (+0 ms) -> Source IP (1) -> (+0 ms) -> Source IP (1) -> (+0 ms) -> Source IP (1) -> (+0 ms) -> Source IP (1) -> (+0 ms) -> Source IP (1) -> (+0 ms) -> Source IP (1) -> (+0 ms) -> Source IP (1) -> (+0 ms) -> Source IP (1) -> (+0 ms) -> Source IP (1) -> (+0 ms) -> Source IP (1)
SEQ_PRO_0718,Processed_Network_dataset,12,2019-04-27T11:06:42Z,2019-04-27T11:06:42Z,0.0,TND_PRO_006908,TND_PRO_006827,Source IP (1) -> (+0 ms) -> Source IP (1) -> (+0 ms) -> Source IP (1) -> (+0 ms) -> Source IP (1) -> (+0 ms) -> Source IP (1) -> (+0 ms) -> Source IP (1) -> (+0 ms) -> Source IP (1) -> (+0 ms) -> Source IP (1) -> (+0 ms) -> Source IP (1) -> (+0 ms) -> Source IP (1) -> (+0 ms) -> Source IP (1) -> (+0 ms) -> Source IP (1)
SEQ_PRO_0719,Processed_Network_dataset,12,2019-04-27T11:06:42Z,2019-04-27T11:06:42Z,0.0,TND_PRO_006826,TND_PRO_006809,Source IP (1) -> (+0 ms) -> Source IP (1) -> (+0 ms) -> Source IP (1) -> (+0 ms) -> Source IP (1) -> (+0 ms) -> Source IP (1) -> (+0 ms) -> Source IP (1) -> (+0 ms) -> Source IP (1) -> (+0 ms) -> Source IP (1) -> (+0 ms) -> Source IP (1) -> (+0 ms) -> Source IP (1) -> (+0 ms) -> Source IP (1) -> (+0 ms) -> Source IP (1)
SEQ_PRO_0720,Processed_Network_dataset,12,2019-04-27T11:06:42Z,2019-04-27T11:06:42Z,0.0,TND_PRO_006808,TND_PRO_006921,Source IP (1) -> (+0 ms) -> Source IP (1) -> (+0 ms) -> Source IP (1) -> (+0 ms) -> Source IP (1) -> (+0 ms) -> Source IP (1) -> (+0 ms) -> Source IP (1) -> (+0 ms) -> Source IP (1) -> (+0 ms) -> Source IP (1) -> (+0 ms) -> Source IP (1) -> (+0 ms) -> Source IP (1) -> (+0 ms) -> Source IP (1) -> (+0 ms) -> Source IP (1)
SEQ_PRO_0721,Processed_Network_dataset,12,2019-04-27T11:06:42Z,2019-04-27T11:06:42Z,0.0,TND_PRO_006920,TND_PRO_006909,Source IP (1) -> (+0 ms) -> Source IP (1) -> (+0 ms) -> Source IP (1) -> (+0 ms) -> Source IP (1) -> (+0 ms) -> Source IP (1) -> (+0 ms) -> Source IP (1) -> (+0 ms) -> Source IP (1) -> (+0 ms) -> Source IP (1) -> (+0 ms) -> Source IP (1) -> (+0 ms) -> Source IP (1) -> (+0 ms) -> Source IP (1) -> (+0 ms) -> Source IP (1)
SEQ_PRO_0722,Processed_Network_dataset,12,2019-04-27T11:06:42Z,2019-04-27T11:06:42Z,0.0,TND_PRO_006938,TND_PRO_006927,Source IP (1) -> (+0 ms) -> Source IP (1) -> (+0 ms) -> Source IP (1) -> (+0 ms) -> Source IP (1) -> (+0 ms) -> Source IP (1) -> (+0 ms) -> Source IP (1) -> (+0 ms) -> Source IP (1) -> (+0 ms) -> Source IP (1) -> (+0 ms) -> Source IP (1) -> (+0 ms) -> Source IP (1) -> (+0 ms) -> Source IP (1) -> (+0 ms) -> Source IP (1)
SEQ_PRO_0723,Processed_Network_dataset,12,2019-04-27T11:06:42Z,2019-04-27T11:06:42Z,0.0,TND_PRO_006926,TND_PRO_006846,Source IP (1) -> (+0 ms) -> Source IP (1) -> (+0 ms) -> Source IP (1) -> (+0 ms) -> Source IP (1) -> (+0 ms) -> Source IP (1) -> (+0 ms) -> Source IP (1) -> (+0 ms) -> Source IP (1) -> (+0 ms) -> Source IP (1) -> (+0 ms) -> Source IP (1) -> (+0 ms) -> Source IP (1) -> (+0 ms) -> Source IP (1) -> (+0 ms) -> Source IP (1)
SEQ_PRO_0724,Processed_Network_dataset,12,2019-04-27T11:06:42Z,2019-04-27T11:06:42Z,0.0,TND_PRO_006845,TND_PRO_006861,Source IP (1) -> (+0 ms) -> Source IP (1) -> (+0 ms) -> Source IP (1) -> (+0 ms) -> Source IP (1) -> (+0 ms) -> Source IP (1) -> (+0 ms) -> Source IP (1) -> (+0 ms) -> Source IP (1) -> (+0 ms) -> Source IP (1) -> (+0 ms) -> Source IP (1) -> (+0 ms) -> Source IP (1) -> (+0 ms) -> Source IP (1) -> (+0 ms) -> Source IP (1)
SEQ_PRO_0725,Processed_Network_dataset,12,2019-04-27T11:06:42Z,2019-04-27T11:06:43Z,1.0,TND_PRO_006892,TND_PRO_006945,Source IP (1) -> (+0 ms) -> Source IP (1) -> (+1.00 s) -> Source IP (1) -> (+0 ms) -> Source IP (1) -> (+0 ms) -> Source IP (1) -> (+0 ms) -> Source IP (1) -> (+0 ms) -> Source IP (1) -> (+0 ms) -> Source IP (1) -> (+0 ms) -> Source IP (1) -> (+0 ms) -> Source IP (1) -> (+0 ms) -> Source IP (1) -> (+0 ms) -> Source IP (1)
SEQ_PRO_0726,Processed_Network_dataset,12,2019-04-27T11:06:43Z,2019-04-27T11:06:43Z,0.0,TND_PRO_006944,TND_PRO_006984,Source IP (1) -> (+0 ms) -> Source IP (1) -> (+0 ms) -> Source IP (1) -> (+0 ms) -> Source IP (1) -> (+0 ms) -> Source IP (1) -> (+0 ms) -> Source IP (1) -> (+0 ms) -> Source IP (1) -> (+0 ms) -> Source IP (1) -> (+0 ms) -> Source IP (1) -> (+0 ms) -> Source IP (1) -> (+0 ms) -> Source IP (1) -> (+0 ms) -> Source IP (1)
SEQ_PRO_0727,Processed_Network_dataset,12,2019-04-27T11:06:43Z,2019-04-27T11:06:43Z,0.0,TND_PRO_006985,TND_PRO_006982,Source IP (1) -> (+0 ms) -> Source IP (0) -> (+0 ms) -> Source IP (1) -> (+0 ms) -> Source IP (1) -> (+0 ms) -> Source IP (1) -> (+0 ms) -> Source IP (1) -> (+0 ms) -> Source IP (1) -> (+0 ms) -> Source IP (1) -> (+0 ms) -> Source IP (1) -> (+0 ms) -> Source IP (1) -> (+0 ms) -> Source IP (1) -> (+0 ms) -> Source IP (1)
SEQ_PRO_0728,Processed_Network_dataset,12,2019-04-27T11:06:43Z,2019-04-27T11:06:43Z,0.0,TND_PRO_006976,TND_PRO_007000,Source IP (1) -> (+0 ms) -> Source IP (1) -> (+0 ms) -> Source IP (1) -> (+0 ms) -> Source IP (1) -> (+0 ms) -> Source IP (1) -> (+0 ms) -> Source IP (1) -> (+0 ms) -> Source IP (1) -> (+0 ms) -> Source IP (1) -> (+0 ms) -> Source IP (1) -> (+0 ms) -> Source IP (1) -> (+0 ms) -> Source IP (1) -> (+0 ms) -> Source IP (1)
SEQ_PRO_0729,Processed_Network_dataset,12,2019-04-27T11:06:43Z,2019-04-27T11:06:43Z,0.0,TND_PRO_006973,TND_PRO_006992,Source IP (1) -> (+0 ms) -> Source IP (1) -> (+0 ms) -> Source IP (1) -> (+0 ms) -> Source IP (1) -> (+0 ms) -> Source IP (1) -> (+0 ms) -> Source IP (1) -> (+0 ms) -> Source IP (1) -> (+0 ms) -> Source IP (1) -> (+0 ms) -> Source IP (1) -> (+0 ms) -> Source IP (1) -> (+0 ms) -> Source IP (1) -> (+0 ms) -> Source IP (1)
SEQ_PRO_0730,Processed_Network_dataset,12,2019-04-27T11:06:43Z,2019-04-28T21:05:33Z,122330.0,TND_PRO_006989,TND_PRO_007008,Source IP (1) -> (+0 ms) -> Source IP (1) -> (+0 ms) -> Source IP (1) -> (+0 ms) -> Source IP (1) -> (+2038.8 min) -> Source IP (1) -> (+0 ms) -> Source IP (1) -> (+1.00 s) -> Source IP (1) -> (+0 ms) -> Source IP (1) -> (+0 ms) -> Source IP (1) -> (+0 ms) -> Source IP (1) -> (+0 ms) -> Source IP (1) -> (+0 ms) -> Source IP (1)
SEQ_PRO_0731,Processed_Network_dataset,12,2019-04-28T21:05:33Z,2019-04-28T21:05:34Z,1.0,TND_PRO_007006,TND_PRO_007012,Source IP (1) -> (+0 ms) -> Source IP (1) -> (+0 ms) -> Source IP (1) -> (+1.00 s) -> Source IP (1) -> (+0 ms) -> Source IP (1) -> (+0 ms) -> Source IP (1) -> (+0 ms) -> Source IP (1) -> (+0 ms) -> Source IP (1) -> (+0 ms) -> Source IP (1) -> (+0 ms) -> Source IP (1) -> (+0 ms) -> Source IP (1) -> (+0 ms) -> Source IP (1)
SEQ_PRO_0732,Processed_Network_dataset,12,2019-04-28T21:05:35Z,2019-04-28T21:05:36Z,1.0,TND_PRO_007023,TND_PRO_007032,Source IP (1) -> (+0 ms) -> Source IP (1) -> (+0 ms) -> Source IP (1) -> (+0 ms) -> Source IP (1) -> (+0 ms) -> Source IP (1) -> (+0 ms) -> Source IP (1) -> (+0 ms) -> Source IP (1) -> (+1.00 s) -> Source IP (1) -> (+0 ms) -> Source IP (1) -> (+0 ms) -> Source IP (1) -> (+0 ms) -> Source IP (1) -> (+0 ms) -> Source IP (1)
SEQ_PRO_0733,Processed_Network_dataset,12,2019-04-28T21:05:36Z,2019-04-28T21:05:38Z,2.0,TND_PRO_007029,TND_PRO_007044,Source IP (1) -> (+0 ms) -> Source IP (1) -> (+0 ms) -> Source IP (1) -> (+0 ms) -> Source IP (1) -> (+1.00 s) -> Source IP (1) -> (+0 ms) -> Source IP (1) -> (+0 ms) -> Source IP (1) -> (+0 ms) -> Source IP (1) -> (+0 ms) -> Source IP (1) -> (+0 ms) -> Source IP (1) -> (+0 ms) -> Source IP (1) -> (+1.00 s) -> Source IP (1)
SEQ_PRO_0734,Processed_Network_dataset,12,2019-04-28T21:05:38Z,2019-04-28T21:05:41Z,3.0,TND_PRO_007046,TND_PRO_007056,Source IP (1) -> (+0 ms) -> Source IP (1) -> (+1.00 s) -> Source IP (1) -> (+0 ms) -> Source IP (1) -> (+0 ms) -> Source IP (1) -> (+1.00 s) -> Source IP (1) -> (+0 ms) -> Source IP (1) -> (+0 ms) -> Source IP (1) -> (+0 ms) -> Source IP (1) -> (+0 ms) -> Source IP (1) -> (+1.00 s) -> Source IP (1) -> (+0 ms) -> Source IP (1)
SEQ_PRO_0735,Processed_Network_dataset,12,2019-04-28T21:05:41Z,2019-04-28T21:05:42Z,1.0,TND_PRO_007058,TND_PRO_007070,Source IP (1) -> (+0 ms) -> Source IP (1) -> (+0 ms) -> Source IP (1) -> (+0 ms) -> Source IP (1) -> (+0 ms) -> Source IP (1) -> (+0 ms) -> Source IP (1) -> (+0 ms) -> Source IP (1) -> (+1.00 s) -> Source IP (1) -> (+0 ms) -> Source IP (1) -> (+0 ms) -> Source IP (1) -> (+0 ms) -> Source IP (1) -> (+0 ms) -> Source IP (1)
SEQ_PRO_0736,Processed_Network_dataset,12,2019-04-28T21:05:42Z,2019-04-28T21:05:44Z,2.0,TND_PRO_007069,TND_PRO_007078,Source IP (1) -> (+0 ms) -> Source IP (1) -> (+1.00 s) -> Source IP (1) -> (+0 ms) -> Source IP (1) -> (+0 ms) -> Source IP (1) -> (+0 ms) -> Source IP (1) -> (+0 ms) -> Source IP (1) -> (+0 ms) -> Source IP (1) -> (+1.00 s) -> Source IP (1) -> (+0 ms) -> Source IP (1) -> (+0 ms) -> Source IP (1) -> (+0 ms) -> Source IP (1)
SEQ_PRO_0737,Processed_Network_dataset,12,2019-04-28T21:05:44Z,2019-04-28T21:05:46Z,2.0,TND_PRO_007077,TND_PRO_007093,Source IP (1) -> (+0 ms) -> Source IP (1) -> (+1.00 s) -> Source IP (1) -> (+0 ms) -> Source IP (1) -> (+0 ms) -> Source IP (1) -> (+0 ms) -> Source IP (1) -> (+0 ms) -> Source IP (1) -> (+0 ms) -> Source IP (1) -> (+1.00 s) -> Source IP (1) -> (+0 ms) -> Source IP (1) -> (+0 ms) -> Source IP (1) -> (+0 ms) -> Source IP (1)
SEQ_PRO_0738,Processed_Network_dataset,12,2019-04-28T21:05:46Z,2019-04-28T21:05:47Z,1.0,TND_PRO_007091,TND_PRO_007103,Source IP (1) -> (+0 ms) -> Source IP (1) -> (+0 ms) -> Source IP (1) -> (+0 ms) -> Source IP (1) -> (+1.00 s) -> Source IP (1) -> (+0 ms) -> Source IP (1) -> (+0 ms) -> Source IP (1) -> (+0 ms) -> Source IP (1) -> (+0 ms) -> Source IP (1) -> (+0 ms) -> Source IP (1) -> (+0 ms) -> Source IP (1) -> (+0 ms) -> Source IP (1)
SEQ_PRO_0739,Processed_Network_dataset,12,2019-04-28T21:05:47Z,2019-04-28T21:05:49Z,2.0,TND_PRO_007098,TND_PRO_007118,Source IP (1) -> (+1.00 s) -> Source IP (1) -> (+0 ms) -> Source IP (1) -> (+0 ms) -> Source IP (1) -> (+0 ms) -> Source IP (1) -> (+0 ms) -> Source IP (1) -> (+0 ms) -> Source IP (1) -> (+0 ms) -> Source IP (1) -> (+0 ms) -> Source IP (1) -> (+1.00 s) -> Source IP (1) -> (+0 ms) -> Source IP (1) -> (+0 ms) -> Source IP (1)
SEQ_PRO_0740,Processed_Network_dataset,12,2019-04-28T21:05:49Z,2019-04-28T21:05:50Z,1.0,TND_PRO_007117,TND_PRO_007125,Source IP (1) -> (+0 ms) -> Source IP (1) -> (+0 ms) -> Source IP (1) -> (+0 ms) -> Source IP (1) -> (+0 ms) -> Source IP (1) -> (+0 ms) -> Source IP (1) -> (+1.00 s) -> Source IP (1) -> (+0 ms) -> Source IP (1) -> (+0 ms) -> Source IP (1) -> (+0 ms) -> Source IP (1) -> (+0 ms) -> Source IP (1) -> (+0 ms) -> Source IP (1)
SEQ_PRO_0741,Processed_Network_dataset,12,2019-04-28T21:05:50Z,2019-04-28T21:05:53Z,3.0,TND_PRO_007123,TND_PRO_007139,Source IP (1) -> (+1.00 s) -> Source IP (1) -> (+0 ms) -> Source IP (1) -> (+0 ms) -> Source IP (1) -> (+1.00 s) -> Source IP (1) -> (+0 ms) -> Source IP (1) -> (+0 ms) -> Source IP (1) -> (+1.00 s) -> Source IP (1) -> (+0 ms) -> Source IP (1) -> (+0 ms) -> Source IP (1) -> (+0 ms) -> Source IP (1) -> (+0 ms) -> Source IP (1)
SEQ_PRO_0742,Processed_Network_dataset,12,2019-04-28T21:05:54Z,2019-04-28T21:05:55Z,1.0,TND_PRO_007143,TND_PRO_007151,Source IP (1) -> (+0 ms) -> Source IP (1) -> (+0 ms) -> Source IP (1) -> (+0 ms) -> Source IP (1) -> (+0 ms) -> Source IP (1) -> (+0 ms) -> Source IP (1) -> (+0 ms) -> Source IP (1) -> (+0 ms) -> Source IP (1) -> (+0 ms) -> Source IP (1) -> (+1.00 s) -> Source IP (1) -> (+0 ms) -> Source IP (1) -> (+0 ms) -> Source IP (1)
SEQ_PRO_0743,Processed_Network_dataset,12,2019-04-28T21:05:55Z,2019-04-28T21:05:56Z,1.0,TND_PRO_007150,TND_PRO_007166,Source IP (1) -> (+0 ms) -> Source IP (1) -> (+0 ms) -> Source IP (1) -> (+0 ms) -> Source IP (1) -> (+0 ms) -> Source IP (1) -> (+0 ms) -> Source IP (1) -> (+1.00 s) -> Source IP (0) -> (+0 ms) -> Source IP (1) -> (+0 ms) -> Source IP (1) -> (+0 ms) -> Source IP (0) -> (+0 ms) -> Source IP (1) -> (+0 ms) -> Source IP (1)
SEQ_PRO_0744,Processed_Network_dataset,12,2019-04-28T21:05:56Z,2019-04-28T21:05:57Z,1.0,TND_PRO_007167,TND_PRO_007179,Source IP (1) -> (+0 ms) -> Source IP (0) -> (+0 ms) -> Source IP (1) -> (+0 ms) -> Source IP (0) -> (+0 ms) -> Source IP (0) -> (+0 ms) -> Source IP (1) -> (+0 ms) -> Source IP (0) -> (+0 ms) -> Source IP (0) -> (+0 ms) -> Source IP (1) -> (+0 ms) -> Source IP (0) -> (+1.00 s) -> Source IP (1) -> (+0 ms) -> Source IP (1)
SEQ_PRO_0745,Processed_Network_dataset,12,2019-04-28T21:05:57Z,2019-04-28T21:05:58Z,1.0,TND_PRO_007181,TND_PRO_007184,Source IP (1) -> (+0 ms) -> Source IP (1) -> (+0 ms) -> Source IP (1) -> (+0 ms) -> Source IP (0) -> (+0 ms) -> Source IP (1) -> (+1.00 s) -> Source IP (1) -> (+0 ms) -> Source IP (1) -> (+0 ms) -> Source IP (1) -> (+0 ms) -> Source IP (0) -> (+0 ms) -> Source IP (1) -> (+0 ms) -> Source IP (0) -> (+0 ms) -> Source IP (1)
SEQ_PRO_0746,Processed_Network_dataset,12,2019-04-28T21:05:58Z,2019-04-28T21:06:00Z,2.0,TND_PRO_007189,TND_PRO_007198,Source IP (1) -> (+1.00 s) -> Source IP (1) -> (+0 ms) -> Source IP (1) -> (+0 ms) -> Source IP (1) -> (+0 ms) -> Source IP (1) -> (+0 ms) -> Source IP (0) -> (+0 ms) -> Source IP (1) -> (+0 ms) -> Source IP (1) -> (+0 ms) -> Source IP (0) -> (+1.00 s) -> Source IP (1) -> (+0 ms) -> Source IP (1) -> (+0 ms) -> Source IP (1)
SEQ_PRO_0747,Processed_Network_dataset,12,2019-04-28T21:06:00Z,2019-04-28T21:06:01Z,1.0,TND_PRO_007200,TND_PRO_007209,Source IP (1) -> (+0 ms) -> Source IP (1) -> (+0 ms) -> Source IP (1) -> (+0 ms) -> Source IP (0) -> (+0 ms) -> Source IP (1) -> (+1.00 s) -> Source IP (1) -> (+0 ms) -> Source IP (1) -> (+0 ms) -> Source IP (1) -> (+0 ms) -> Source IP (1) -> (+0 ms) -> Source IP (1) -> (+0 ms) -> Source IP (1) -> (+0 ms) -> Source IP (1)
SEQ_PRO_0748,Processed_Network_dataset,12,2019-04-28T21:06:01Z,2019-04-28T21:06:02Z,1.0,TND_PRO_007208,TND_PRO_007223,Source IP (1) -> (+0 ms) -> Source IP (1) -> (+1.00 s) -> Source IP (1) -> (+0 ms) -> Source IP (1) -> (+0 ms) -> Source IP (1) -> (+0 ms) -> Source IP (0) -> (+0 ms) -> Source IP (1) -> (+0 ms) -> Source IP (1) -> (+0 ms) -> Source IP (1) -> (+0 ms) -> Source IP (1) -> (+0 ms) -> Source IP (1) -> (+0 ms) -> Source IP (1)
SEQ_PRO_0749,Processed_Network_dataset,12,2019-04-28T21:06:03Z,2019-04-28T21:06:05Z,2.0,TND_PRO_007231,TND_PRO_007237,Source IP (1) -> (+0 ms) -> Source IP (1) -> (+0 ms) -> Source IP (1) -> (+0 ms) -> Source IP (1) -> (+0 ms) -> Source IP (1) -> (+0 ms) -> Source IP (1) -> (+0 ms) -> Source IP (1) -> (+1.00 s) -> Source IP (1) -> (+0 ms) -> Source IP (1) -> (+0 ms) -> Source IP (1) -> (+1.00 s) -> Source IP (1) -> (+0 ms) -> Source IP (1)
SEQ_PRO_0750,Processed_Network_dataset,12,2019-04-28T21:06:05Z,2019-04-28T21:06:07Z,2.0,TND_PRO_007236,TND_PRO_007248,Source IP (1) -> (+1.00 s) -> Source IP (1) -> (+0 ms) -> Source IP (1) -> (+0 ms) -> Source IP (1) -> (+0 ms) -> Source IP (1) -> (+0 ms) -> Source IP (1) -> (+1.00 s) -> Source IP (1) -> (+0 ms) -> Source IP (1) -> (+0 ms) -> Source IP (1) -> (+0 ms) -> Source IP (1) -> (+0 ms) -> Source IP (1) -> (+0 ms) -> Source IP (1)
SEQ_PRO_0751,Processed_Network_dataset,2,2019-04-28T21:06:07Z,2019-04-28T21:06:07Z,0.0,TND_PRO_007247,TND_PRO_007245,Source IP (1) -> (+0 ms) -> Source IP (1)
SEQ_PRO_0752,Processed_Windows_dataset,12,2019-04-02T06:12:46Z,2019-04-02T06:15:31Z,165.0,TND_PRO_009251,TND_PRO_009262,Process (0) -> (+15.00 s) -> Process (0) -> (+15.00 s) -> Process (0) -> (+15.00 s) -> Process (0) -> (+15.00 s) -> Process (0) -> (+15.00 s) -> Process (0) -> (+15.00 s) -> Process (0) -> (+15.00 s) -> Process (0) -> (+15.00 s) -> Process (0) -> (+15.00 s) -> Process (0) -> (+15.00 s) -> Process (0) -> (+15.00 s) -> Process (0)
SEQ_PRO_0753,Processed_Windows_dataset,12,2019-04-02T06:15:46Z,2019-04-02T06:18:31Z,165.0,TND_PRO_009263,TND_PRO_009274,Process (0) -> (+15.00 s) -> Process (0) -> (+15.00 s) -> Process (0) -> (+15.00 s) -> Process (0) -> (+15.00 s) -> Process (0) -> (+15.00 s) -> Process (0) -> (+15.00 s) -> Process (0) -> (+15.00 s) -> Process (0) -> (+15.00 s) -> Process (0) -> (+15.00 s) -> Process (0) -> (+15.00 s) -> Process (0) -> (+15.00 s) -> Process (0)
SEQ_PRO_0754,Processed_Windows_dataset,12,2019-04-02T06:18:46Z,2019-04-02T06:21:31Z,165.0,TND_PRO_009275,TND_PRO_009286,Process (0) -> (+15.00 s) -> Process (0) -> (+15.00 s) -> Process (0) -> (+15.00 s) -> Process (0) -> (+15.00 s) -> Process (0) -> (+15.00 s) -> Process (0) -> (+15.00 s) -> Process (0) -> (+15.00 s) -> Process (0) -> (+15.00 s) -> Process (0) -> (+15.00 s) -> Process (0) -> (+15.00 s) -> Process (0) -> (+15.00 s) -> Process (0)
SEQ_PRO_0755,Processed_Windows_dataset,12,2019-04-02T06:21:46Z,2019-04-02T06:24:31Z,165.0,TND_PRO_009287,TND_PRO_009298,Process (0) -> (+15.00 s) -> Process (0) -> (+15.00 s) -> Process (0) -> (+15.00 s) -> Process (0) -> (+15.00 s) -> Process (0) -> (+15.00 s) -> Process (0) -> (+15.00 s) -> Process (0) -> (+15.00 s) -> Process (0) -> (+15.00 s) -> Process (0) -> (+15.00 s) -> Process (0) -> (+15.00 s) -> Process (0) -> (+15.00 s) -> Process (0)
SEQ_PRO_0756,Processed_Windows_dataset,12,2019-04-02T06:24:46Z,2019-04-02T06:27:31Z,165.0,TND_PRO_009299,TND_PRO_009310,Process (0) -> (+15.00 s) -> Process (0) -> (+15.00 s) -> Process (0) -> (+15.00 s) -> Process (0) -> (+15.00 s) -> Process (0) -> (+15.00 s) -> Process (0) -> (+15.00 s) -> Process (0) -> (+15.00 s) -> Process (0) -> (+15.00 s) -> Process (0) -> (+15.00 s) -> Process (0) -> (+15.00 s) -> Process (0) -> (+15.00 s) -> Process (0)
SEQ_PRO_0757,Processed_Windows_dataset,12,2019-04-02T06:27:46Z,2019-04-02T06:30:31Z,165.0,TND_PRO_009311,TND_PRO_009322,Process (0) -> (+15.00 s) -> Process (0) -> (+15.00 s) -> Process (0) -> (+15.00 s) -> Process (0) -> (+15.00 s) -> Process (0) -> (+15.00 s) -> Process (0) -> (+15.00 s) -> Process (0) -> (+15.00 s) -> Process (0) -> (+15.00 s) -> Process (0) -> (+15.00 s) -> Process (0) -> (+15.00 s) -> Process (0) -> (+15.00 s) -> Process (0)
SEQ_PRO_0758,Processed_Windows_dataset,12,2019-04-02T06:30:46Z,2019-04-02T06:33:31Z,165.0,TND_PRO_009323,TND_PRO_009334,Process (0) -> (+15.00 s) -> Process (0) -> (+15.00 s) -> Process (0) -> (+15.00 s) -> Process (0) -> (+15.00 s) -> Process (0) -> (+15.00 s) -> Process (0) -> (+15.00 s) -> Process (0) -> (+15.00 s) -> Process (0) -> (+15.00 s) -> Process (0) -> (+15.00 s) -> Process (0) -> (+15.00 s) -> Process (0) -> (+15.00 s) -> Process (0)
SEQ_PRO_0759,Processed_Windows_dataset,12,2019-04-02T06:33:46Z,2019-04-02T06:36:31Z,165.0,TND_PRO_009335,TND_PRO_009346,Process (0) -> (+15.00 s) -> Process (0) -> (+15.00 s) -> Process (0) -> (+15.00 s) -> Process (0) -> (+15.00 s) -> Process (0) -> (+15.00 s) -> Process (0) -> (+15.00 s) -> Process (0) -> (+15.00 s) -> Process (0) -> (+15.00 s) -> Process (0) -> (+15.00 s) -> Process (0) -> (+15.00 s) -> Process (0) -> (+15.00 s) -> Process (0)
SEQ_PRO_0760,Processed_Windows_dataset,12,2019-04-02T06:36:46Z,2019-04-02T06:39:31Z,165.0,TND_PRO_009347,TND_PRO_009358,Process (0) -> (+15.00 s) -> Process (0) -> (+15.00 s) -> Process (0) -> (+15.00 s) -> Process (0) -> (+15.00 s) -> Process (0) -> (+15.00 s) -> Process (0) -> (+15.00 s) -> Process (0) -> (+15.00 s) -> Process (0) -> (+15.00 s) -> Process (0) -> (+15.00 s) -> Process (0) -> (+15.00 s) -> Process (0) -> (+15.00 s) -> Process (0)
SEQ_PRO_0761,Processed_Windows_dataset,12,2019-04-02T06:39:46Z,2019-04-02T06:42:31Z,165.0,TND_PRO_009359,TND_PRO_009370,Process (0) -> (+15.00 s) -> Process (0) -> (+15.00 s) -> Process (0) -> (+15.00 s) -> Process (0) -> (+15.00 s) -> Process (0) -> (+15.00 s) -> Process (0) -> (+15.00 s) -> Process (0) -> (+15.00 s) -> Process (0) -> (+15.00 s) -> Process (0) -> (+15.00 s) -> Process (0) -> (+15.00 s) -> Process (0) -> (+15.00 s) -> Process (0)
SEQ_PRO_0762,Processed_Windows_dataset,12,2019-04-02T06:42:46Z,2019-04-02T06:45:31Z,165.0,TND_PRO_009371,TND_PRO_009382,Process (0) -> (+15.00 s) -> Process (0) -> (+15.00 s) -> Process (0) -> (+15.00 s) -> Process (0) -> (+15.00 s) -> Process (0) -> (+15.00 s) -> Process (0) -> (+15.00 s) -> Process (0) -> (+15.00 s) -> Process (0) -> (+15.00 s) -> Process (0) -> (+15.00 s) -> Process (0) -> (+15.00 s) -> Process (0) -> (+15.00 s) -> Process (0)
SEQ_PRO_0763,Processed_Windows_dataset,12,2019-04-02T06:45:46Z,2019-04-02T06:48:31Z,165.0,TND_PRO_009383,TND_PRO_009394,Process (0) -> (+15.00 s) -> Process (0) -> (+15.00 s) -> Process (0) -> (+15.00 s) -> Process (0) -> (+15.00 s) -> Process (0) -> (+15.00 s) -> Process (0) -> (+15.00 s) -> Process (0) -> (+15.00 s) -> Process (0) -> (+15.00 s) -> Process (0) -> (+15.00 s) -> Process (0) -> (+15.00 s) -> Process (0) -> (+15.00 s) -> Process (0)
SEQ_PRO_0764,Processed_Windows_dataset,12,2019-04-02T06:48:46Z,2019-04-02T06:51:31Z,165.0,TND_PRO_009395,TND_PRO_009406,Process (0) -> (+15.00 s) -> Process (0) -> (+15.00 s) -> Process (0) -> (+15.00 s) -> Process (0) -> (+15.00 s) -> Process (0) -> (+15.00 s) -> Process (0) -> (+15.00 s) -> Process (0) -> (+15.00 s) -> Process (0) -> (+15.00 s) -> Process (0) -> (+15.00 s) -> Process (0) -> (+15.00 s) -> Process (0) -> (+15.00 s) -> Process (0)
SEQ_PRO_0765,Processed_Windows_dataset,12,2019-04-02T06:51:46Z,2019-04-02T06:54:31Z,165.0,TND_PRO_009407,TND_PRO_009418,Process (0) -> (+15.00 s) -> Process (0) -> (+15.00 s) -> Process (0) -> (+15.00 s) -> Process (0) -> (+15.00 s) -> Process (0) -> (+15.00 s) -> Process (0) -> (+15.00 s) -> Process (0) -> (+15.00 s) -> Process (0) -> (+15.00 s) -> Process (0) -> (+15.00 s) -> Process (0) -> (+15.00 s) -> Process (0) -> (+15.00 s) -> Process (0)
SEQ_PRO_0766,Processed_Windows_dataset,12,2019-04-02T06:54:46Z,2019-04-02T06:57:31Z,165.0,TND_PRO_009419,TND_PRO_009430,Process (0) -> (+15.00 s) -> Process (0) -> (+15.00 s) -> Process (0) -> (+15.00 s) -> Process (0) -> (+15.00 s) -> Process (0) -> (+15.00 s) -> Process (0) -> (+15.00 s) -> Process (0) -> (+15.00 s) -> Process (0) -> (+15.00 s) -> Process (0) -> (+15.00 s) -> Process (0) -> (+15.00 s) -> Process (0) -> (+15.00 s) -> Process (0)
SEQ_PRO_0767,Processed_Windows_dataset,12,2019-04-02T06:57:46Z,2019-04-02T07:00:31Z,165.0,TND_PRO_009431,TND_PRO_009442,Process (0) -> (+15.00 s) -> Process (0) -> (+15.00 s) -> Process (0) -> (+15.00 s) -> Process (0) -> (+15.00 s) -> Process (0) -> (+15.00 s) -> Process (0) -> (+15.00 s) -> Process (0) -> (+15.00 s) -> Process (0) -> (+15.00 s) -> Process (0) -> (+15.00 s) -> Process (0) -> (+15.00 s) -> Process (0) -> (+15.00 s) -> Process (0)
SEQ_PRO_0768,Processed_Windows_dataset,12,2019-04-02T07:00:46Z,2019-04-02T07:03:31Z,165.0,TND_PRO_009443,TND_PRO_009454,Process (0) -> (+15.00 s) -> Process (0) -> (+15.00 s) -> Process (0) -> (+15.00 s) -> Process (0) -> (+15.00 s) -> Process (0) -> (+15.00 s) -> Process (0) -> (+15.00 s) -> Process (0) -> (+15.00 s) -> Process (0) -> (+15.00 s) -> Process (0) -> (+15.00 s) -> Process (0) -> (+15.00 s) -> Process (0) -> (+15.00 s) -> Process (0)
SEQ_PRO_0769,Processed_Windows_dataset,12,2019-04-02T07:03:46Z,2019-04-02T07:06:31Z,165.0,TND_PRO_009455,TND_PRO_009466,Process (0) -> (+15.00 s) -> Process (0) -> (+15.00 s) -> Process (0) -> (+15.00 s) -> Process (0) -> (+15.00 s) -> Process (0) -> (+15.00 s) -> Process (0) -> (+15.00 s) -> Process (0) -> (+15.00 s) -> Process (0) -> (+15.00 s) -> Process (0) -> (+15.00 s) -> Process (0) -> (+15.00 s) -> Process (0) -> (+15.00 s) -> Process (0)
SEQ_PRO_0770,Processed_Windows_dataset,12,2019-04-02T07:06:46Z,2019-04-02T07:09:31Z,165.0,TND_PRO_009467,TND_PRO_009478,Process (0) -> (+15.00 s) -> Process (0) -> (+15.00 s) -> Process (0) -> (+15.00 s) -> Process (0) -> (+15.00 s) -> Process (0) -> (+15.00 s) -> Process (0) -> (+15.00 s) -> Process (0) -> (+15.00 s) -> Process (0) -> (+15.00 s) -> Process (0) -> (+15.00 s) -> Process (0) -> (+15.00 s) -> Process (0) -> (+15.00 s) -> Process (0)
SEQ_PRO_0771,Processed_Windows_dataset,12,2019-04-02T07:09:46Z,2019-04-02T07:12:31Z,165.0,TND_PRO_009479,TND_PRO_009490,Process (0) -> (+15.00 s) -> Process (0) -> (+15.00 s) -> Process (0) -> (+15.00 s) -> Process (0) -> (+15.00 s) -> Process (0) -> (+15.00 s) -> Process (0) -> (+15.00 s) -> Process (0) -> (+15.00 s) -> Process (0) -> (+15.00 s) -> Process (0) -> (+15.00 s) -> Process (0) -> (+15.00 s) -> Process (0) -> (+15.00 s) -> Process (0)
SEQ_PRO_0772,Processed_Windows_dataset,12,2019-04-02T07:12:46Z,2019-04-02T11:58:39Z,17153.0,TND_PRO_009491,TND_PRO_009002,Process (0) -> (+15.00 s) -> Process (0) -> (+15.00 s) -> Process (0) -> (+15.00 s) -> Process (0) -> (+15.00 s) -> Process (0) -> (+15.00 s) -> Process (0) -> (+15.00 s) -> Process (0) -> (+15.00 s) -> Process (0) -> (+15.00 s) -> Process (0) -> (+15.00 s) -> Process (0) -> (+283.5 min) -> Process (0) -> (+10.00 s) -> Process (0)
SEQ_PRO_0773,Processed_Windows_dataset,12,2019-04-02T11:58:49Z,2019-04-02T12:00:39Z,110.0,TND_PRO_009003,TND_PRO_009014,Process (0) -> (+10.00 s) -> Process (0) -> (+10.00 s) -> Process (0) -> (+10.00 s) -> Process (0) -> (+10.00 s) -> Process (0) -> (+10.00 s) -> Process (0) -> (+10.00 s) -> Process (0) -> (+10.00 s) -> Process (0) -> (+10.00 s) -> Process (0) -> (+10.00 s) -> Process (0) -> (+10.00 s) -> Process (0) -> (+10.00 s) -> Process (0)
SEQ_PRO_0774,Processed_Windows_dataset,12,2019-04-02T12:00:49Z,2019-04-02T12:02:39Z,110.0,TND_PRO_009015,TND_PRO_009026,Process (0) -> (+10.00 s) -> Process (0) -> (+10.00 s) -> Process (0) -> (+10.00 s) -> Process (0) -> (+10.00 s) -> Process (0) -> (+10.00 s) -> Process (0) -> (+10.00 s) -> Process (0) -> (+10.00 s) -> Process (0) -> (+10.00 s) -> Process (0) -> (+10.00 s) -> Process (0) -> (+10.00 s) -> Process (0) -> (+10.00 s) -> Process (0)
SEQ_PRO_0775,Processed_Windows_dataset,12,2019-04-02T12:02:49Z,2019-04-02T12:04:39Z,110.0,TND_PRO_009027,TND_PRO_009038,Process (0) -> (+10.00 s) -> Process (0) -> (+10.00 s) -> Process (0) -> (+10.00 s) -> Process (0) -> (+10.00 s) -> Process (0) -> (+10.00 s) -> Process (0) -> (+10.00 s) -> Process (0) -> (+10.00 s) -> Process (0) -> (+10.00 s) -> Process (0) -> (+10.00 s) -> Process (0) -> (+10.00 s) -> Process (0) -> (+10.00 s) -> Process (0)
SEQ_PRO_0776,Processed_Windows_dataset,12,2019-04-02T12:04:49Z,2019-04-02T12:06:39Z,110.0,TND_PRO_009039,TND_PRO_009050,Process (0) -> (+10.00 s) -> Process (0) -> (+10.00 s) -> Process (0) -> (+10.00 s) -> Process (0) -> (+10.00 s) -> Process (0) -> (+10.00 s) -> Process (0) -> (+10.00 s) -> Process (0) -> (+10.00 s) -> Process (0) -> (+10.00 s) -> Process (0) -> (+10.00 s) -> Process (0) -> (+10.00 s) -> Process (0) -> (+10.00 s) -> Process (0)
SEQ_PRO_0777,Processed_Windows_dataset,12,2019-04-02T12:06:49Z,2019-04-02T12:08:39Z,110.0,TND_PRO_009051,TND_PRO_009062,Process (0) -> (+10.00 s) -> Process (0) -> (+10.00 s) -> Process (0) -> (+10.00 s) -> Process (0) -> (+10.00 s) -> Process (0) -> (+10.00 s) -> Process (0) -> (+10.00 s) -> Process (0) -> (+10.00 s) -> Process (0) -> (+10.00 s) -> Process (0) -> (+10.00 s) -> Process (0) -> (+10.00 s) -> Process (0) -> (+10.00 s) -> Process (0)
SEQ_PRO_0778,Processed_Windows_dataset,12,2019-04-02T12:08:49Z,2019-04-02T12:10:39Z,110.0,TND_PRO_009063,TND_PRO_009074,Process (0) -> (+10.00 s) -> Process (0) -> (+10.00 s) -> Process (0) -> (+10.00 s) -> Process (0) -> (+10.00 s) -> Process (0) -> (+10.00 s) -> Process (0) -> (+10.00 s) -> Process (0) -> (+10.00 s) -> Process (0) -> (+10.00 s) -> Process (0) -> (+10.00 s) -> Process (0) -> (+10.00 s) -> Process (0) -> (+10.00 s) -> Process (0)
SEQ_PRO_0779,Processed_Windows_dataset,12,2019-04-02T12:10:49Z,2019-04-02T12:12:39Z,110.0,TND_PRO_009075,TND_PRO_009086,Process (0) -> (+10.00 s) -> Process (0) -> (+10.00 s) -> Process (0) -> (+10.00 s) -> Process (0) -> (+10.00 s) -> Process (0) -> (+10.00 s) -> Process (0) -> (+10.00 s) -> Process (0) -> (+10.00 s) -> Process (0) -> (+10.00 s) -> Process (0) -> (+10.00 s) -> Process (0) -> (+10.00 s) -> Process (0) -> (+10.00 s) -> Process (0)
SEQ_PRO_0780,Processed_Windows_dataset,12,2019-04-02T12:12:49Z,2019-04-02T12:14:39Z,110.0,TND_PRO_009087,TND_PRO_009098,Process (0) -> (+10.00 s) -> Process (0) -> (+10.00 s) -> Process (0) -> (+10.00 s) -> Process (0) -> (+10.00 s) -> Process (0) -> (+10.00 s) -> Process (0) -> (+10.00 s) -> Process (0) -> (+10.00 s) -> Process (0) -> (+10.00 s) -> Process (0) -> (+10.00 s) -> Process (0) -> (+10.00 s) -> Process (0) -> (+10.00 s) -> Process (0)
SEQ_PRO_0781,Processed_Windows_dataset,12,2019-04-02T12:14:49Z,2019-04-02T12:16:39Z,110.0,TND_PRO_009099,TND_PRO_009110,Process (0) -> (+10.00 s) -> Process (0) -> (+10.00 s) -> Process (0) -> (+10.00 s) -> Process (0) -> (+10.00 s) -> Process (0) -> (+10.00 s) -> Process (0) -> (+10.00 s) -> Process (0) -> (+10.00 s) -> Process (0) -> (+10.00 s) -> Process (0) -> (+10.00 s) -> Process (0) -> (+10.00 s) -> Process (0) -> (+10.00 s) -> Process (0)
SEQ_PRO_0782,Processed_Windows_dataset,12,2019-04-02T12:16:49Z,2019-04-02T12:18:39Z,110.0,TND_PRO_009111,TND_PRO_009122,Process (0) -> (+10.00 s) -> Process (0) -> (+10.00 s) -> Process (0) -> (+10.00 s) -> Process (0) -> (+10.00 s) -> Process (0) -> (+10.00 s) -> Process (0) -> (+10.00 s) -> Process (0) -> (+10.00 s) -> Process (0) -> (+10.00 s) -> Process (0) -> (+10.00 s) -> Process (0) -> (+10.00 s) -> Process (0) -> (+10.00 s) -> Process (0)
SEQ_PRO_0783,Processed_Windows_dataset,12,2019-04-02T12:18:49Z,2019-04-02T12:20:39Z,110.0,TND_PRO_009123,TND_PRO_009134,Process (0) -> (+10.00 s) -> Process (0) -> (+10.00 s) -> Process (0) -> (+10.00 s) -> Process (0) -> (+10.00 s) -> Process (0) -> (+10.00 s) -> Process (0) -> (+10.00 s) -> Process (0) -> (+10.00 s) -> Process (0) -> (+10.00 s) -> Process (0) -> (+10.00 s) -> Process (0) -> (+10.00 s) -> Process (0) -> (+10.00 s) -> Process (0)
SEQ_PRO_0784,Processed_Windows_dataset,12,2019-04-02T12:20:49Z,2019-04-02T12:22:39Z,110.0,TND_PRO_009135,TND_PRO_009146,Process (0) -> (+10.00 s) -> Process (0) -> (+10.00 s) -> Process (0) -> (+10.00 s) -> Process (0) -> (+10.00 s) -> Process (0) -> (+10.00 s) -> Process (0) -> (+10.00 s) -> Process (0) -> (+10.00 s) -> Process (0) -> (+10.00 s) -> Process (0) -> (+10.00 s) -> Process (0) -> (+10.00 s) -> Process (0) -> (+10.00 s) -> Process (0)
SEQ_PRO_0785,Processed_Windows_dataset,12,2019-04-02T12:22:49Z,2019-04-02T12:24:39Z,110.0,TND_PRO_009147,TND_PRO_009158,Process (0) -> (+10.00 s) -> Process (0) -> (+10.00 s) -> Process (0) -> (+10.00 s) -> Process (0) -> (+10.00 s) -> Process (0) -> (+10.00 s) -> Process (0) -> (+10.00 s) -> Process (0) -> (+10.00 s) -> Process (0) -> (+10.00 s) -> Process (0) -> (+10.00 s) -> Process (0) -> (+10.00 s) -> Process (0) -> (+10.00 s) -> Process (0)
SEQ_PRO_0786,Processed_Windows_dataset,12,2019-04-02T12:24:49Z,2019-04-02T12:26:39Z,110.0,TND_PRO_009159,TND_PRO_009170,Process (0) -> (+10.00 s) -> Process (0) -> (+10.00 s) -> Process (0) -> (+10.00 s) -> Process (0) -> (+10.00 s) -> Process (0) -> (+10.00 s) -> Process (0) -> (+10.00 s) -> Process (0) -> (+10.00 s) -> Process (0) -> (+10.00 s) -> Process (0) -> (+10.00 s) -> Process (0) -> (+10.00 s) -> Process (0) -> (+10.00 s) -> Process (0)
SEQ_PRO_0787,Processed_Windows_dataset,12,2019-04-02T12:26:49Z,2019-04-02T12:28:39Z,110.0,TND_PRO_009171,TND_PRO_009182,Process (0) -> (+10.00 s) -> Process (0) -> (+10.00 s) -> Process (0) -> (+10.00 s) -> Process (0) -> (+10.00 s) -> Process (0) -> (+10.00 s) -> Process (0) -> (+10.00 s) -> Process (0) -> (+10.00 s) -> Process (0) -> (+10.00 s) -> Process (0) -> (+10.00 s) -> Process (0) -> (+10.00 s) -> Process (0) -> (+10.00 s) -> Process (0)
SEQ_PRO_0788,Processed_Windows_dataset,12,2019-04-02T12:28:49Z,2019-04-02T12:30:39Z,110.0,TND_PRO_009183,TND_PRO_009194,Process (0) -> (+10.00 s) -> Process (0) -> (+10.00 s) -> Process (0) -> (+10.00 s) -> Process (0) -> (+10.00 s) -> Process (0) -> (+10.00 s) -> Process (0) -> (+10.00 s) -> Process (0) -> (+10.00 s) -> Process (0) -> (+10.00 s) -> Process (0) -> (+10.00 s) -> Process (0) -> (+10.00 s) -> Process (0) -> (+10.00 s) -> Process (0)
SEQ_PRO_0789,Processed_Windows_dataset,12,2019-04-02T12:30:49Z,2019-04-02T12:32:39Z,110.0,TND_PRO_009195,TND_PRO_009206,Process (0) -> (+10.00 s) -> Process (0) -> (+10.00 s) -> Process (0) -> (+10.00 s) -> Process (0) -> (+10.00 s) -> Process (0) -> (+10.00 s) -> Process (0) -> (+10.00 s) -> Process (0) -> (+10.00 s) -> Process (0) -> (+10.00 s) -> Process (0) -> (+10.00 s) -> Process (0) -> (+10.00 s) -> Process (0) -> (+10.00 s) -> Process (0)
SEQ_PRO_0790,Processed_Windows_dataset,12,2019-04-02T12:32:49Z,2019-04-02T12:34:39Z,110.0,TND_PRO_009207,TND_PRO_009218,Process (0) -> (+10.00 s) -> Process (0) -> (+10.00 s) -> Process (0) -> (+10.00 s) -> Process (0) -> (+10.00 s) -> Process (0) -> (+10.00 s) -> Process (0) -> (+10.00 s) -> Process (0) -> (+10.00 s) -> Process (0) -> (+10.00 s) -> Process (0) -> (+10.00 s) -> Process (0) -> (+10.00 s) -> Process (0) -> (+10.00 s) -> Process (0)
SEQ_PRO_0791,Processed_Windows_dataset,12,2019-04-02T12:34:49Z,2019-04-02T12:36:39Z,110.0,TND_PRO_009219,TND_PRO_009230,Process (0) -> (+10.00 s) -> Process (0) -> (+10.00 s) -> Process (0) -> (+10.00 s) -> Process (0) -> (+10.00 s) -> Process (0) -> (+10.00 s) -> Process (0) -> (+10.00 s) -> Process (0) -> (+10.00 s) -> Process (0) -> (+10.00 s) -> Process (0) -> (+10.00 s) -> Process (0) -> (+10.00 s) -> Process (0) -> (+10.00 s) -> Process (0)
SEQ_PRO_0792,Processed_Windows_dataset,12,2019-04-02T12:36:49Z,2019-04-02T12:38:39Z,110.0,TND_PRO_009231,TND_PRO_009242,Process (0) -> (+10.00 s) -> Process (0) -> (+10.00 s) -> Process (0) -> (+10.00 s) -> Process (0) -> (+10.00 s) -> Process (0) -> (+10.00 s) -> Process (0) -> (+10.00 s) -> Process (0) -> (+10.00 s) -> Process (0) -> (+10.00 s) -> Process (0) -> (+10.00 s) -> Process (0) -> (+10.00 s) -> Process (0) -> (+10.00 s) -> Process (0)
SEQ_PRO_0793,Processed_Windows_dataset,8,2019-04-02T12:38:49Z,2019-04-02T12:39:59Z,70.0,TND_PRO_009243,TND_PRO_009250,Process (0) -> (+10.00 s) -> Process (0) -> (+10.00 s) -> Process (0) -> (+10.00 s) -> Process (0) -> (+10.00 s) -> Process (0) -> (+10.00 s) -> Process (0) -> (+10.00 s) -> Process (0) -> (+10.00 s) -> Process (0)
