Original Column,Source Dataset,Source File,Data Type,Baseline Role,Stage 02 Role,Provenance Status,Recovery Rationale
date,Processed_IoT_dataset,IoT_Fridge.csv,str,Metadata Attribute,Metadata Attribute,OBSERVED,Maintained from Baseline V1 mapping
time,Processed_IoT_dataset,IoT_Fridge.csv,str,Metadata Attribute,Metadata Attribute,OBSERVED,Maintained from Baseline V1 mapping
fridge_temperature,Processed_IoT_dataset,IoT_Fridge.csv,float64,Graph Attribute,Graph Attribute,OBSERVED,Maintained from Baseline V1 mapping
temp_condition,Processed_IoT_dataset,IoT_Fridge.csv,str,Ignored Attribute,Graph Node Property,OBSERVED,"Recovered as telemetry system resource / sensor metric for host, process, or device node"
label,Processed_IoT_dataset,IoT_Fridge.csv,int64,Graph Entity,Graph Entity,OBSERVED,Maintained from Baseline V1 mapping
type,Processed_IoT_dataset,IoT_Fridge.csv,str,Graph Entity,Graph Entity,OBSERVED,Maintained from Baseline V1 mapping
date,Processed_IoT_dataset,IoT_Garage_Door.csv,str,Metadata Attribute,Metadata Attribute,OBSERVED,Maintained from Baseline V1 mapping
time,Processed_IoT_dataset,IoT_Garage_Door.csv,str,Metadata Attribute,Metadata Attribute,OBSERVED,Maintained from Baseline V1 mapping
door_state,Processed_IoT_dataset,IoT_Garage_Door.csv,str,Graph Entity,Graph Entity,OBSERVED,Maintained from Baseline V1 mapping
sphone_signal,Processed_IoT_dataset,IoT_Garage_Door.csv,str,Ignored Attribute,Graph Node Property,OBSERVED,"Recovered as telemetry system resource / sensor metric for host, process, or device node"
label,Processed_IoT_dataset,IoT_Garage_Door.csv,int64,Graph Entity,Graph Entity,OBSERVED,Maintained from Baseline V1 mapping
type,Processed_IoT_dataset,IoT_Garage_Door.csv,str,Graph Entity,Graph Entity,OBSERVED,Maintained from Baseline V1 mapping
date,Processed_IoT_dataset,IoT_GPS_Tracker.csv,str,Metadata Attribute,Metadata Attribute,OBSERVED,Maintained from Baseline V1 mapping
time,Processed_IoT_dataset,IoT_GPS_Tracker.csv,str,Metadata Attribute,Metadata Attribute,OBSERVED,Maintained from Baseline V1 mapping
latitude,Processed_IoT_dataset,IoT_GPS_Tracker.csv,float64,Ignored Attribute,Graph Node Property,OBSERVED,"Recovered as telemetry system resource / sensor metric for host, process, or device node"
longitude,Processed_IoT_dataset,IoT_GPS_Tracker.csv,float64,Ignored Attribute,Graph Node Property,OBSERVED,"Recovered as telemetry system resource / sensor metric for host, process, or device node"
label,Processed_IoT_dataset,IoT_GPS_Tracker.csv,int64,Graph Entity,Graph Entity,OBSERVED,Maintained from Baseline V1 mapping
type,Processed_IoT_dataset,IoT_GPS_Tracker.csv,str,Graph Entity,Graph Entity,OBSERVED,Maintained from Baseline V1 mapping
date,Processed_IoT_dataset,IoT_Modbus.csv,str,Metadata Attribute,Metadata Attribute,OBSERVED,Maintained from Baseline V1 mapping
time,Processed_IoT_dataset,IoT_Modbus.csv,str,Metadata Attribute,Metadata Attribute,OBSERVED,Maintained from Baseline V1 mapping
FC1_Read_Input_Register,Processed_IoT_dataset,IoT_Modbus.csv,int64,Graph Attribute,Graph Attribute,OBSERVED,Maintained from Baseline V1 mapping
FC2_Read_Discrete_Value,Processed_IoT_dataset,IoT_Modbus.csv,int64,Graph Attribute,Graph Attribute,OBSERVED,Maintained from Baseline V1 mapping
FC3_Read_Holding_Register,Processed_IoT_dataset,IoT_Modbus.csv,int64,Graph Attribute,Graph Attribute,OBSERVED,Maintained from Baseline V1 mapping
FC4_Read_Coil,Processed_IoT_dataset,IoT_Modbus.csv,int64,Graph Attribute,Graph Attribute,OBSERVED,Maintained from Baseline V1 mapping
label,Processed_IoT_dataset,IoT_Modbus.csv,int64,Graph Entity,Graph Entity,OBSERVED,Maintained from Baseline V1 mapping
type,Processed_IoT_dataset,IoT_Modbus.csv,str,Graph Entity,Graph Entity,OBSERVED,Maintained from Baseline V1 mapping
date,Processed_IoT_dataset,IoT_Motion_Light.csv,str,Metadata Attribute,Metadata Attribute,OBSERVED,Maintained from Baseline V1 mapping
time,Processed_IoT_dataset,IoT_Motion_Light.csv,str,Metadata Attribute,Metadata Attribute,OBSERVED,Maintained from Baseline V1 mapping
motion_status,Processed_IoT_dataset,IoT_Motion_Light.csv,int64,Relationship Attribute,Relationship Attribute,OBSERVED,Maintained from Baseline V1 mapping
light_status,Processed_IoT_dataset,IoT_Motion_Light.csv,str,Graph Entity,Graph Entity,OBSERVED,Maintained from Baseline V1 mapping
label,Processed_IoT_dataset,IoT_Motion_Light.csv,int64,Graph Entity,Graph Entity,OBSERVED,Maintained from Baseline V1 mapping
type,Processed_IoT_dataset,IoT_Motion_Light.csv,str,Graph Entity,Graph Entity,OBSERVED,Maintained from Baseline V1 mapping
date,Processed_IoT_dataset,IoT_Thermostat.csv,str,Metadata Attribute,Metadata Attribute,OBSERVED,Maintained from Baseline V1 mapping
time,Processed_IoT_dataset,IoT_Thermostat.csv,str,Metadata Attribute,Metadata Attribute,OBSERVED,Maintained from Baseline V1 mapping
current_temperature,Processed_IoT_dataset,IoT_Thermostat.csv,float64,Graph Attribute,Graph Attribute,OBSERVED,Maintained from Baseline V1 mapping
thermostat_status,Processed_IoT_dataset,IoT_Thermostat.csv,int64,Graph Entity,Graph Entity,OBSERVED,Maintained from Baseline V1 mapping
label,Processed_IoT_dataset,IoT_Thermostat.csv,int64,Graph Entity,Graph Entity,OBSERVED,Maintained from Baseline V1 mapping
type,Processed_IoT_dataset,IoT_Thermostat.csv,str,Graph Entity,Graph Entity,OBSERVED,Maintained from Baseline V1 mapping
date,Processed_IoT_dataset,IoT_Weather.csv,str,Metadata Attribute,Metadata Attribute,OBSERVED,Maintained from Baseline V1 mapping
time,Processed_IoT_dataset,IoT_Weather.csv,str,Metadata Attribute,Metadata Attribute,OBSERVED,Maintained from Baseline V1 mapping
temperature,Processed_IoT_dataset,IoT_Weather.csv,float64,Graph Attribute,Graph Attribute,OBSERVED,Maintained from Baseline V1 mapping
pressure,Processed_IoT_dataset,IoT_Weather.csv,float64,Graph Attribute,Graph Attribute,OBSERVED,Maintained from Baseline V1 mapping
humidity,Processed_IoT_dataset,IoT_Weather.csv,float64,Graph Attribute,Graph Attribute,OBSERVED,Maintained from Baseline V1 mapping
label,Processed_IoT_dataset,IoT_Weather.csv,int64,Graph Entity,Graph Entity,OBSERVED,Maintained from Baseline V1 mapping
type,Processed_IoT_dataset,IoT_Weather.csv,str,Graph Entity,Graph Entity,OBSERVED,Maintained from Baseline V1 mapping
ts,Processed_Linux_dataset,linux_disk_1.csv,int64,Metadata Attribute,Metadata Attribute,OBSERVED,Maintained from Baseline V1 mapping
PID,Processed_Linux_dataset,linux_disk_1.csv,int64,Graph Entity,Graph Entity,OBSERVED,Maintained from Baseline V1 mapping
RDDSK,Processed_Linux_dataset,linux_disk_1.csv,float64,Ignored Attribute,Graph Node Property,OBSERVED,"Recovered as telemetry system resource / sensor metric for host, process, or device node"
WRDSK,Processed_Linux_dataset,linux_disk_1.csv,int64,Ignored Attribute,Graph Node Property,OBSERVED,"Recovered as telemetry system resource / sensor metric for host, process, or device node"
WCANCL,Processed_Linux_dataset,linux_disk_1.csv,int64,Ignored Attribute,Graph Node Property,OBSERVED,"Recovered as telemetry system resource / sensor metric for host, process, or device node"
DSK,Processed_Linux_dataset,linux_disk_1.csv,float64,Ignored Attribute,Graph Node Property,OBSERVED,Recovered as numerical telemetry performance metric
CMD,Processed_Linux_dataset,linux_disk_1.csv,str,Graph Entity,Graph Entity,OBSERVED,Maintained from Baseline V1 mapping
label,Processed_Linux_dataset,linux_disk_1.csv,int64,Graph Entity,Graph Entity,OBSERVED,Maintained from Baseline V1 mapping
type,Processed_Linux_dataset,linux_disk_1.csv,str,Graph Entity,Graph Entity,OBSERVED,Maintained from Baseline V1 mapping
ts,Processed_Linux_dataset,linux_disk_2.csv,int64,Metadata Attribute,Metadata Attribute,OBSERVED,Maintained from Baseline V1 mapping
PID,Processed_Linux_dataset,linux_disk_2.csv,int64,Graph Entity,Graph Entity,OBSERVED,Maintained from Baseline V1 mapping
RDDSK,Processed_Linux_dataset,linux_disk_2.csv,int64,Ignored Attribute,Truly Ignored,OBSERVED,Constant or single-value uninformative attribute across file rows
WRDSK,Processed_Linux_dataset,linux_disk_2.csv,int64,Ignored Attribute,Graph Node Property,OBSERVED,"Recovered as telemetry system resource / sensor metric for host, process, or device node"
WCANCL,Processed_Linux_dataset,linux_disk_2.csv,int64,Ignored Attribute,Truly Ignored,OBSERVED,Constant or single-value uninformative attribute across file rows
DSK,Processed_Linux_dataset,linux_disk_2.csv,float64,Ignored Attribute,Graph Node Property,OBSERVED,Recovered as numerical telemetry performance metric
CMD,Processed_Linux_dataset,linux_disk_2.csv,str,Graph Entity,Graph Entity,OBSERVED,Maintained from Baseline V1 mapping
label,Processed_Linux_dataset,linux_disk_2.csv,int64,Graph Entity,Graph Entity,OBSERVED,Maintained from Baseline V1 mapping
type,Processed_Linux_dataset,linux_disk_2.csv,str,Graph Entity,Graph Entity,OBSERVED,Maintained from Baseline V1 mapping
ts,Processed_Linux_dataset,linux_memory1.csv,int64,Metadata Attribute,Metadata Attribute,OBSERVED,Maintained from Baseline V1 mapping
PID,Processed_Linux_dataset,linux_memory1.csv,int64,Graph Entity,Graph Entity,OBSERVED,Maintained from Baseline V1 mapping
MINFLT,Processed_Linux_dataset,linux_memory1.csv,int64,Ignored Attribute,Graph Node Property,OBSERVED,"Recovered as telemetry system resource / sensor metric for host, process, or device node"
MAJFLT,Processed_Linux_dataset,linux_memory1.csv,int64,Ignored Attribute,Graph Node Property,OBSERVED,"Recovered as telemetry system resource / sensor metric for host, process, or device node"
VSTEXT,Processed_Linux_dataset,linux_memory1.csv,int64,Ignored Attribute,Graph Node Property,OBSERVED,"Recovered as telemetry system resource / sensor metric for host, process, or device node"
VSIZE,Processed_Linux_dataset,linux_memory1.csv,float64,Ignored Attribute,Graph Node Property,OBSERVED,"Recovered as telemetry system resource / sensor metric for host, process, or device node"
RSIZE,Processed_Linux_dataset,linux_memory1.csv,float64,Ignored Attribute,Graph Node Property,OBSERVED,"Recovered as telemetry system resource / sensor metric for host, process, or device node"
VGROW,Processed_Linux_dataset,linux_memory1.csv,float64,Ignored Attribute,Graph Node Property,OBSERVED,"Recovered as telemetry system resource / sensor metric for host, process, or device node"
RGROW,Processed_Linux_dataset,linux_memory1.csv,float64,Ignored Attribute,Graph Node Property,OBSERVED,"Recovered as telemetry system resource / sensor metric for host, process, or device node"
MEM,Processed_Linux_dataset,linux_memory1.csv,float64,Ignored Attribute,Graph Node Property,OBSERVED,"Recovered as telemetry system resource / sensor metric for host, process, or device node"
CMD,Processed_Linux_dataset,linux_memory1.csv,str,Graph Entity,Graph Entity,OBSERVED,Maintained from Baseline V1 mapping
label,Processed_Linux_dataset,linux_memory1.csv,int64,Graph Entity,Graph Entity,OBSERVED,Maintained from Baseline V1 mapping
type,Processed_Linux_dataset,linux_memory1.csv,str,Graph Entity,Graph Entity,OBSERVED,Maintained from Baseline V1 mapping
ts,Processed_Linux_dataset,linux_memory2.csv,int64,Metadata Attribute,Metadata Attribute,OBSERVED,Maintained from Baseline V1 mapping
PID,Processed_Linux_dataset,linux_memory2.csv,int64,Graph Entity,Graph Entity,OBSERVED,Maintained from Baseline V1 mapping
MINFLT,Processed_Linux_dataset,linux_memory2.csv,int64,Ignored Attribute,Graph Node Property,OBSERVED,"Recovered as telemetry system resource / sensor metric for host, process, or device node"
MAJFLT,Processed_Linux_dataset,linux_memory2.csv,int64,Ignored Attribute,Truly Ignored,OBSERVED,Constant or single-value uninformative attribute across file rows
VSTEXT,Processed_Linux_dataset,linux_memory2.csv,int64,Ignored Attribute,Graph Node Property,OBSERVED,"Recovered as telemetry system resource / sensor metric for host, process, or device node"
VSIZE,Processed_Linux_dataset,linux_memory2.csv,float64,Ignored Attribute,Graph Node Property,OBSERVED,"Recovered as telemetry system resource / sensor metric for host, process, or device node"
RSIZE,Processed_Linux_dataset,linux_memory2.csv,float64,Ignored Attribute,Graph Node Property,OBSERVED,"Recovered as telemetry system resource / sensor metric for host, process, or device node"
VGROW,Processed_Linux_dataset,linux_memory2.csv,int64,Ignored Attribute,Graph Node Property,OBSERVED,"Recovered as telemetry system resource / sensor metric for host, process, or device node"
RGROW,Processed_Linux_dataset,linux_memory2.csv,int64,Ignored Attribute,Graph Node Property,OBSERVED,"Recovered as telemetry system resource / sensor metric for host, process, or device node"
MEM,Processed_Linux_dataset,linux_memory2.csv,float64,Ignored Attribute,Graph Node Property,OBSERVED,"Recovered as telemetry system resource / sensor metric for host, process, or device node"
CMD,Processed_Linux_dataset,linux_memory2.csv,str,Graph Entity,Graph Entity,OBSERVED,Maintained from Baseline V1 mapping
label,Processed_Linux_dataset,linux_memory2.csv,int64,Graph Entity,Graph Entity,OBSERVED,Maintained from Baseline V1 mapping
type,Processed_Linux_dataset,linux_memory2.csv,str,Graph Entity,Graph Entity,OBSERVED,Maintained from Baseline V1 mapping
ts,Processed_Linux_dataset,Linux_process_1.csv,int64,Metadata Attribute,Metadata Attribute,OBSERVED,Maintained from Baseline V1 mapping
PID,Processed_Linux_dataset,Linux_process_1.csv,int64,Graph Entity,Graph Entity,OBSERVED,Maintained from Baseline V1 mapping
TRUN,Processed_Linux_dataset,Linux_process_1.csv,int64,Ignored Attribute,Graph Node Property,OBSERVED,Recovered as numerical telemetry performance metric
TSLPI,Processed_Linux_dataset,Linux_process_1.csv,int64,Metadata Attribute,Metadata Attribute,OBSERVED,Maintained from Baseline V1 mapping
TSLPU,Processed_Linux_dataset,Linux_process_1.csv,int64,Metadata Attribute,Metadata Attribute,OBSERVED,Maintained from Baseline V1 mapping
POLI,Processed_Linux_dataset,Linux_process_1.csv,str,Ignored Attribute,Context Attribute,OBSERVED,Recovered as operational contextual attribute
NICE,Processed_Linux_dataset,Linux_process_1.csv,int64,Ignored Attribute,Graph Node Property,OBSERVED,Recovered as numerical telemetry performance metric
PRI,Processed_Linux_dataset,Linux_process_1.csv,int64,Ignored Attribute,Graph Node Property,OBSERVED,Recovered as numerical telemetry performance metric
RTPR,Processed_Linux_dataset,Linux_process_1.csv,int64,Ignored Attribute,Truly Ignored,OBSERVED,Constant or single-value uninformative attribute across file rows
CPUNR,Processed_Linux_dataset,Linux_process_1.csv,int64,Graph Attribute,Graph Attribute,OBSERVED,Maintained from Baseline V1 mapping
Status,Processed_Linux_dataset,Linux_process_1.csv,str,Relationship Attribute,Relationship Attribute,OBSERVED,Maintained from Baseline V1 mapping
EXC,Processed_Linux_dataset,Linux_process_1.csv,int64,Ignored Attribute,Graph Node Property,OBSERVED,Recovered as numerical telemetry performance metric
State,Processed_Linux_dataset,Linux_process_1.csv,str,Relationship Attribute,Relationship Attribute,OBSERVED,Maintained from Baseline V1 mapping
CPU,Processed_Linux_dataset,Linux_process_1.csv,float64,Graph Attribute,Graph Attribute,OBSERVED,Maintained from Baseline V1 mapping
CMD,Processed_Linux_dataset,Linux_process_1.csv,str,Graph Entity,Graph Entity,OBSERVED,Maintained from Baseline V1 mapping
label,Processed_Linux_dataset,Linux_process_1.csv,int64,Graph Entity,Graph Entity,OBSERVED,Maintained from Baseline V1 mapping
type,Processed_Linux_dataset,Linux_process_1.csv,str,Graph Entity,Graph Entity,OBSERVED,Maintained from Baseline V1 mapping
ts,Processed_Linux_dataset,Linux_process_2.csv,int64,Metadata Attribute,Metadata Attribute,OBSERVED,Maintained from Baseline V1 mapping
PID,Processed_Linux_dataset,Linux_process_2.csv,int64,Graph Entity,Graph Entity,OBSERVED,Maintained from Baseline V1 mapping
TRUN,Processed_Linux_dataset,Linux_process_2.csv,int64,Ignored Attribute,Graph Node Property,OBSERVED,Recovered as numerical telemetry performance metric
TSLPI,Processed_Linux_dataset,Linux_process_2.csv,int64,Metadata Attribute,Metadata Attribute,OBSERVED,Maintained from Baseline V1 mapping
TSLPU,Processed_Linux_dataset,Linux_process_2.csv,int64,Metadata Attribute,Metadata Attribute,OBSERVED,Maintained from Baseline V1 mapping
POLI,Processed_Linux_dataset,Linux_process_2.csv,str,Ignored Attribute,Context Attribute,OBSERVED,Recovered as operational contextual attribute
NICE,Processed_Linux_dataset,Linux_process_2.csv,int64,Ignored Attribute,Graph Node Property,OBSERVED,Recovered as numerical telemetry performance metric
PRI,Processed_Linux_dataset,Linux_process_2.csv,int64,Ignored Attribute,Graph Node Property,OBSERVED,Recovered as numerical telemetry performance metric
RTPR,Processed_Linux_dataset,Linux_process_2.csv,int64,Ignored Attribute,Truly Ignored,OBSERVED,Constant or single-value uninformative attribute across file rows
CPUNR,Processed_Linux_dataset,Linux_process_2.csv,int64,Graph Attribute,Graph Attribute,OBSERVED,Maintained from Baseline V1 mapping
Status,Processed_Linux_dataset,Linux_process_2.csv,str,Relationship Attribute,Relationship Attribute,OBSERVED,Maintained from Baseline V1 mapping
EXC,Processed_Linux_dataset,Linux_process_2.csv,int64,Ignored Attribute,Graph Node Property,OBSERVED,Recovered as numerical telemetry performance metric
State,Processed_Linux_dataset,Linux_process_2.csv,str,Relationship Attribute,Relationship Attribute,OBSERVED,Maintained from Baseline V1 mapping
CPU,Processed_Linux_dataset,Linux_process_2.csv,float64,Graph Attribute,Graph Attribute,OBSERVED,Maintained from Baseline V1 mapping
CMD,Processed_Linux_dataset,Linux_process_2.csv,str,Graph Entity,Graph Entity,OBSERVED,Maintained from Baseline V1 mapping
label,Processed_Linux_dataset,Linux_process_2.csv,int64,Graph Entity,Graph Entity,OBSERVED,Maintained from Baseline V1 mapping
type,Processed_Linux_dataset,Linux_process_2.csv,str,Graph Entity,Graph Entity,OBSERVED,Maintained from Baseline V1 mapping
ts,Processed_Network_dataset,Network_dataset_1.csv,int64,Metadata Attribute,Metadata Attribute,OBSERVED,Maintained from Baseline V1 mapping
src_ip,Processed_Network_dataset,Network_dataset_1.csv,str,Graph Entity,Graph Entity,OBSERVED,Maintained from Baseline V1 mapping
src_port,Processed_Network_dataset,Network_dataset_1.csv,int64,Relationship Attribute,Relationship Attribute,OBSERVED,Maintained from Baseline V1 mapping
dst_ip,Processed_Network_dataset,Network_dataset_1.csv,str,Graph Entity,Graph Entity,OBSERVED,Maintained from Baseline V1 mapping
dst_port,Processed_Network_dataset,Network_dataset_1.csv,int64,Relationship Attribute,Relationship Attribute,OBSERVED,Maintained from Baseline V1 mapping
proto,Processed_Network_dataset,Network_dataset_1.csv,str,Graph Entity,Graph Entity,OBSERVED,Maintained from Baseline V1 mapping
service,Processed_Network_dataset,Network_dataset_1.csv,str,Graph Entity,Graph Entity,OBSERVED,Maintained from Baseline V1 mapping
duration,Processed_Network_dataset,Network_dataset_1.csv,float64,Graph Attribute,Graph Attribute,OBSERVED,Maintained from Baseline V1 mapping
src_bytes,Processed_Network_dataset,Network_dataset_1.csv,int64,Graph Attribute,Graph Attribute,OBSERVED,Maintained from Baseline V1 mapping
dst_bytes,Processed_Network_dataset,Network_dataset_1.csv,int64,Graph Attribute,Graph Attribute,OBSERVED,Maintained from Baseline V1 mapping
conn_state,Processed_Network_dataset,Network_dataset_1.csv,str,Graph Entity,Graph Entity,OBSERVED,Maintained from Baseline V1 mapping
missed_bytes,Processed_Network_dataset,Network_dataset_1.csv,int64,Graph Attribute,Graph Attribute,OBSERVED,Maintained from Baseline V1 mapping
src_pkts,Processed_Network_dataset,Network_dataset_1.csv,int64,Metadata Attribute,Metadata Attribute,OBSERVED,Maintained from Baseline V1 mapping
src_ip_bytes,Processed_Network_dataset,Network_dataset_1.csv,int64,Graph Entity,Graph Entity,OBSERVED,Maintained from Baseline V1 mapping
dst_pkts,Processed_Network_dataset,Network_dataset_1.csv,int64,Metadata Attribute,Metadata Attribute,OBSERVED,Maintained from Baseline V1 mapping
dst_ip_bytes,Processed_Network_dataset,Network_dataset_1.csv,int64,Graph Entity,Graph Entity,OBSERVED,Maintained from Baseline V1 mapping
dns_query,Processed_Network_dataset,Network_dataset_1.csv,str,Ignored Attribute,Context Attribute,OBSERVED,Recovered as operational contextual attribute
dns_qclass,Processed_Network_dataset,Network_dataset_1.csv,int64,Metadata Attribute,Metadata Attribute,OBSERVED,Maintained from Baseline V1 mapping
dns_qtype,Processed_Network_dataset,Network_dataset_1.csv,int64,Metadata Attribute,Metadata Attribute,OBSERVED,Maintained from Baseline V1 mapping
dns_rcode,Processed_Network_dataset,Network_dataset_1.csv,int64,Ignored Attribute,Truly Ignored,OBSERVED,Constant or single-value uninformative attribute across file rows
dns_AA,Processed_Network_dataset,Network_dataset_1.csv,str,Ignored Attribute,Context Attribute,OBSERVED,Recovered as operational contextual attribute
dns_RD,Processed_Network_dataset,Network_dataset_1.csv,str,Ignored Attribute,Context Attribute,OBSERVED,Recovered as operational contextual attribute
dns_RA,Processed_Network_dataset,Network_dataset_1.csv,str,Ignored Attribute,Context Attribute,OBSERVED,Recovered as operational contextual attribute
dns_rejected,Processed_Network_dataset,Network_dataset_1.csv,str,Ignored Attribute,Context Attribute,OBSERVED,Recovered as operational contextual attribute
ssl_version,Processed_Network_dataset,Network_dataset_1.csv,str,Ignored Attribute,Context Attribute,OBSERVED,Recovered as operational contextual attribute
ssl_cipher,Processed_Network_dataset,Network_dataset_1.csv,str,Ignored Attribute,Graph Entity,OBSERVED,Recovered as secondary identifier or hardware node key
ssl_resumed,Processed_Network_dataset,Network_dataset_1.csv,str,Ignored Attribute,Context Attribute,OBSERVED,Recovered as operational contextual attribute
ssl_established,Processed_Network_dataset,Network_dataset_1.csv,str,Ignored Attribute,Context Attribute,OBSERVED,Recovered as operational contextual attribute
ssl_subject,Processed_Network_dataset,Network_dataset_1.csv,str,Ignored Attribute,Truly Ignored,OBSERVED,Constant or single-value uninformative attribute across file rows
ssl_issuer,Processed_Network_dataset,Network_dataset_1.csv,str,Ignored Attribute,Truly Ignored,OBSERVED,Constant or single-value uninformative attribute across file rows
http_trans_depth,Processed_Network_dataset,Network_dataset_1.csv,str,Ignored Attribute,Context Attribute,OBSERVED,Recovered as operational contextual attribute
http_method,Processed_Network_dataset,Network_dataset_1.csv,str,Ignored Attribute,Truly Ignored,OBSERVED,Constant or single-value uninformative attribute across file rows
http_uri,Processed_Network_dataset,Network_dataset_1.csv,str,Ignored Attribute,Truly Ignored,OBSERVED,Constant or single-value uninformative attribute across file rows
http_referrer,Processed_Network_dataset,Network_dataset_1.csv,str,Ignored Attribute,Truly Ignored,OBSERVED,Constant or single-value uninformative attribute across file rows
http_version,Processed_Network_dataset,Network_dataset_1.csv,str,Ignored Attribute,Context Attribute,OBSERVED,Recovered as operational contextual attribute
http_request_body_len,Processed_Network_dataset,Network_dataset_1.csv,int64,Ignored Attribute,Truly Ignored,OBSERVED,Constant or single-value uninformative attribute across file rows
http_response_body_len,Processed_Network_dataset,Network_dataset_1.csv,int64,Ignored Attribute,Relationship Property,OBSERVED,Recovered as dynamic network interaction telemetry / flow metric for directed communication edge
http_status_code,Processed_Network_dataset,Network_dataset_1.csv,int64,Relationship Attribute,Relationship Attribute,OBSERVED,Maintained from Baseline V1 mapping
http_user_agent,Processed_Network_dataset,Network_dataset_1.csv,str,Graph Entity,Graph Entity,OBSERVED,Maintained from Baseline V1 mapping
http_orig_mime_types,Processed_Network_dataset,Network_dataset_1.csv,str,Metadata Attribute,Metadata Attribute,OBSERVED,Maintained from Baseline V1 mapping
http_resp_mime_types,Processed_Network_dataset,Network_dataset_1.csv,str,Metadata Attribute,Metadata Attribute,OBSERVED,Maintained from Baseline V1 mapping
weird_name,Processed_Network_dataset,Network_dataset_1.csv,str,Graph Entity,Graph Entity,OBSERVED,Maintained from Baseline V1 mapping
weird_addl,Processed_Network_dataset,Network_dataset_1.csv,str,Ignored Attribute,Truly Ignored,OBSERVED,Constant or single-value uninformative attribute across file rows
weird_notice,Processed_Network_dataset,Network_dataset_1.csv,str,Ignored Attribute,Metadata Attribute,OBSERVED,Recovered as telemetry sequence index or record metadata
label,Processed_Network_dataset,Network_dataset_1.csv,int64,Graph Entity,Graph Entity,OBSERVED,Maintained from Baseline V1 mapping
type,Processed_Network_dataset,Network_dataset_1.csv,str,Graph Entity,Graph Entity,OBSERVED,Maintained from Baseline V1 mapping
ts,Processed_Network_dataset,Network_dataset_10.csv,int64,Metadata Attribute,Metadata Attribute,OBSERVED,Maintained from Baseline V1 mapping
src_ip,Processed_Network_dataset,Network_dataset_10.csv,str,Graph Entity,Graph Entity,OBSERVED,Maintained from Baseline V1 mapping
src_port,Processed_Network_dataset,Network_dataset_10.csv,int64,Relationship Attribute,Relationship Attribute,OBSERVED,Maintained from Baseline V1 mapping
dst_ip,Processed_Network_dataset,Network_dataset_10.csv,str,Graph Entity,Graph Entity,OBSERVED,Maintained from Baseline V1 mapping
dst_port,Processed_Network_dataset,Network_dataset_10.csv,int64,Relationship Attribute,Relationship Attribute,OBSERVED,Maintained from Baseline V1 mapping
proto,Processed_Network_dataset,Network_dataset_10.csv,str,Graph Entity,Graph Entity,OBSERVED,Maintained from Baseline V1 mapping
service,Processed_Network_dataset,Network_dataset_10.csv,str,Graph Entity,Graph Entity,OBSERVED,Maintained from Baseline V1 mapping
duration,Processed_Network_dataset,Network_dataset_10.csv,float64,Graph Attribute,Graph Attribute,OBSERVED,Maintained from Baseline V1 mapping
src_bytes,Processed_Network_dataset,Network_dataset_10.csv,int64,Graph Attribute,Graph Attribute,OBSERVED,Maintained from Baseline V1 mapping
dst_bytes,Processed_Network_dataset,Network_dataset_10.csv,int64,Graph Attribute,Graph Attribute,OBSERVED,Maintained from Baseline V1 mapping
conn_state,Processed_Network_dataset,Network_dataset_10.csv,str,Graph Entity,Graph Entity,OBSERVED,Maintained from Baseline V1 mapping
missed_bytes,Processed_Network_dataset,Network_dataset_10.csv,int64,Graph Attribute,Graph Attribute,OBSERVED,Maintained from Baseline V1 mapping
src_pkts,Processed_Network_dataset,Network_dataset_10.csv,int64,Metadata Attribute,Metadata Attribute,OBSERVED,Maintained from Baseline V1 mapping
src_ip_bytes,Processed_Network_dataset,Network_dataset_10.csv,int64,Graph Entity,Graph Entity,OBSERVED,Maintained from Baseline V1 mapping
dst_pkts,Processed_Network_dataset,Network_dataset_10.csv,int64,Metadata Attribute,Metadata Attribute,OBSERVED,Maintained from Baseline V1 mapping
dst_ip_bytes,Processed_Network_dataset,Network_dataset_10.csv,int64,Graph Entity,Graph Entity,OBSERVED,Maintained from Baseline V1 mapping
dns_query,Processed_Network_dataset,Network_dataset_10.csv,str,Ignored Attribute,Context Attribute,OBSERVED,Recovered as operational contextual attribute
dns_qclass,Processed_Network_dataset,Network_dataset_10.csv,int64,Metadata Attribute,Metadata Attribute,OBSERVED,Maintained from Baseline V1 mapping
dns_qtype,Processed_Network_dataset,Network_dataset_10.csv,int64,Metadata Attribute,Metadata Attribute,OBSERVED,Maintained from Baseline V1 mapping
dns_rcode,Processed_Network_dataset,Network_dataset_10.csv,int64,Ignored Attribute,Truly Ignored,OBSERVED,Constant or single-value uninformative attribute across file rows
dns_AA,Processed_Network_dataset,Network_dataset_10.csv,str,Ignored Attribute,Context Attribute,OBSERVED,Recovered as operational contextual attribute
dns_RD,Processed_Network_dataset,Network_dataset_10.csv,str,Ignored Attribute,Context Attribute,OBSERVED,Recovered as operational contextual attribute
dns_RA,Processed_Network_dataset,Network_dataset_10.csv,str,Ignored Attribute,Context Attribute,OBSERVED,Recovered as operational contextual attribute
dns_rejected,Processed_Network_dataset,Network_dataset_10.csv,str,Ignored Attribute,Context Attribute,OBSERVED,Recovered as operational contextual attribute
ssl_version,Processed_Network_dataset,Network_dataset_10.csv,str,Ignored Attribute,Truly Ignored,OBSERVED,Constant or single-value uninformative attribute across file rows
ssl_cipher,Processed_Network_dataset,Network_dataset_10.csv,str,Ignored Attribute,Truly Ignored,OBSERVED,Constant or single-value uninformative attribute across file rows
ssl_resumed,Processed_Network_dataset,Network_dataset_10.csv,str,Ignored Attribute,Truly Ignored,OBSERVED,Constant or single-value uninformative attribute across file rows
ssl_established,Processed_Network_dataset,Network_dataset_10.csv,str,Ignored Attribute,Truly Ignored,OBSERVED,Constant or single-value uninformative attribute across file rows
ssl_subject,Processed_Network_dataset,Network_dataset_10.csv,str,Ignored Attribute,Truly Ignored,OBSERVED,Constant or single-value uninformative attribute across file rows
ssl_issuer,Processed_Network_dataset,Network_dataset_10.csv,str,Ignored Attribute,Truly Ignored,OBSERVED,Constant or single-value uninformative attribute across file rows
http_trans_depth,Processed_Network_dataset,Network_dataset_10.csv,str,Ignored Attribute,Truly Ignored,OBSERVED,Constant or single-value uninformative attribute across file rows
http_method,Processed_Network_dataset,Network_dataset_10.csv,str,Ignored Attribute,Truly Ignored,OBSERVED,Constant or single-value uninformative attribute across file rows
http_uri,Processed_Network_dataset,Network_dataset_10.csv,str,Ignored Attribute,Truly Ignored,OBSERVED,Constant or single-value uninformative attribute across file rows
http_referrer,Processed_Network_dataset,Network_dataset_10.csv,str,Ignored Attribute,Truly Ignored,OBSERVED,Constant or single-value uninformative attribute across file rows
http_version,Processed_Network_dataset,Network_dataset_10.csv,str,Ignored Attribute,Truly Ignored,OBSERVED,Constant or single-value uninformative attribute across file rows
http_request_body_len,Processed_Network_dataset,Network_dataset_10.csv,int64,Ignored Attribute,Truly Ignored,OBSERVED,Constant or single-value uninformative attribute across file rows
http_response_body_len,Processed_Network_dataset,Network_dataset_10.csv,int64,Ignored Attribute,Truly Ignored,OBSERVED,Constant or single-value uninformative attribute across file rows
http_status_code,Processed_Network_dataset,Network_dataset_10.csv,int64,Relationship Attribute,Relationship Attribute,OBSERVED,Maintained from Baseline V1 mapping
http_user_agent,Processed_Network_dataset,Network_dataset_10.csv,str,Graph Entity,Graph Entity,OBSERVED,Maintained from Baseline V1 mapping
http_orig_mime_types,Processed_Network_dataset,Network_dataset_10.csv,str,Metadata Attribute,Metadata Attribute,OBSERVED,Maintained from Baseline V1 mapping
http_resp_mime_types,Processed_Network_dataset,Network_dataset_10.csv,str,Metadata Attribute,Metadata Attribute,OBSERVED,Maintained from Baseline V1 mapping
weird_name,Processed_Network_dataset,Network_dataset_10.csv,str,Graph Entity,Graph Entity,OBSERVED,Maintained from Baseline V1 mapping
weird_addl,Processed_Network_dataset,Network_dataset_10.csv,str,Ignored Attribute,Truly Ignored,OBSERVED,Constant or single-value uninformative attribute across file rows
weird_notice,Processed_Network_dataset,Network_dataset_10.csv,str,Ignored Attribute,Truly Ignored,OBSERVED,Constant or single-value uninformative attribute across file rows
label,Processed_Network_dataset,Network_dataset_10.csv,int64,Graph Entity,Graph Entity,OBSERVED,Maintained from Baseline V1 mapping
type,Processed_Network_dataset,Network_dataset_10.csv,str,Graph Entity,Graph Entity,OBSERVED,Maintained from Baseline V1 mapping
ts,Processed_Network_dataset,Network_dataset_11.csv,int64,Metadata Attribute,Metadata Attribute,OBSERVED,Maintained from Baseline V1 mapping
src_ip,Processed_Network_dataset,Network_dataset_11.csv,str,Graph Entity,Graph Entity,OBSERVED,Maintained from Baseline V1 mapping
src_port,Processed_Network_dataset,Network_dataset_11.csv,int64,Relationship Attribute,Relationship Attribute,OBSERVED,Maintained from Baseline V1 mapping
dst_ip,Processed_Network_dataset,Network_dataset_11.csv,str,Graph Entity,Graph Entity,OBSERVED,Maintained from Baseline V1 mapping
dst_port,Processed_Network_dataset,Network_dataset_11.csv,int64,Relationship Attribute,Relationship Attribute,OBSERVED,Maintained from Baseline V1 mapping
proto,Processed_Network_dataset,Network_dataset_11.csv,str,Graph Entity,Graph Entity,OBSERVED,Maintained from Baseline V1 mapping
service,Processed_Network_dataset,Network_dataset_11.csv,str,Graph Entity,Graph Entity,OBSERVED,Maintained from Baseline V1 mapping
duration,Processed_Network_dataset,Network_dataset_11.csv,float64,Graph Attribute,Graph Attribute,OBSERVED,Maintained from Baseline V1 mapping
src_bytes,Processed_Network_dataset,Network_dataset_11.csv,int64,Graph Attribute,Graph Attribute,OBSERVED,Maintained from Baseline V1 mapping
dst_bytes,Processed_Network_dataset,Network_dataset_11.csv,int64,Graph Attribute,Graph Attribute,OBSERVED,Maintained from Baseline V1 mapping
conn_state,Processed_Network_dataset,Network_dataset_11.csv,str,Graph Entity,Graph Entity,OBSERVED,Maintained from Baseline V1 mapping
missed_bytes,Processed_Network_dataset,Network_dataset_11.csv,int64,Graph Attribute,Graph Attribute,OBSERVED,Maintained from Baseline V1 mapping
src_pkts,Processed_Network_dataset,Network_dataset_11.csv,int64,Metadata Attribute,Metadata Attribute,OBSERVED,Maintained from Baseline V1 mapping
src_ip_bytes,Processed_Network_dataset,Network_dataset_11.csv,int64,Graph Entity,Graph Entity,OBSERVED,Maintained from Baseline V1 mapping
dst_pkts,Processed_Network_dataset,Network_dataset_11.csv,int64,Metadata Attribute,Metadata Attribute,OBSERVED,Maintained from Baseline V1 mapping
dst_ip_bytes,Processed_Network_dataset,Network_dataset_11.csv,int64,Graph Entity,Graph Entity,OBSERVED,Maintained from Baseline V1 mapping
dns_query,Processed_Network_dataset,Network_dataset_11.csv,str,Ignored Attribute,Context Attribute,OBSERVED,Recovered as operational contextual attribute
dns_qclass,Processed_Network_dataset,Network_dataset_11.csv,int64,Metadata Attribute,Metadata Attribute,OBSERVED,Maintained from Baseline V1 mapping
dns_qtype,Processed_Network_dataset,Network_dataset_11.csv,int64,Metadata Attribute,Metadata Attribute,OBSERVED,Maintained from Baseline V1 mapping
dns_rcode,Processed_Network_dataset,Network_dataset_11.csv,int64,Ignored Attribute,Graph Node Property,OBSERVED,Recovered as numerical telemetry performance metric
dns_AA,Processed_Network_dataset,Network_dataset_11.csv,str,Ignored Attribute,Context Attribute,OBSERVED,Recovered as operational contextual attribute
dns_RD,Processed_Network_dataset,Network_dataset_11.csv,str,Ignored Attribute,Context Attribute,OBSERVED,Recovered as operational contextual attribute
dns_RA,Processed_Network_dataset,Network_dataset_11.csv,str,Ignored Attribute,Context Attribute,OBSERVED,Recovered as operational contextual attribute
dns_rejected,Processed_Network_dataset,Network_dataset_11.csv,str,Ignored Attribute,Context Attribute,OBSERVED,Recovered as operational contextual attribute
ssl_version,Processed_Network_dataset,Network_dataset_11.csv,str,Ignored Attribute,Truly Ignored,OBSERVED,Constant or single-value uninformative attribute across file rows
ssl_cipher,Processed_Network_dataset,Network_dataset_11.csv,str,Ignored Attribute,Truly Ignored,OBSERVED,Constant or single-value uninformative attribute across file rows
ssl_resumed,Processed_Network_dataset,Network_dataset_11.csv,str,Ignored Attribute,Truly Ignored,OBSERVED,Constant or single-value uninformative attribute across file rows
ssl_established,Processed_Network_dataset,Network_dataset_11.csv,str,Ignored Attribute,Truly Ignored,OBSERVED,Constant or single-value uninformative attribute across file rows
ssl_subject,Processed_Network_dataset,Network_dataset_11.csv,str,Ignored Attribute,Truly Ignored,OBSERVED,Constant or single-value uninformative attribute across file rows
ssl_issuer,Processed_Network_dataset,Network_dataset_11.csv,str,Ignored Attribute,Truly Ignored,OBSERVED,Constant or single-value uninformative attribute across file rows
http_trans_depth,Processed_Network_dataset,Network_dataset_11.csv,str,Ignored Attribute,Truly Ignored,OBSERVED,Constant or single-value uninformative attribute across file rows
http_method,Processed_Network_dataset,Network_dataset_11.csv,str,Ignored Attribute,Truly Ignored,OBSERVED,Constant or single-value uninformative attribute across file rows
http_uri,Processed_Network_dataset,Network_dataset_11.csv,str,Ignored Attribute,Truly Ignored,OBSERVED,Constant or single-value uninformative attribute across file rows
http_referrer,Processed_Network_dataset,Network_dataset_11.csv,str,Ignored Attribute,Truly Ignored,OBSERVED,Constant or single-value uninformative attribute across file rows
http_version,Processed_Network_dataset,Network_dataset_11.csv,str,Ignored Attribute,Truly Ignored,OBSERVED,Constant or single-value uninformative attribute across file rows
http_request_body_len,Processed_Network_dataset,Network_dataset_11.csv,int64,Ignored Attribute,Truly Ignored,OBSERVED,Constant or single-value uninformative attribute across file rows
http_response_body_len,Processed_Network_dataset,Network_dataset_11.csv,int64,Ignored Attribute,Truly Ignored,OBSERVED,Constant or single-value uninformative attribute across file rows
http_status_code,Processed_Network_dataset,Network_dataset_11.csv,int64,Relationship Attribute,Relationship Attribute,OBSERVED,Maintained from Baseline V1 mapping
http_user_agent,Processed_Network_dataset,Network_dataset_11.csv,str,Graph Entity,Graph Entity,OBSERVED,Maintained from Baseline V1 mapping
http_orig_mime_types,Processed_Network_dataset,Network_dataset_11.csv,str,Metadata Attribute,Metadata Attribute,OBSERVED,Maintained from Baseline V1 mapping
http_resp_mime_types,Processed_Network_dataset,Network_dataset_11.csv,str,Metadata Attribute,Metadata Attribute,OBSERVED,Maintained from Baseline V1 mapping
weird_name,Processed_Network_dataset,Network_dataset_11.csv,str,Graph Entity,Graph Entity,OBSERVED,Maintained from Baseline V1 mapping
weird_addl,Processed_Network_dataset,Network_dataset_11.csv,str,Ignored Attribute,Truly Ignored,OBSERVED,Constant or single-value uninformative attribute across file rows
weird_notice,Processed_Network_dataset,Network_dataset_11.csv,str,Ignored Attribute,Truly Ignored,OBSERVED,Constant or single-value uninformative attribute across file rows
label,Processed_Network_dataset,Network_dataset_11.csv,int64,Graph Entity,Graph Entity,OBSERVED,Maintained from Baseline V1 mapping
type,Processed_Network_dataset,Network_dataset_11.csv,str,Graph Entity,Graph Entity,OBSERVED,Maintained from Baseline V1 mapping
ts,Processed_Network_dataset,Network_dataset_12.csv,int64,Metadata Attribute,Metadata Attribute,OBSERVED,Maintained from Baseline V1 mapping
src_ip,Processed_Network_dataset,Network_dataset_12.csv,str,Graph Entity,Graph Entity,OBSERVED,Maintained from Baseline V1 mapping
src_port,Processed_Network_dataset,Network_dataset_12.csv,int64,Relationship Attribute,Relationship Attribute,OBSERVED,Maintained from Baseline V1 mapping
dst_ip,Processed_Network_dataset,Network_dataset_12.csv,str,Graph Entity,Graph Entity,OBSERVED,Maintained from Baseline V1 mapping
dst_port,Processed_Network_dataset,Network_dataset_12.csv,int64,Relationship Attribute,Relationship Attribute,OBSERVED,Maintained from Baseline V1 mapping
proto,Processed_Network_dataset,Network_dataset_12.csv,str,Graph Entity,Graph Entity,OBSERVED,Maintained from Baseline V1 mapping
service,Processed_Network_dataset,Network_dataset_12.csv,str,Graph Entity,Graph Entity,OBSERVED,Maintained from Baseline V1 mapping
duration,Processed_Network_dataset,Network_dataset_12.csv,float64,Graph Attribute,Graph Attribute,OBSERVED,Maintained from Baseline V1 mapping
src_bytes,Processed_Network_dataset,Network_dataset_12.csv,int64,Graph Attribute,Graph Attribute,OBSERVED,Maintained from Baseline V1 mapping
dst_bytes,Processed_Network_dataset,Network_dataset_12.csv,int64,Graph Attribute,Graph Attribute,OBSERVED,Maintained from Baseline V1 mapping
conn_state,Processed_Network_dataset,Network_dataset_12.csv,str,Graph Entity,Graph Entity,OBSERVED,Maintained from Baseline V1 mapping
missed_bytes,Processed_Network_dataset,Network_dataset_12.csv,int64,Graph Attribute,Graph Attribute,OBSERVED,Maintained from Baseline V1 mapping
src_pkts,Processed_Network_dataset,Network_dataset_12.csv,int64,Metadata Attribute,Metadata Attribute,OBSERVED,Maintained from Baseline V1 mapping
src_ip_bytes,Processed_Network_dataset,Network_dataset_12.csv,int64,Graph Entity,Graph Entity,OBSERVED,Maintained from Baseline V1 mapping
dst_pkts,Processed_Network_dataset,Network_dataset_12.csv,int64,Metadata Attribute,Metadata Attribute,OBSERVED,Maintained from Baseline V1 mapping
dst_ip_bytes,Processed_Network_dataset,Network_dataset_12.csv,int64,Graph Entity,Graph Entity,OBSERVED,Maintained from Baseline V1 mapping
dns_query,Processed_Network_dataset,Network_dataset_12.csv,str,Ignored Attribute,Context Attribute,OBSERVED,Recovered as operational contextual attribute
dns_qclass,Processed_Network_dataset,Network_dataset_12.csv,int64,Metadata Attribute,Metadata Attribute,OBSERVED,Maintained from Baseline V1 mapping
dns_qtype,Processed_Network_dataset,Network_dataset_12.csv,int64,Metadata Attribute,Metadata Attribute,OBSERVED,Maintained from Baseline V1 mapping
dns_rcode,Processed_Network_dataset,Network_dataset_12.csv,int64,Ignored Attribute,Graph Node Property,OBSERVED,Recovered as numerical telemetry performance metric
dns_AA,Processed_Network_dataset,Network_dataset_12.csv,str,Ignored Attribute,Context Attribute,OBSERVED,Recovered as operational contextual attribute
dns_RD,Processed_Network_dataset,Network_dataset_12.csv,str,Ignored Attribute,Context Attribute,OBSERVED,Recovered as operational contextual attribute
dns_RA,Processed_Network_dataset,Network_dataset_12.csv,str,Ignored Attribute,Context Attribute,OBSERVED,Recovered as operational contextual attribute
dns_rejected,Processed_Network_dataset,Network_dataset_12.csv,str,Ignored Attribute,Context Attribute,OBSERVED,Recovered as operational contextual attribute
ssl_version,Processed_Network_dataset,Network_dataset_12.csv,str,Ignored Attribute,Truly Ignored,OBSERVED,Constant or single-value uninformative attribute across file rows
ssl_cipher,Processed_Network_dataset,Network_dataset_12.csv,str,Ignored Attribute,Truly Ignored,OBSERVED,Constant or single-value uninformative attribute across file rows
ssl_resumed,Processed_Network_dataset,Network_dataset_12.csv,str,Ignored Attribute,Truly Ignored,OBSERVED,Constant or single-value uninformative attribute across file rows
ssl_established,Processed_Network_dataset,Network_dataset_12.csv,str,Ignored Attribute,Truly Ignored,OBSERVED,Constant or single-value uninformative attribute across file rows
ssl_subject,Processed_Network_dataset,Network_dataset_12.csv,str,Ignored Attribute,Truly Ignored,OBSERVED,Constant or single-value uninformative attribute across file rows
ssl_issuer,Processed_Network_dataset,Network_dataset_12.csv,str,Ignored Attribute,Truly Ignored,OBSERVED,Constant or single-value uninformative attribute across file rows
http_trans_depth,Processed_Network_dataset,Network_dataset_12.csv,str,Ignored Attribute,Truly Ignored,OBSERVED,Constant or single-value uninformative attribute across file rows
http_method,Processed_Network_dataset,Network_dataset_12.csv,str,Ignored Attribute,Truly Ignored,OBSERVED,Constant or single-value uninformative attribute across file rows
http_uri,Processed_Network_dataset,Network_dataset_12.csv,str,Ignored Attribute,Truly Ignored,OBSERVED,Constant or single-value uninformative attribute across file rows
http_referrer,Processed_Network_dataset,Network_dataset_12.csv,str,Ignored Attribute,Truly Ignored,OBSERVED,Constant or single-value uninformative attribute across file rows
http_version,Processed_Network_dataset,Network_dataset_12.csv,str,Ignored Attribute,Truly Ignored,OBSERVED,Constant or single-value uninformative attribute across file rows
http_request_body_len,Processed_Network_dataset,Network_dataset_12.csv,int64,Ignored Attribute,Truly Ignored,OBSERVED,Constant or single-value uninformative attribute across file rows
http_response_body_len,Processed_Network_dataset,Network_dataset_12.csv,int64,Ignored Attribute,Truly Ignored,OBSERVED,Constant or single-value uninformative attribute across file rows
http_status_code,Processed_Network_dataset,Network_dataset_12.csv,int64,Relationship Attribute,Relationship Attribute,OBSERVED,Maintained from Baseline V1 mapping
http_user_agent,Processed_Network_dataset,Network_dataset_12.csv,str,Graph Entity,Graph Entity,OBSERVED,Maintained from Baseline V1 mapping
http_orig_mime_types,Processed_Network_dataset,Network_dataset_12.csv,str,Metadata Attribute,Metadata Attribute,OBSERVED,Maintained from Baseline V1 mapping
http_resp_mime_types,Processed_Network_dataset,Network_dataset_12.csv,str,Metadata Attribute,Metadata Attribute,OBSERVED,Maintained from Baseline V1 mapping
weird_name,Processed_Network_dataset,Network_dataset_12.csv,str,Graph Entity,Graph Entity,OBSERVED,Maintained from Baseline V1 mapping
weird_addl,Processed_Network_dataset,Network_dataset_12.csv,str,Ignored Attribute,Truly Ignored,OBSERVED,Constant or single-value uninformative attribute across file rows
weird_notice,Processed_Network_dataset,Network_dataset_12.csv,str,Ignored Attribute,Truly Ignored,OBSERVED,Constant or single-value uninformative attribute across file rows
label,Processed_Network_dataset,Network_dataset_12.csv,int64,Graph Entity,Graph Entity,OBSERVED,Maintained from Baseline V1 mapping
type,Processed_Network_dataset,Network_dataset_12.csv,str,Graph Entity,Graph Entity,OBSERVED,Maintained from Baseline V1 mapping
ts,Processed_Network_dataset,Network_dataset_13.csv,int64,Metadata Attribute,Metadata Attribute,OBSERVED,Maintained from Baseline V1 mapping
src_ip,Processed_Network_dataset,Network_dataset_13.csv,str,Graph Entity,Graph Entity,OBSERVED,Maintained from Baseline V1 mapping
src_port,Processed_Network_dataset,Network_dataset_13.csv,int64,Relationship Attribute,Relationship Attribute,OBSERVED,Maintained from Baseline V1 mapping
dst_ip,Processed_Network_dataset,Network_dataset_13.csv,str,Graph Entity,Graph Entity,OBSERVED,Maintained from Baseline V1 mapping
dst_port,Processed_Network_dataset,Network_dataset_13.csv,int64,Relationship Attribute,Relationship Attribute,OBSERVED,Maintained from Baseline V1 mapping
proto,Processed_Network_dataset,Network_dataset_13.csv,str,Graph Entity,Graph Entity,OBSERVED,Maintained from Baseline V1 mapping
service,Processed_Network_dataset,Network_dataset_13.csv,str,Graph Entity,Graph Entity,OBSERVED,Maintained from Baseline V1 mapping
duration,Processed_Network_dataset,Network_dataset_13.csv,float64,Graph Attribute,Graph Attribute,OBSERVED,Maintained from Baseline V1 mapping
src_bytes,Processed_Network_dataset,Network_dataset_13.csv,int64,Graph Attribute,Graph Attribute,OBSERVED,Maintained from Baseline V1 mapping
dst_bytes,Processed_Network_dataset,Network_dataset_13.csv,int64,Graph Attribute,Graph Attribute,OBSERVED,Maintained from Baseline V1 mapping
conn_state,Processed_Network_dataset,Network_dataset_13.csv,str,Graph Entity,Graph Entity,OBSERVED,Maintained from Baseline V1 mapping
missed_bytes,Processed_Network_dataset,Network_dataset_13.csv,int64,Graph Attribute,Graph Attribute,OBSERVED,Maintained from Baseline V1 mapping
src_pkts,Processed_Network_dataset,Network_dataset_13.csv,int64,Metadata Attribute,Metadata Attribute,OBSERVED,Maintained from Baseline V1 mapping
src_ip_bytes,Processed_Network_dataset,Network_dataset_13.csv,int64,Graph Entity,Graph Entity,OBSERVED,Maintained from Baseline V1 mapping
dst_pkts,Processed_Network_dataset,Network_dataset_13.csv,int64,Metadata Attribute,Metadata Attribute,OBSERVED,Maintained from Baseline V1 mapping
dst_ip_bytes,Processed_Network_dataset,Network_dataset_13.csv,int64,Graph Entity,Graph Entity,OBSERVED,Maintained from Baseline V1 mapping
dns_query,Processed_Network_dataset,Network_dataset_13.csv,str,Ignored Attribute,Context Attribute,OBSERVED,Recovered as operational contextual attribute
dns_qclass,Processed_Network_dataset,Network_dataset_13.csv,int64,Metadata Attribute,Metadata Attribute,OBSERVED,Maintained from Baseline V1 mapping
dns_qtype,Processed_Network_dataset,Network_dataset_13.csv,int64,Metadata Attribute,Metadata Attribute,OBSERVED,Maintained from Baseline V1 mapping
dns_rcode,Processed_Network_dataset,Network_dataset_13.csv,int64,Ignored Attribute,Graph Node Property,OBSERVED,Recovered as numerical telemetry performance metric
dns_AA,Processed_Network_dataset,Network_dataset_13.csv,str,Ignored Attribute,Context Attribute,OBSERVED,Recovered as operational contextual attribute
dns_RD,Processed_Network_dataset,Network_dataset_13.csv,str,Ignored Attribute,Context Attribute,OBSERVED,Recovered as operational contextual attribute
dns_RA,Processed_Network_dataset,Network_dataset_13.csv,str,Ignored Attribute,Context Attribute,OBSERVED,Recovered as operational contextual attribute
dns_rejected,Processed_Network_dataset,Network_dataset_13.csv,str,Ignored Attribute,Context Attribute,OBSERVED,Recovered as operational contextual attribute
ssl_version,Processed_Network_dataset,Network_dataset_13.csv,str,Ignored Attribute,Context Attribute,OBSERVED,Recovered as operational contextual attribute
ssl_cipher,Processed_Network_dataset,Network_dataset_13.csv,str,Ignored Attribute,Graph Entity,OBSERVED,Recovered as secondary identifier or hardware node key
ssl_resumed,Processed_Network_dataset,Network_dataset_13.csv,str,Ignored Attribute,Context Attribute,OBSERVED,Recovered as operational contextual attribute
ssl_established,Processed_Network_dataset,Network_dataset_13.csv,str,Ignored Attribute,Context Attribute,OBSERVED,Recovered as operational contextual attribute
ssl_subject,Processed_Network_dataset,Network_dataset_13.csv,str,Ignored Attribute,Context Attribute,OBSERVED,Recovered as operational contextual attribute
ssl_issuer,Processed_Network_dataset,Network_dataset_13.csv,str,Ignored Attribute,Context Attribute,OBSERVED,Recovered as operational contextual attribute
http_trans_depth,Processed_Network_dataset,Network_dataset_13.csv,str,Ignored Attribute,Context Attribute,OBSERVED,Recovered as operational contextual attribute
http_method,Processed_Network_dataset,Network_dataset_13.csv,str,Ignored Attribute,Context Attribute,OBSERVED,Recovered as operational contextual attribute
http_uri,Processed_Network_dataset,Network_dataset_13.csv,str,Ignored Attribute,Context Attribute,OBSERVED,Recovered as operational contextual attribute
http_referrer,Processed_Network_dataset,Network_dataset_13.csv,str,Ignored Attribute,Truly Ignored,OBSERVED,Constant or single-value uninformative attribute across file rows
http_version,Processed_Network_dataset,Network_dataset_13.csv,str,Ignored Attribute,Context Attribute,OBSERVED,Recovered as operational contextual attribute
http_request_body_len,Processed_Network_dataset,Network_dataset_13.csv,int64,Ignored Attribute,Truly Ignored,OBSERVED,Constant or single-value uninformative attribute across file rows
http_response_body_len,Processed_Network_dataset,Network_dataset_13.csv,int64,Ignored Attribute,Truly Ignored,OBSERVED,Constant or single-value uninformative attribute across file rows
http_status_code,Processed_Network_dataset,Network_dataset_13.csv,int64,Relationship Attribute,Relationship Attribute,OBSERVED,Maintained from Baseline V1 mapping
http_user_agent,Processed_Network_dataset,Network_dataset_13.csv,str,Graph Entity,Graph Entity,OBSERVED,Maintained from Baseline V1 mapping
http_orig_mime_types,Processed_Network_dataset,Network_dataset_13.csv,str,Metadata Attribute,Metadata Attribute,OBSERVED,Maintained from Baseline V1 mapping
http_resp_mime_types,Processed_Network_dataset,Network_dataset_13.csv,str,Metadata Attribute,Metadata Attribute,OBSERVED,Maintained from Baseline V1 mapping
weird_name,Processed_Network_dataset,Network_dataset_13.csv,str,Graph Entity,Graph Entity,OBSERVED,Maintained from Baseline V1 mapping
weird_addl,Processed_Network_dataset,Network_dataset_13.csv,str,Ignored Attribute,Truly Ignored,OBSERVED,Constant or single-value uninformative attribute across file rows
weird_notice,Processed_Network_dataset,Network_dataset_13.csv,str,Ignored Attribute,Truly Ignored,OBSERVED,Constant or single-value uninformative attribute across file rows
label,Processed_Network_dataset,Network_dataset_13.csv,int64,Graph Entity,Graph Entity,OBSERVED,Maintained from Baseline V1 mapping
type,Processed_Network_dataset,Network_dataset_13.csv,str,Graph Entity,Graph Entity,OBSERVED,Maintained from Baseline V1 mapping
ts,Processed_Network_dataset,Network_dataset_14.csv,int64,Metadata Attribute,Metadata Attribute,OBSERVED,Maintained from Baseline V1 mapping
src_ip,Processed_Network_dataset,Network_dataset_14.csv,str,Graph Entity,Graph Entity,OBSERVED,Maintained from Baseline V1 mapping
src_port,Processed_Network_dataset,Network_dataset_14.csv,int64,Relationship Attribute,Relationship Attribute,OBSERVED,Maintained from Baseline V1 mapping
dst_ip,Processed_Network_dataset,Network_dataset_14.csv,str,Graph Entity,Graph Entity,OBSERVED,Maintained from Baseline V1 mapping
dst_port,Processed_Network_dataset,Network_dataset_14.csv,int64,Relationship Attribute,Relationship Attribute,OBSERVED,Maintained from Baseline V1 mapping
proto,Processed_Network_dataset,Network_dataset_14.csv,str,Graph Entity,Graph Entity,OBSERVED,Maintained from Baseline V1 mapping
service,Processed_Network_dataset,Network_dataset_14.csv,str,Graph Entity,Graph Entity,OBSERVED,Maintained from Baseline V1 mapping
duration,Processed_Network_dataset,Network_dataset_14.csv,float64,Graph Attribute,Graph Attribute,OBSERVED,Maintained from Baseline V1 mapping
src_bytes,Processed_Network_dataset,Network_dataset_14.csv,int64,Graph Attribute,Graph Attribute,OBSERVED,Maintained from Baseline V1 mapping
dst_bytes,Processed_Network_dataset,Network_dataset_14.csv,int64,Graph Attribute,Graph Attribute,OBSERVED,Maintained from Baseline V1 mapping
conn_state,Processed_Network_dataset,Network_dataset_14.csv,str,Graph Entity,Graph Entity,OBSERVED,Maintained from Baseline V1 mapping
missed_bytes,Processed_Network_dataset,Network_dataset_14.csv,int64,Graph Attribute,Graph Attribute,OBSERVED,Maintained from Baseline V1 mapping
src_pkts,Processed_Network_dataset,Network_dataset_14.csv,int64,Metadata Attribute,Metadata Attribute,OBSERVED,Maintained from Baseline V1 mapping
src_ip_bytes,Processed_Network_dataset,Network_dataset_14.csv,int64,Graph Entity,Graph Entity,OBSERVED,Maintained from Baseline V1 mapping
dst_pkts,Processed_Network_dataset,Network_dataset_14.csv,int64,Metadata Attribute,Metadata Attribute,OBSERVED,Maintained from Baseline V1 mapping
dst_ip_bytes,Processed_Network_dataset,Network_dataset_14.csv,int64,Graph Entity,Graph Entity,OBSERVED,Maintained from Baseline V1 mapping
dns_query,Processed_Network_dataset,Network_dataset_14.csv,str,Ignored Attribute,Context Attribute,OBSERVED,Recovered as operational contextual attribute
dns_qclass,Processed_Network_dataset,Network_dataset_14.csv,int64,Metadata Attribute,Metadata Attribute,OBSERVED,Maintained from Baseline V1 mapping
dns_qtype,Processed_Network_dataset,Network_dataset_14.csv,int64,Metadata Attribute,Metadata Attribute,OBSERVED,Maintained from Baseline V1 mapping
dns_rcode,Processed_Network_dataset,Network_dataset_14.csv,int64,Ignored Attribute,Graph Node Property,OBSERVED,Recovered as numerical telemetry performance metric
dns_AA,Processed_Network_dataset,Network_dataset_14.csv,str,Ignored Attribute,Context Attribute,OBSERVED,Recovered as operational contextual attribute
dns_RD,Processed_Network_dataset,Network_dataset_14.csv,str,Ignored Attribute,Context Attribute,OBSERVED,Recovered as operational contextual attribute
dns_RA,Processed_Network_dataset,Network_dataset_14.csv,str,Ignored Attribute,Context Attribute,OBSERVED,Recovered as operational contextual attribute
dns_rejected,Processed_Network_dataset,Network_dataset_14.csv,str,Ignored Attribute,Context Attribute,OBSERVED,Recovered as operational contextual attribute
ssl_version,Processed_Network_dataset,Network_dataset_14.csv,str,Ignored Attribute,Context Attribute,OBSERVED,Recovered as operational contextual attribute
ssl_cipher,Processed_Network_dataset,Network_dataset_14.csv,str,Ignored Attribute,Graph Entity,OBSERVED,Recovered as secondary identifier or hardware node key
ssl_resumed,Processed_Network_dataset,Network_dataset_14.csv,str,Ignored Attribute,Context Attribute,OBSERVED,Recovered as operational contextual attribute
ssl_established,Processed_Network_dataset,Network_dataset_14.csv,str,Ignored Attribute,Context Attribute,OBSERVED,Recovered as operational contextual attribute
ssl_subject,Processed_Network_dataset,Network_dataset_14.csv,str,Ignored Attribute,Context Attribute,OBSERVED,Recovered as operational contextual attribute
ssl_issuer,Processed_Network_dataset,Network_dataset_14.csv,str,Ignored Attribute,Context Attribute,OBSERVED,Recovered as operational contextual attribute
http_trans_depth,Processed_Network_dataset,Network_dataset_14.csv,str,Ignored Attribute,Context Attribute,OBSERVED,Recovered as operational contextual attribute
http_method,Processed_Network_dataset,Network_dataset_14.csv,str,Ignored Attribute,Context Attribute,OBSERVED,Recovered as operational contextual attribute
http_uri,Processed_Network_dataset,Network_dataset_14.csv,str,Ignored Attribute,Context Attribute,OBSERVED,Recovered as operational contextual attribute
http_referrer,Processed_Network_dataset,Network_dataset_14.csv,str,Ignored Attribute,Truly Ignored,OBSERVED,Constant or single-value uninformative attribute across file rows
http_version,Processed_Network_dataset,Network_dataset_14.csv,str,Ignored Attribute,Context Attribute,OBSERVED,Recovered as operational contextual attribute
http_request_body_len,Processed_Network_dataset,Network_dataset_14.csv,int64,Ignored Attribute,Truly Ignored,OBSERVED,Constant or single-value uninformative attribute across file rows
http_response_body_len,Processed_Network_dataset,Network_dataset_14.csv,int64,Ignored Attribute,Truly Ignored,OBSERVED,Constant or single-value uninformative attribute across file rows
http_status_code,Processed_Network_dataset,Network_dataset_14.csv,int64,Relationship Attribute,Relationship Attribute,OBSERVED,Maintained from Baseline V1 mapping
http_user_agent,Processed_Network_dataset,Network_dataset_14.csv,str,Graph Entity,Graph Entity,OBSERVED,Maintained from Baseline V1 mapping
http_orig_mime_types,Processed_Network_dataset,Network_dataset_14.csv,str,Metadata Attribute,Metadata Attribute,OBSERVED,Maintained from Baseline V1 mapping
http_resp_mime_types,Processed_Network_dataset,Network_dataset_14.csv,str,Metadata Attribute,Metadata Attribute,OBSERVED,Maintained from Baseline V1 mapping
weird_name,Processed_Network_dataset,Network_dataset_14.csv,str,Graph Entity,Graph Entity,OBSERVED,Maintained from Baseline V1 mapping
weird_addl,Processed_Network_dataset,Network_dataset_14.csv,str,Ignored Attribute,Truly Ignored,OBSERVED,Constant or single-value uninformative attribute across file rows
weird_notice,Processed_Network_dataset,Network_dataset_14.csv,str,Ignored Attribute,Truly Ignored,OBSERVED,Constant or single-value uninformative attribute across file rows
label,Processed_Network_dataset,Network_dataset_14.csv,int64,Graph Entity,Graph Entity,OBSERVED,Maintained from Baseline V1 mapping
type,Processed_Network_dataset,Network_dataset_14.csv,str,Graph Entity,Graph Entity,OBSERVED,Maintained from Baseline V1 mapping
ts,Processed_Network_dataset,Network_dataset_15.csv,int64,Metadata Attribute,Metadata Attribute,OBSERVED,Maintained from Baseline V1 mapping
src_ip,Processed_Network_dataset,Network_dataset_15.csv,str,Graph Entity,Graph Entity,OBSERVED,Maintained from Baseline V1 mapping
src_port,Processed_Network_dataset,Network_dataset_15.csv,int64,Relationship Attribute,Relationship Attribute,OBSERVED,Maintained from Baseline V1 mapping
dst_ip,Processed_Network_dataset,Network_dataset_15.csv,str,Graph Entity,Graph Entity,OBSERVED,Maintained from Baseline V1 mapping
dst_port,Processed_Network_dataset,Network_dataset_15.csv,int64,Relationship Attribute,Relationship Attribute,OBSERVED,Maintained from Baseline V1 mapping
proto,Processed_Network_dataset,Network_dataset_15.csv,str,Graph Entity,Graph Entity,OBSERVED,Maintained from Baseline V1 mapping
service,Processed_Network_dataset,Network_dataset_15.csv,str,Graph Entity,Graph Entity,OBSERVED,Maintained from Baseline V1 mapping
duration,Processed_Network_dataset,Network_dataset_15.csv,float64,Graph Attribute,Graph Attribute,OBSERVED,Maintained from Baseline V1 mapping
src_bytes,Processed_Network_dataset,Network_dataset_15.csv,int64,Graph Attribute,Graph Attribute,OBSERVED,Maintained from Baseline V1 mapping
dst_bytes,Processed_Network_dataset,Network_dataset_15.csv,int64,Graph Attribute,Graph Attribute,OBSERVED,Maintained from Baseline V1 mapping
conn_state,Processed_Network_dataset,Network_dataset_15.csv,str,Graph Entity,Graph Entity,OBSERVED,Maintained from Baseline V1 mapping
missed_bytes,Processed_Network_dataset,Network_dataset_15.csv,int64,Graph Attribute,Graph Attribute,OBSERVED,Maintained from Baseline V1 mapping
src_pkts,Processed_Network_dataset,Network_dataset_15.csv,int64,Metadata Attribute,Metadata Attribute,OBSERVED,Maintained from Baseline V1 mapping
src_ip_bytes,Processed_Network_dataset,Network_dataset_15.csv,int64,Graph Entity,Graph Entity,OBSERVED,Maintained from Baseline V1 mapping
dst_pkts,Processed_Network_dataset,Network_dataset_15.csv,int64,Metadata Attribute,Metadata Attribute,OBSERVED,Maintained from Baseline V1 mapping
dst_ip_bytes,Processed_Network_dataset,Network_dataset_15.csv,int64,Graph Entity,Graph Entity,OBSERVED,Maintained from Baseline V1 mapping
dns_query,Processed_Network_dataset,Network_dataset_15.csv,str,Ignored Attribute,Context Attribute,OBSERVED,Recovered as operational contextual attribute
dns_qclass,Processed_Network_dataset,Network_dataset_15.csv,int64,Metadata Attribute,Metadata Attribute,OBSERVED,Maintained from Baseline V1 mapping
dns_qtype,Processed_Network_dataset,Network_dataset_15.csv,int64,Metadata Attribute,Metadata Attribute,OBSERVED,Maintained from Baseline V1 mapping
dns_rcode,Processed_Network_dataset,Network_dataset_15.csv,int64,Ignored Attribute,Graph Node Property,OBSERVED,Recovered as numerical telemetry performance metric
dns_AA,Processed_Network_dataset,Network_dataset_15.csv,str,Ignored Attribute,Context Attribute,OBSERVED,Recovered as operational contextual attribute
dns_RD,Processed_Network_dataset,Network_dataset_15.csv,str,Ignored Attribute,Context Attribute,OBSERVED,Recovered as operational contextual attribute
dns_RA,Processed_Network_dataset,Network_dataset_15.csv,str,Ignored Attribute,Context Attribute,OBSERVED,Recovered as operational contextual attribute
dns_rejected,Processed_Network_dataset,Network_dataset_15.csv,str,Ignored Attribute,Context Attribute,OBSERVED,Recovered as operational contextual attribute
ssl_version,Processed_Network_dataset,Network_dataset_15.csv,str,Ignored Attribute,Context Attribute,OBSERVED,Recovered as operational contextual attribute
ssl_cipher,Processed_Network_dataset,Network_dataset_15.csv,str,Ignored Attribute,Graph Entity,OBSERVED,Recovered as secondary identifier or hardware node key
ssl_resumed,Processed_Network_dataset,Network_dataset_15.csv,str,Ignored Attribute,Context Attribute,OBSERVED,Recovered as operational contextual attribute
ssl_established,Processed_Network_dataset,Network_dataset_15.csv,str,Ignored Attribute,Context Attribute,OBSERVED,Recovered as operational contextual attribute
ssl_subject,Processed_Network_dataset,Network_dataset_15.csv,str,Ignored Attribute,Context Attribute,OBSERVED,Recovered as operational contextual attribute
ssl_issuer,Processed_Network_dataset,Network_dataset_15.csv,str,Ignored Attribute,Context Attribute,OBSERVED,Recovered as operational contextual attribute
http_trans_depth,Processed_Network_dataset,Network_dataset_15.csv,str,Ignored Attribute,Context Attribute,OBSERVED,Recovered as operational contextual attribute
http_method,Processed_Network_dataset,Network_dataset_15.csv,str,Ignored Attribute,Context Attribute,OBSERVED,Recovered as operational contextual attribute
http_uri,Processed_Network_dataset,Network_dataset_15.csv,str,Ignored Attribute,Context Attribute,OBSERVED,Recovered as operational contextual attribute
http_referrer,Processed_Network_dataset,Network_dataset_15.csv,str,Ignored Attribute,Truly Ignored,OBSERVED,Constant or single-value uninformative attribute across file rows
http_version,Processed_Network_dataset,Network_dataset_15.csv,str,Ignored Attribute,Context Attribute,OBSERVED,Recovered as operational contextual attribute
http_request_body_len,Processed_Network_dataset,Network_dataset_15.csv,int64,Ignored Attribute,Truly Ignored,OBSERVED,Constant or single-value uninformative attribute across file rows
http_response_body_len,Processed_Network_dataset,Network_dataset_15.csv,int64,Ignored Attribute,Truly Ignored,OBSERVED,Constant or single-value uninformative attribute across file rows
http_status_code,Processed_Network_dataset,Network_dataset_15.csv,int64,Relationship Attribute,Relationship Attribute,OBSERVED,Maintained from Baseline V1 mapping
http_user_agent,Processed_Network_dataset,Network_dataset_15.csv,str,Graph Entity,Graph Entity,OBSERVED,Maintained from Baseline V1 mapping
http_orig_mime_types,Processed_Network_dataset,Network_dataset_15.csv,str,Metadata Attribute,Metadata Attribute,OBSERVED,Maintained from Baseline V1 mapping
http_resp_mime_types,Processed_Network_dataset,Network_dataset_15.csv,str,Metadata Attribute,Metadata Attribute,OBSERVED,Maintained from Baseline V1 mapping
weird_name,Processed_Network_dataset,Network_dataset_15.csv,str,Graph Entity,Graph Entity,OBSERVED,Maintained from Baseline V1 mapping
weird_addl,Processed_Network_dataset,Network_dataset_15.csv,str,Ignored Attribute,Truly Ignored,OBSERVED,Constant or single-value uninformative attribute across file rows
weird_notice,Processed_Network_dataset,Network_dataset_15.csv,str,Ignored Attribute,Truly Ignored,OBSERVED,Constant or single-value uninformative attribute across file rows
label,Processed_Network_dataset,Network_dataset_15.csv,int64,Graph Entity,Graph Entity,OBSERVED,Maintained from Baseline V1 mapping
type,Processed_Network_dataset,Network_dataset_15.csv,str,Graph Entity,Graph Entity,OBSERVED,Maintained from Baseline V1 mapping
ts,Processed_Network_dataset,Network_dataset_16.csv,int64,Metadata Attribute,Metadata Attribute,OBSERVED,Maintained from Baseline V1 mapping
src_ip,Processed_Network_dataset,Network_dataset_16.csv,str,Graph Entity,Graph Entity,OBSERVED,Maintained from Baseline V1 mapping
src_port,Processed_Network_dataset,Network_dataset_16.csv,int64,Relationship Attribute,Relationship Attribute,OBSERVED,Maintained from Baseline V1 mapping
dst_ip,Processed_Network_dataset,Network_dataset_16.csv,str,Graph Entity,Graph Entity,OBSERVED,Maintained from Baseline V1 mapping
dst_port,Processed_Network_dataset,Network_dataset_16.csv,int64,Relationship Attribute,Relationship Attribute,OBSERVED,Maintained from Baseline V1 mapping
proto,Processed_Network_dataset,Network_dataset_16.csv,str,Graph Entity,Graph Entity,OBSERVED,Maintained from Baseline V1 mapping
service,Processed_Network_dataset,Network_dataset_16.csv,str,Graph Entity,Graph Entity,OBSERVED,Maintained from Baseline V1 mapping
duration,Processed_Network_dataset,Network_dataset_16.csv,float64,Graph Attribute,Graph Attribute,OBSERVED,Maintained from Baseline V1 mapping
src_bytes,Processed_Network_dataset,Network_dataset_16.csv,int64,Graph Attribute,Graph Attribute,OBSERVED,Maintained from Baseline V1 mapping
dst_bytes,Processed_Network_dataset,Network_dataset_16.csv,int64,Graph Attribute,Graph Attribute,OBSERVED,Maintained from Baseline V1 mapping
conn_state,Processed_Network_dataset,Network_dataset_16.csv,str,Graph Entity,Graph Entity,OBSERVED,Maintained from Baseline V1 mapping
missed_bytes,Processed_Network_dataset,Network_dataset_16.csv,int64,Graph Attribute,Graph Attribute,OBSERVED,Maintained from Baseline V1 mapping
src_pkts,Processed_Network_dataset,Network_dataset_16.csv,int64,Metadata Attribute,Metadata Attribute,OBSERVED,Maintained from Baseline V1 mapping
src_ip_bytes,Processed_Network_dataset,Network_dataset_16.csv,int64,Graph Entity,Graph Entity,OBSERVED,Maintained from Baseline V1 mapping
dst_pkts,Processed_Network_dataset,Network_dataset_16.csv,int64,Metadata Attribute,Metadata Attribute,OBSERVED,Maintained from Baseline V1 mapping
dst_ip_bytes,Processed_Network_dataset,Network_dataset_16.csv,int64,Graph Entity,Graph Entity,OBSERVED,Maintained from Baseline V1 mapping
dns_query,Processed_Network_dataset,Network_dataset_16.csv,str,Ignored Attribute,Context Attribute,OBSERVED,Recovered as operational contextual attribute
dns_qclass,Processed_Network_dataset,Network_dataset_16.csv,int64,Metadata Attribute,Metadata Attribute,OBSERVED,Maintained from Baseline V1 mapping
dns_qtype,Processed_Network_dataset,Network_dataset_16.csv,int64,Metadata Attribute,Metadata Attribute,OBSERVED,Maintained from Baseline V1 mapping
dns_rcode,Processed_Network_dataset,Network_dataset_16.csv,int64,Ignored Attribute,Graph Node Property,OBSERVED,Recovered as numerical telemetry performance metric
dns_AA,Processed_Network_dataset,Network_dataset_16.csv,str,Ignored Attribute,Context Attribute,OBSERVED,Recovered as operational contextual attribute
dns_RD,Processed_Network_dataset,Network_dataset_16.csv,str,Ignored Attribute,Context Attribute,OBSERVED,Recovered as operational contextual attribute
dns_RA,Processed_Network_dataset,Network_dataset_16.csv,str,Ignored Attribute,Context Attribute,OBSERVED,Recovered as operational contextual attribute
dns_rejected,Processed_Network_dataset,Network_dataset_16.csv,str,Ignored Attribute,Context Attribute,OBSERVED,Recovered as operational contextual attribute
ssl_version,Processed_Network_dataset,Network_dataset_16.csv,str,Ignored Attribute,Truly Ignored,OBSERVED,Constant or single-value uninformative attribute across file rows
ssl_cipher,Processed_Network_dataset,Network_dataset_16.csv,str,Ignored Attribute,Truly Ignored,OBSERVED,Constant or single-value uninformative attribute across file rows
ssl_resumed,Processed_Network_dataset,Network_dataset_16.csv,str,Ignored Attribute,Truly Ignored,OBSERVED,Constant or single-value uninformative attribute across file rows
ssl_established,Processed_Network_dataset,Network_dataset_16.csv,str,Ignored Attribute,Truly Ignored,OBSERVED,Constant or single-value uninformative attribute across file rows
ssl_subject,Processed_Network_dataset,Network_dataset_16.csv,str,Ignored Attribute,Truly Ignored,OBSERVED,Constant or single-value uninformative attribute across file rows
ssl_issuer,Processed_Network_dataset,Network_dataset_16.csv,str,Ignored Attribute,Truly Ignored,OBSERVED,Constant or single-value uninformative attribute across file rows
http_trans_depth,Processed_Network_dataset,Network_dataset_16.csv,str,Ignored Attribute,Truly Ignored,OBSERVED,Constant or single-value uninformative attribute across file rows
http_method,Processed_Network_dataset,Network_dataset_16.csv,str,Ignored Attribute,Truly Ignored,OBSERVED,Constant or single-value uninformative attribute across file rows
http_uri,Processed_Network_dataset,Network_dataset_16.csv,str,Ignored Attribute,Truly Ignored,OBSERVED,Constant or single-value uninformative attribute across file rows
http_referrer,Processed_Network_dataset,Network_dataset_16.csv,str,Ignored Attribute,Truly Ignored,OBSERVED,Constant or single-value uninformative attribute across file rows
http_version,Processed_Network_dataset,Network_dataset_16.csv,str,Ignored Attribute,Truly Ignored,OBSERVED,Constant or single-value uninformative attribute across file rows
http_request_body_len,Processed_Network_dataset,Network_dataset_16.csv,int64,Ignored Attribute,Truly Ignored,OBSERVED,Constant or single-value uninformative attribute across file rows
http_response_body_len,Processed_Network_dataset,Network_dataset_16.csv,int64,Ignored Attribute,Truly Ignored,OBSERVED,Constant or single-value uninformative attribute across file rows
http_status_code,Processed_Network_dataset,Network_dataset_16.csv,int64,Relationship Attribute,Relationship Attribute,OBSERVED,Maintained from Baseline V1 mapping
http_user_agent,Processed_Network_dataset,Network_dataset_16.csv,str,Graph Entity,Graph Entity,OBSERVED,Maintained from Baseline V1 mapping
http_orig_mime_types,Processed_Network_dataset,Network_dataset_16.csv,str,Metadata Attribute,Metadata Attribute,OBSERVED,Maintained from Baseline V1 mapping
http_resp_mime_types,Processed_Network_dataset,Network_dataset_16.csv,str,Metadata Attribute,Metadata Attribute,OBSERVED,Maintained from Baseline V1 mapping
weird_name,Processed_Network_dataset,Network_dataset_16.csv,str,Graph Entity,Graph Entity,OBSERVED,Maintained from Baseline V1 mapping
weird_addl,Processed_Network_dataset,Network_dataset_16.csv,str,Ignored Attribute,Truly Ignored,OBSERVED,Constant or single-value uninformative attribute across file rows
weird_notice,Processed_Network_dataset,Network_dataset_16.csv,str,Ignored Attribute,Truly Ignored,OBSERVED,Constant or single-value uninformative attribute across file rows
label,Processed_Network_dataset,Network_dataset_16.csv,int64,Graph Entity,Graph Entity,OBSERVED,Maintained from Baseline V1 mapping
type,Processed_Network_dataset,Network_dataset_16.csv,str,Graph Entity,Graph Entity,OBSERVED,Maintained from Baseline V1 mapping
ts,Processed_Network_dataset,Network_dataset_17.csv,int64,Metadata Attribute,Metadata Attribute,OBSERVED,Maintained from Baseline V1 mapping
src_ip,Processed_Network_dataset,Network_dataset_17.csv,str,Graph Entity,Graph Entity,OBSERVED,Maintained from Baseline V1 mapping
src_port,Processed_Network_dataset,Network_dataset_17.csv,int64,Relationship Attribute,Relationship Attribute,OBSERVED,Maintained from Baseline V1 mapping
dst_ip,Processed_Network_dataset,Network_dataset_17.csv,str,Graph Entity,Graph Entity,OBSERVED,Maintained from Baseline V1 mapping
dst_port,Processed_Network_dataset,Network_dataset_17.csv,int64,Relationship Attribute,Relationship Attribute,OBSERVED,Maintained from Baseline V1 mapping
proto,Processed_Network_dataset,Network_dataset_17.csv,str,Graph Entity,Graph Entity,OBSERVED,Maintained from Baseline V1 mapping
service,Processed_Network_dataset,Network_dataset_17.csv,str,Graph Entity,Graph Entity,OBSERVED,Maintained from Baseline V1 mapping
duration,Processed_Network_dataset,Network_dataset_17.csv,float64,Graph Attribute,Graph Attribute,OBSERVED,Maintained from Baseline V1 mapping
src_bytes,Processed_Network_dataset,Network_dataset_17.csv,int64,Graph Attribute,Graph Attribute,OBSERVED,Maintained from Baseline V1 mapping
dst_bytes,Processed_Network_dataset,Network_dataset_17.csv,int64,Graph Attribute,Graph Attribute,OBSERVED,Maintained from Baseline V1 mapping
conn_state,Processed_Network_dataset,Network_dataset_17.csv,str,Graph Entity,Graph Entity,OBSERVED,Maintained from Baseline V1 mapping
missed_bytes,Processed_Network_dataset,Network_dataset_17.csv,int64,Graph Attribute,Graph Attribute,OBSERVED,Maintained from Baseline V1 mapping
src_pkts,Processed_Network_dataset,Network_dataset_17.csv,int64,Metadata Attribute,Metadata Attribute,OBSERVED,Maintained from Baseline V1 mapping
src_ip_bytes,Processed_Network_dataset,Network_dataset_17.csv,int64,Graph Entity,Graph Entity,OBSERVED,Maintained from Baseline V1 mapping
dst_pkts,Processed_Network_dataset,Network_dataset_17.csv,int64,Metadata Attribute,Metadata Attribute,OBSERVED,Maintained from Baseline V1 mapping
dst_ip_bytes,Processed_Network_dataset,Network_dataset_17.csv,int64,Graph Entity,Graph Entity,OBSERVED,Maintained from Baseline V1 mapping
dns_query,Processed_Network_dataset,Network_dataset_17.csv,str,Ignored Attribute,Context Attribute,OBSERVED,Recovered as operational contextual attribute
dns_qclass,Processed_Network_dataset,Network_dataset_17.csv,int64,Metadata Attribute,Metadata Attribute,OBSERVED,Maintained from Baseline V1 mapping
dns_qtype,Processed_Network_dataset,Network_dataset_17.csv,int64,Metadata Attribute,Metadata Attribute,OBSERVED,Maintained from Baseline V1 mapping
dns_rcode,Processed_Network_dataset,Network_dataset_17.csv,int64,Ignored Attribute,Graph Node Property,OBSERVED,Recovered as numerical telemetry performance metric
dns_AA,Processed_Network_dataset,Network_dataset_17.csv,str,Ignored Attribute,Context Attribute,OBSERVED,Recovered as operational contextual attribute
dns_RD,Processed_Network_dataset,Network_dataset_17.csv,str,Ignored Attribute,Context Attribute,OBSERVED,Recovered as operational contextual attribute
dns_RA,Processed_Network_dataset,Network_dataset_17.csv,str,Ignored Attribute,Context Attribute,OBSERVED,Recovered as operational contextual attribute
dns_rejected,Processed_Network_dataset,Network_dataset_17.csv,str,Ignored Attribute,Context Attribute,OBSERVED,Recovered as operational contextual attribute
ssl_version,Processed_Network_dataset,Network_dataset_17.csv,str,Ignored Attribute,Context Attribute,OBSERVED,Recovered as operational contextual attribute
ssl_cipher,Processed_Network_dataset,Network_dataset_17.csv,str,Ignored Attribute,Graph Entity,OBSERVED,Recovered as secondary identifier or hardware node key
ssl_resumed,Processed_Network_dataset,Network_dataset_17.csv,str,Ignored Attribute,Context Attribute,OBSERVED,Recovered as operational contextual attribute
ssl_established,Processed_Network_dataset,Network_dataset_17.csv,str,Ignored Attribute,Context Attribute,OBSERVED,Recovered as operational contextual attribute
ssl_subject,Processed_Network_dataset,Network_dataset_17.csv,str,Ignored Attribute,Context Attribute,OBSERVED,Recovered as operational contextual attribute
ssl_issuer,Processed_Network_dataset,Network_dataset_17.csv,str,Ignored Attribute,Context Attribute,OBSERVED,Recovered as operational contextual attribute
http_trans_depth,Processed_Network_dataset,Network_dataset_17.csv,str,Ignored Attribute,Context Attribute,OBSERVED,Recovered as operational contextual attribute
http_method,Processed_Network_dataset,Network_dataset_17.csv,str,Ignored Attribute,Context Attribute,OBSERVED,Recovered as operational contextual attribute
http_uri,Processed_Network_dataset,Network_dataset_17.csv,str,Ignored Attribute,Context Attribute,OBSERVED,Recovered as operational contextual attribute
http_referrer,Processed_Network_dataset,Network_dataset_17.csv,str,Ignored Attribute,Truly Ignored,OBSERVED,Constant or single-value uninformative attribute across file rows
http_version,Processed_Network_dataset,Network_dataset_17.csv,str,Ignored Attribute,Context Attribute,OBSERVED,Recovered as operational contextual attribute
http_request_body_len,Processed_Network_dataset,Network_dataset_17.csv,int64,Ignored Attribute,Truly Ignored,OBSERVED,Constant or single-value uninformative attribute across file rows
http_response_body_len,Processed_Network_dataset,Network_dataset_17.csv,int64,Ignored Attribute,Truly Ignored,OBSERVED,Constant or single-value uninformative attribute across file rows
http_status_code,Processed_Network_dataset,Network_dataset_17.csv,int64,Relationship Attribute,Relationship Attribute,OBSERVED,Maintained from Baseline V1 mapping
http_user_agent,Processed_Network_dataset,Network_dataset_17.csv,str,Graph Entity,Graph Entity,OBSERVED,Maintained from Baseline V1 mapping
http_orig_mime_types,Processed_Network_dataset,Network_dataset_17.csv,str,Metadata Attribute,Metadata Attribute,OBSERVED,Maintained from Baseline V1 mapping
http_resp_mime_types,Processed_Network_dataset,Network_dataset_17.csv,str,Metadata Attribute,Metadata Attribute,OBSERVED,Maintained from Baseline V1 mapping
weird_name,Processed_Network_dataset,Network_dataset_17.csv,str,Graph Entity,Graph Entity,OBSERVED,Maintained from Baseline V1 mapping
weird_addl,Processed_Network_dataset,Network_dataset_17.csv,str,Ignored Attribute,Truly Ignored,OBSERVED,Constant or single-value uninformative attribute across file rows
weird_notice,Processed_Network_dataset,Network_dataset_17.csv,str,Ignored Attribute,Metadata Attribute,OBSERVED,Recovered as telemetry sequence index or record metadata
label,Processed_Network_dataset,Network_dataset_17.csv,int64,Graph Entity,Graph Entity,OBSERVED,Maintained from Baseline V1 mapping
type,Processed_Network_dataset,Network_dataset_17.csv,str,Graph Entity,Graph Entity,OBSERVED,Maintained from Baseline V1 mapping
ts,Processed_Network_dataset,Network_dataset_18.csv,int64,Metadata Attribute,Metadata Attribute,OBSERVED,Maintained from Baseline V1 mapping
src_ip,Processed_Network_dataset,Network_dataset_18.csv,str,Graph Entity,Graph Entity,OBSERVED,Maintained from Baseline V1 mapping
src_port,Processed_Network_dataset,Network_dataset_18.csv,int64,Relationship Attribute,Relationship Attribute,OBSERVED,Maintained from Baseline V1 mapping
dst_ip,Processed_Network_dataset,Network_dataset_18.csv,str,Graph Entity,Graph Entity,OBSERVED,Maintained from Baseline V1 mapping
dst_port,Processed_Network_dataset,Network_dataset_18.csv,int64,Relationship Attribute,Relationship Attribute,OBSERVED,Maintained from Baseline V1 mapping
proto,Processed_Network_dataset,Network_dataset_18.csv,str,Graph Entity,Graph Entity,OBSERVED,Maintained from Baseline V1 mapping
service,Processed_Network_dataset,Network_dataset_18.csv,str,Graph Entity,Graph Entity,OBSERVED,Maintained from Baseline V1 mapping
duration,Processed_Network_dataset,Network_dataset_18.csv,float64,Graph Attribute,Graph Attribute,OBSERVED,Maintained from Baseline V1 mapping
src_bytes,Processed_Network_dataset,Network_dataset_18.csv,int64,Graph Attribute,Graph Attribute,OBSERVED,Maintained from Baseline V1 mapping
dst_bytes,Processed_Network_dataset,Network_dataset_18.csv,int64,Graph Attribute,Graph Attribute,OBSERVED,Maintained from Baseline V1 mapping
conn_state,Processed_Network_dataset,Network_dataset_18.csv,str,Graph Entity,Graph Entity,OBSERVED,Maintained from Baseline V1 mapping
missed_bytes,Processed_Network_dataset,Network_dataset_18.csv,int64,Graph Attribute,Graph Attribute,OBSERVED,Maintained from Baseline V1 mapping
src_pkts,Processed_Network_dataset,Network_dataset_18.csv,int64,Metadata Attribute,Metadata Attribute,OBSERVED,Maintained from Baseline V1 mapping
src_ip_bytes,Processed_Network_dataset,Network_dataset_18.csv,int64,Graph Entity,Graph Entity,OBSERVED,Maintained from Baseline V1 mapping
dst_pkts,Processed_Network_dataset,Network_dataset_18.csv,int64,Metadata Attribute,Metadata Attribute,OBSERVED,Maintained from Baseline V1 mapping
dst_ip_bytes,Processed_Network_dataset,Network_dataset_18.csv,int64,Graph Entity,Graph Entity,OBSERVED,Maintained from Baseline V1 mapping
dns_query,Processed_Network_dataset,Network_dataset_18.csv,str,Ignored Attribute,Context Attribute,OBSERVED,Recovered as operational contextual attribute
dns_qclass,Processed_Network_dataset,Network_dataset_18.csv,int64,Metadata Attribute,Metadata Attribute,OBSERVED,Maintained from Baseline V1 mapping
dns_qtype,Processed_Network_dataset,Network_dataset_18.csv,int64,Metadata Attribute,Metadata Attribute,OBSERVED,Maintained from Baseline V1 mapping
dns_rcode,Processed_Network_dataset,Network_dataset_18.csv,int64,Ignored Attribute,Truly Ignored,OBSERVED,Constant or single-value uninformative attribute across file rows
dns_AA,Processed_Network_dataset,Network_dataset_18.csv,str,Ignored Attribute,Context Attribute,OBSERVED,Recovered as operational contextual attribute
dns_RD,Processed_Network_dataset,Network_dataset_18.csv,str,Ignored Attribute,Context Attribute,OBSERVED,Recovered as operational contextual attribute
dns_RA,Processed_Network_dataset,Network_dataset_18.csv,str,Ignored Attribute,Context Attribute,OBSERVED,Recovered as operational contextual attribute
dns_rejected,Processed_Network_dataset,Network_dataset_18.csv,str,Ignored Attribute,Context Attribute,OBSERVED,Recovered as operational contextual attribute
ssl_version,Processed_Network_dataset,Network_dataset_18.csv,str,Ignored Attribute,Truly Ignored,OBSERVED,Constant or single-value uninformative attribute across file rows
ssl_cipher,Processed_Network_dataset,Network_dataset_18.csv,str,Ignored Attribute,Truly Ignored,OBSERVED,Constant or single-value uninformative attribute across file rows
ssl_resumed,Processed_Network_dataset,Network_dataset_18.csv,str,Ignored Attribute,Truly Ignored,OBSERVED,Constant or single-value uninformative attribute across file rows
ssl_established,Processed_Network_dataset,Network_dataset_18.csv,str,Ignored Attribute,Truly Ignored,OBSERVED,Constant or single-value uninformative attribute across file rows
ssl_subject,Processed_Network_dataset,Network_dataset_18.csv,str,Ignored Attribute,Truly Ignored,OBSERVED,Constant or single-value uninformative attribute across file rows
ssl_issuer,Processed_Network_dataset,Network_dataset_18.csv,str,Ignored Attribute,Truly Ignored,OBSERVED,Constant or single-value uninformative attribute across file rows
http_trans_depth,Processed_Network_dataset,Network_dataset_18.csv,str,Ignored Attribute,Truly Ignored,OBSERVED,Constant or single-value uninformative attribute across file rows
http_method,Processed_Network_dataset,Network_dataset_18.csv,str,Ignored Attribute,Truly Ignored,OBSERVED,Constant or single-value uninformative attribute across file rows
http_uri,Processed_Network_dataset,Network_dataset_18.csv,str,Ignored Attribute,Truly Ignored,OBSERVED,Constant or single-value uninformative attribute across file rows
http_referrer,Processed_Network_dataset,Network_dataset_18.csv,str,Ignored Attribute,Truly Ignored,OBSERVED,Constant or single-value uninformative attribute across file rows
http_version,Processed_Network_dataset,Network_dataset_18.csv,str,Ignored Attribute,Truly Ignored,OBSERVED,Constant or single-value uninformative attribute across file rows
http_request_body_len,Processed_Network_dataset,Network_dataset_18.csv,int64,Ignored Attribute,Truly Ignored,OBSERVED,Constant or single-value uninformative attribute across file rows
http_response_body_len,Processed_Network_dataset,Network_dataset_18.csv,int64,Ignored Attribute,Truly Ignored,OBSERVED,Constant or single-value uninformative attribute across file rows
http_status_code,Processed_Network_dataset,Network_dataset_18.csv,int64,Relationship Attribute,Relationship Attribute,OBSERVED,Maintained from Baseline V1 mapping
http_user_agent,Processed_Network_dataset,Network_dataset_18.csv,str,Graph Entity,Graph Entity,OBSERVED,Maintained from Baseline V1 mapping
http_orig_mime_types,Processed_Network_dataset,Network_dataset_18.csv,str,Metadata Attribute,Metadata Attribute,OBSERVED,Maintained from Baseline V1 mapping
http_resp_mime_types,Processed_Network_dataset,Network_dataset_18.csv,str,Metadata Attribute,Metadata Attribute,OBSERVED,Maintained from Baseline V1 mapping
weird_name,Processed_Network_dataset,Network_dataset_18.csv,str,Graph Entity,Graph Entity,OBSERVED,Maintained from Baseline V1 mapping
weird_addl,Processed_Network_dataset,Network_dataset_18.csv,str,Ignored Attribute,Truly Ignored,OBSERVED,Constant or single-value uninformative attribute across file rows
weird_notice,Processed_Network_dataset,Network_dataset_18.csv,str,Ignored Attribute,Metadata Attribute,OBSERVED,Recovered as telemetry sequence index or record metadata
label,Processed_Network_dataset,Network_dataset_18.csv,int64,Graph Entity,Graph Entity,OBSERVED,Maintained from Baseline V1 mapping
type,Processed_Network_dataset,Network_dataset_18.csv,str,Graph Entity,Graph Entity,OBSERVED,Maintained from Baseline V1 mapping
ts,Processed_Network_dataset,Network_dataset_19.csv,int64,Metadata Attribute,Metadata Attribute,OBSERVED,Maintained from Baseline V1 mapping
src_ip,Processed_Network_dataset,Network_dataset_19.csv,str,Graph Entity,Graph Entity,OBSERVED,Maintained from Baseline V1 mapping
src_port,Processed_Network_dataset,Network_dataset_19.csv,int64,Relationship Attribute,Relationship Attribute,OBSERVED,Maintained from Baseline V1 mapping
dst_ip,Processed_Network_dataset,Network_dataset_19.csv,str,Graph Entity,Graph Entity,OBSERVED,Maintained from Baseline V1 mapping
dst_port,Processed_Network_dataset,Network_dataset_19.csv,int64,Relationship Attribute,Relationship Attribute,OBSERVED,Maintained from Baseline V1 mapping
proto,Processed_Network_dataset,Network_dataset_19.csv,str,Graph Entity,Graph Entity,OBSERVED,Maintained from Baseline V1 mapping
service,Processed_Network_dataset,Network_dataset_19.csv,str,Graph Entity,Graph Entity,OBSERVED,Maintained from Baseline V1 mapping
duration,Processed_Network_dataset,Network_dataset_19.csv,float64,Graph Attribute,Graph Attribute,OBSERVED,Maintained from Baseline V1 mapping
src_bytes,Processed_Network_dataset,Network_dataset_19.csv,int64,Graph Attribute,Graph Attribute,OBSERVED,Maintained from Baseline V1 mapping
dst_bytes,Processed_Network_dataset,Network_dataset_19.csv,int64,Graph Attribute,Graph Attribute,OBSERVED,Maintained from Baseline V1 mapping
conn_state,Processed_Network_dataset,Network_dataset_19.csv,str,Graph Entity,Graph Entity,OBSERVED,Maintained from Baseline V1 mapping
missed_bytes,Processed_Network_dataset,Network_dataset_19.csv,int64,Graph Attribute,Graph Attribute,OBSERVED,Maintained from Baseline V1 mapping
src_pkts,Processed_Network_dataset,Network_dataset_19.csv,int64,Metadata Attribute,Metadata Attribute,OBSERVED,Maintained from Baseline V1 mapping
src_ip_bytes,Processed_Network_dataset,Network_dataset_19.csv,int64,Graph Entity,Graph Entity,OBSERVED,Maintained from Baseline V1 mapping
dst_pkts,Processed_Network_dataset,Network_dataset_19.csv,int64,Metadata Attribute,Metadata Attribute,OBSERVED,Maintained from Baseline V1 mapping
dst_ip_bytes,Processed_Network_dataset,Network_dataset_19.csv,int64,Graph Entity,Graph Entity,OBSERVED,Maintained from Baseline V1 mapping
dns_query,Processed_Network_dataset,Network_dataset_19.csv,str,Ignored Attribute,Context Attribute,OBSERVED,Recovered as operational contextual attribute
dns_qclass,Processed_Network_dataset,Network_dataset_19.csv,int64,Metadata Attribute,Metadata Attribute,OBSERVED,Maintained from Baseline V1 mapping
dns_qtype,Processed_Network_dataset,Network_dataset_19.csv,int64,Metadata Attribute,Metadata Attribute,OBSERVED,Maintained from Baseline V1 mapping
dns_rcode,Processed_Network_dataset,Network_dataset_19.csv,int64,Ignored Attribute,Truly Ignored,OBSERVED,Constant or single-value uninformative attribute across file rows
dns_AA,Processed_Network_dataset,Network_dataset_19.csv,str,Ignored Attribute,Context Attribute,OBSERVED,Recovered as operational contextual attribute
dns_RD,Processed_Network_dataset,Network_dataset_19.csv,str,Ignored Attribute,Context Attribute,OBSERVED,Recovered as operational contextual attribute
dns_RA,Processed_Network_dataset,Network_dataset_19.csv,str,Ignored Attribute,Context Attribute,OBSERVED,Recovered as operational contextual attribute
dns_rejected,Processed_Network_dataset,Network_dataset_19.csv,str,Ignored Attribute,Context Attribute,OBSERVED,Recovered as operational contextual attribute
ssl_version,Processed_Network_dataset,Network_dataset_19.csv,str,Ignored Attribute,Truly Ignored,OBSERVED,Constant or single-value uninformative attribute across file rows
ssl_cipher,Processed_Network_dataset,Network_dataset_19.csv,str,Ignored Attribute,Truly Ignored,OBSERVED,Constant or single-value uninformative attribute across file rows
ssl_resumed,Processed_Network_dataset,Network_dataset_19.csv,str,Ignored Attribute,Truly Ignored,OBSERVED,Constant or single-value uninformative attribute across file rows
ssl_established,Processed_Network_dataset,Network_dataset_19.csv,str,Ignored Attribute,Truly Ignored,OBSERVED,Constant or single-value uninformative attribute across file rows
ssl_subject,Processed_Network_dataset,Network_dataset_19.csv,str,Ignored Attribute,Truly Ignored,OBSERVED,Constant or single-value uninformative attribute across file rows
ssl_issuer,Processed_Network_dataset,Network_dataset_19.csv,str,Ignored Attribute,Truly Ignored,OBSERVED,Constant or single-value uninformative attribute across file rows
http_trans_depth,Processed_Network_dataset,Network_dataset_19.csv,str,Ignored Attribute,Context Attribute,OBSERVED,Recovered as operational contextual attribute
http_method,Processed_Network_dataset,Network_dataset_19.csv,str,Ignored Attribute,Context Attribute,OBSERVED,Recovered as operational contextual attribute
http_uri,Processed_Network_dataset,Network_dataset_19.csv,str,Ignored Attribute,Context Attribute,OBSERVED,Recovered as operational contextual attribute
http_referrer,Processed_Network_dataset,Network_dataset_19.csv,str,Ignored Attribute,Truly Ignored,OBSERVED,Constant or single-value uninformative attribute across file rows
http_version,Processed_Network_dataset,Network_dataset_19.csv,str,Ignored Attribute,Context Attribute,OBSERVED,Recovered as operational contextual attribute
http_request_body_len,Processed_Network_dataset,Network_dataset_19.csv,int64,Ignored Attribute,Relationship Property,OBSERVED,Recovered as dynamic network interaction telemetry / flow metric for directed communication edge
http_response_body_len,Processed_Network_dataset,Network_dataset_19.csv,int64,Ignored Attribute,Relationship Property,OBSERVED,Recovered as dynamic network interaction telemetry / flow metric for directed communication edge
http_status_code,Processed_Network_dataset,Network_dataset_19.csv,int64,Relationship Attribute,Relationship Attribute,OBSERVED,Maintained from Baseline V1 mapping
http_user_agent,Processed_Network_dataset,Network_dataset_19.csv,str,Graph Entity,Graph Entity,OBSERVED,Maintained from Baseline V1 mapping
http_orig_mime_types,Processed_Network_dataset,Network_dataset_19.csv,str,Metadata Attribute,Metadata Attribute,OBSERVED,Maintained from Baseline V1 mapping
http_resp_mime_types,Processed_Network_dataset,Network_dataset_19.csv,str,Metadata Attribute,Metadata Attribute,OBSERVED,Maintained from Baseline V1 mapping
weird_name,Processed_Network_dataset,Network_dataset_19.csv,str,Graph Entity,Graph Entity,OBSERVED,Maintained from Baseline V1 mapping
weird_addl,Processed_Network_dataset,Network_dataset_19.csv,str,Ignored Attribute,Truly Ignored,OBSERVED,Constant or single-value uninformative attribute across file rows
weird_notice,Processed_Network_dataset,Network_dataset_19.csv,str,Ignored Attribute,Truly Ignored,OBSERVED,Constant or single-value uninformative attribute across file rows
label,Processed_Network_dataset,Network_dataset_19.csv,int64,Graph Entity,Graph Entity,OBSERVED,Maintained from Baseline V1 mapping
type,Processed_Network_dataset,Network_dataset_19.csv,str,Graph Entity,Graph Entity,OBSERVED,Maintained from Baseline V1 mapping
ts,Processed_Network_dataset,Network_dataset_2.csv,int64,Metadata Attribute,Metadata Attribute,OBSERVED,Maintained from Baseline V1 mapping
src_ip,Processed_Network_dataset,Network_dataset_2.csv,str,Graph Entity,Graph Entity,OBSERVED,Maintained from Baseline V1 mapping
src_port,Processed_Network_dataset,Network_dataset_2.csv,int64,Relationship Attribute,Relationship Attribute,OBSERVED,Maintained from Baseline V1 mapping
dst_ip,Processed_Network_dataset,Network_dataset_2.csv,str,Graph Entity,Graph Entity,OBSERVED,Maintained from Baseline V1 mapping
dst_port,Processed_Network_dataset,Network_dataset_2.csv,int64,Relationship Attribute,Relationship Attribute,OBSERVED,Maintained from Baseline V1 mapping
proto,Processed_Network_dataset,Network_dataset_2.csv,str,Graph Entity,Graph Entity,OBSERVED,Maintained from Baseline V1 mapping
service,Processed_Network_dataset,Network_dataset_2.csv,str,Graph Entity,Graph Entity,OBSERVED,Maintained from Baseline V1 mapping
duration,Processed_Network_dataset,Network_dataset_2.csv,float64,Graph Attribute,Graph Attribute,OBSERVED,Maintained from Baseline V1 mapping
src_bytes,Processed_Network_dataset,Network_dataset_2.csv,int64,Graph Attribute,Graph Attribute,OBSERVED,Maintained from Baseline V1 mapping
dst_bytes,Processed_Network_dataset,Network_dataset_2.csv,int64,Graph Attribute,Graph Attribute,OBSERVED,Maintained from Baseline V1 mapping
conn_state,Processed_Network_dataset,Network_dataset_2.csv,str,Graph Entity,Graph Entity,OBSERVED,Maintained from Baseline V1 mapping
missed_bytes,Processed_Network_dataset,Network_dataset_2.csv,int64,Graph Attribute,Graph Attribute,OBSERVED,Maintained from Baseline V1 mapping
src_pkts,Processed_Network_dataset,Network_dataset_2.csv,int64,Metadata Attribute,Metadata Attribute,OBSERVED,Maintained from Baseline V1 mapping
src_ip_bytes,Processed_Network_dataset,Network_dataset_2.csv,int64,Graph Entity,Graph Entity,OBSERVED,Maintained from Baseline V1 mapping
dst_pkts,Processed_Network_dataset,Network_dataset_2.csv,int64,Metadata Attribute,Metadata Attribute,OBSERVED,Maintained from Baseline V1 mapping
dst_ip_bytes,Processed_Network_dataset,Network_dataset_2.csv,int64,Graph Entity,Graph Entity,OBSERVED,Maintained from Baseline V1 mapping
dns_query,Processed_Network_dataset,Network_dataset_2.csv,str,Ignored Attribute,Truly Ignored,OBSERVED,Constant or single-value uninformative attribute across file rows
dns_qclass,Processed_Network_dataset,Network_dataset_2.csv,int64,Metadata Attribute,Metadata Attribute,OBSERVED,Maintained from Baseline V1 mapping
dns_qtype,Processed_Network_dataset,Network_dataset_2.csv,int64,Metadata Attribute,Metadata Attribute,OBSERVED,Maintained from Baseline V1 mapping
dns_rcode,Processed_Network_dataset,Network_dataset_2.csv,int64,Ignored Attribute,Truly Ignored,OBSERVED,Constant or single-value uninformative attribute across file rows
dns_AA,Processed_Network_dataset,Network_dataset_2.csv,str,Ignored Attribute,Truly Ignored,OBSERVED,Constant or single-value uninformative attribute across file rows
dns_RD,Processed_Network_dataset,Network_dataset_2.csv,str,Ignored Attribute,Truly Ignored,OBSERVED,Constant or single-value uninformative attribute across file rows
dns_RA,Processed_Network_dataset,Network_dataset_2.csv,str,Ignored Attribute,Truly Ignored,OBSERVED,Constant or single-value uninformative attribute across file rows
dns_rejected,Processed_Network_dataset,Network_dataset_2.csv,str,Ignored Attribute,Truly Ignored,OBSERVED,Constant or single-value uninformative attribute across file rows
ssl_version,Processed_Network_dataset,Network_dataset_2.csv,str,Ignored Attribute,Truly Ignored,OBSERVED,Constant or single-value uninformative attribute across file rows
ssl_cipher,Processed_Network_dataset,Network_dataset_2.csv,str,Ignored Attribute,Truly Ignored,OBSERVED,Constant or single-value uninformative attribute across file rows
ssl_resumed,Processed_Network_dataset,Network_dataset_2.csv,str,Ignored Attribute,Truly Ignored,OBSERVED,Constant or single-value uninformative attribute across file rows
ssl_established,Processed_Network_dataset,Network_dataset_2.csv,str,Ignored Attribute,Truly Ignored,OBSERVED,Constant or single-value uninformative attribute across file rows
ssl_subject,Processed_Network_dataset,Network_dataset_2.csv,str,Ignored Attribute,Truly Ignored,OBSERVED,Constant or single-value uninformative attribute across file rows
ssl_issuer,Processed_Network_dataset,Network_dataset_2.csv,str,Ignored Attribute,Truly Ignored,OBSERVED,Constant or single-value uninformative attribute across file rows
http_trans_depth,Processed_Network_dataset,Network_dataset_2.csv,str,Ignored Attribute,Truly Ignored,OBSERVED,Constant or single-value uninformative attribute across file rows
http_method,Processed_Network_dataset,Network_dataset_2.csv,str,Ignored Attribute,Truly Ignored,OBSERVED,Constant or single-value uninformative attribute across file rows
http_uri,Processed_Network_dataset,Network_dataset_2.csv,str,Ignored Attribute,Truly Ignored,OBSERVED,Constant or single-value uninformative attribute across file rows
http_referrer,Processed_Network_dataset,Network_dataset_2.csv,str,Ignored Attribute,Truly Ignored,OBSERVED,Constant or single-value uninformative attribute across file rows
http_version,Processed_Network_dataset,Network_dataset_2.csv,str,Ignored Attribute,Truly Ignored,OBSERVED,Constant or single-value uninformative attribute across file rows
http_request_body_len,Processed_Network_dataset,Network_dataset_2.csv,int64,Ignored Attribute,Truly Ignored,OBSERVED,Constant or single-value uninformative attribute across file rows
http_response_body_len,Processed_Network_dataset,Network_dataset_2.csv,int64,Ignored Attribute,Truly Ignored,OBSERVED,Constant or single-value uninformative attribute across file rows
http_status_code,Processed_Network_dataset,Network_dataset_2.csv,int64,Relationship Attribute,Relationship Attribute,OBSERVED,Maintained from Baseline V1 mapping
http_user_agent,Processed_Network_dataset,Network_dataset_2.csv,str,Graph Entity,Graph Entity,OBSERVED,Maintained from Baseline V1 mapping
http_orig_mime_types,Processed_Network_dataset,Network_dataset_2.csv,str,Metadata Attribute,Metadata Attribute,OBSERVED,Maintained from Baseline V1 mapping
http_resp_mime_types,Processed_Network_dataset,Network_dataset_2.csv,str,Metadata Attribute,Metadata Attribute,OBSERVED,Maintained from Baseline V1 mapping
weird_name,Processed_Network_dataset,Network_dataset_2.csv,str,Graph Entity,Graph Entity,OBSERVED,Maintained from Baseline V1 mapping
weird_addl,Processed_Network_dataset,Network_dataset_2.csv,str,Ignored Attribute,Truly Ignored,OBSERVED,Constant or single-value uninformative attribute across file rows
weird_notice,Processed_Network_dataset,Network_dataset_2.csv,str,Ignored Attribute,Truly Ignored,OBSERVED,Constant or single-value uninformative attribute across file rows
label,Processed_Network_dataset,Network_dataset_2.csv,int64,Graph Entity,Graph Entity,OBSERVED,Maintained from Baseline V1 mapping
type,Processed_Network_dataset,Network_dataset_2.csv,str,Graph Entity,Graph Entity,OBSERVED,Maintained from Baseline V1 mapping
ts,Processed_Network_dataset,Network_dataset_20.csv,int64,Metadata Attribute,Metadata Attribute,OBSERVED,Maintained from Baseline V1 mapping
src_ip,Processed_Network_dataset,Network_dataset_20.csv,str,Graph Entity,Graph Entity,OBSERVED,Maintained from Baseline V1 mapping
src_port,Processed_Network_dataset,Network_dataset_20.csv,int64,Relationship Attribute,Relationship Attribute,OBSERVED,Maintained from Baseline V1 mapping
dst_ip,Processed_Network_dataset,Network_dataset_20.csv,str,Graph Entity,Graph Entity,OBSERVED,Maintained from Baseline V1 mapping
dst_port,Processed_Network_dataset,Network_dataset_20.csv,int64,Relationship Attribute,Relationship Attribute,OBSERVED,Maintained from Baseline V1 mapping
proto,Processed_Network_dataset,Network_dataset_20.csv,str,Graph Entity,Graph Entity,OBSERVED,Maintained from Baseline V1 mapping
service,Processed_Network_dataset,Network_dataset_20.csv,str,Graph Entity,Graph Entity,OBSERVED,Maintained from Baseline V1 mapping
duration,Processed_Network_dataset,Network_dataset_20.csv,float64,Graph Attribute,Graph Attribute,OBSERVED,Maintained from Baseline V1 mapping
src_bytes,Processed_Network_dataset,Network_dataset_20.csv,int64,Graph Attribute,Graph Attribute,OBSERVED,Maintained from Baseline V1 mapping
dst_bytes,Processed_Network_dataset,Network_dataset_20.csv,int64,Graph Attribute,Graph Attribute,OBSERVED,Maintained from Baseline V1 mapping
conn_state,Processed_Network_dataset,Network_dataset_20.csv,str,Graph Entity,Graph Entity,OBSERVED,Maintained from Baseline V1 mapping
missed_bytes,Processed_Network_dataset,Network_dataset_20.csv,int64,Graph Attribute,Graph Attribute,OBSERVED,Maintained from Baseline V1 mapping
src_pkts,Processed_Network_dataset,Network_dataset_20.csv,int64,Metadata Attribute,Metadata Attribute,OBSERVED,Maintained from Baseline V1 mapping
src_ip_bytes,Processed_Network_dataset,Network_dataset_20.csv,int64,Graph Entity,Graph Entity,OBSERVED,Maintained from Baseline V1 mapping
dst_pkts,Processed_Network_dataset,Network_dataset_20.csv,int64,Metadata Attribute,Metadata Attribute,OBSERVED,Maintained from Baseline V1 mapping
dst_ip_bytes,Processed_Network_dataset,Network_dataset_20.csv,int64,Graph Entity,Graph Entity,OBSERVED,Maintained from Baseline V1 mapping
dns_query,Processed_Network_dataset,Network_dataset_20.csv,str,Ignored Attribute,Context Attribute,OBSERVED,Recovered as operational contextual attribute
dns_qclass,Processed_Network_dataset,Network_dataset_20.csv,int64,Metadata Attribute,Metadata Attribute,OBSERVED,Maintained from Baseline V1 mapping
dns_qtype,Processed_Network_dataset,Network_dataset_20.csv,int64,Metadata Attribute,Metadata Attribute,OBSERVED,Maintained from Baseline V1 mapping
dns_rcode,Processed_Network_dataset,Network_dataset_20.csv,int64,Ignored Attribute,Truly Ignored,OBSERVED,Constant or single-value uninformative attribute across file rows
dns_AA,Processed_Network_dataset,Network_dataset_20.csv,str,Ignored Attribute,Context Attribute,OBSERVED,Recovered as operational contextual attribute
dns_RD,Processed_Network_dataset,Network_dataset_20.csv,str,Ignored Attribute,Context Attribute,OBSERVED,Recovered as operational contextual attribute
dns_RA,Processed_Network_dataset,Network_dataset_20.csv,str,Ignored Attribute,Context Attribute,OBSERVED,Recovered as operational contextual attribute
dns_rejected,Processed_Network_dataset,Network_dataset_20.csv,str,Ignored Attribute,Context Attribute,OBSERVED,Recovered as operational contextual attribute
ssl_version,Processed_Network_dataset,Network_dataset_20.csv,str,Ignored Attribute,Truly Ignored,OBSERVED,Constant or single-value uninformative attribute across file rows
ssl_cipher,Processed_Network_dataset,Network_dataset_20.csv,str,Ignored Attribute,Truly Ignored,OBSERVED,Constant or single-value uninformative attribute across file rows
ssl_resumed,Processed_Network_dataset,Network_dataset_20.csv,str,Ignored Attribute,Truly Ignored,OBSERVED,Constant or single-value uninformative attribute across file rows
ssl_established,Processed_Network_dataset,Network_dataset_20.csv,str,Ignored Attribute,Truly Ignored,OBSERVED,Constant or single-value uninformative attribute across file rows
ssl_subject,Processed_Network_dataset,Network_dataset_20.csv,str,Ignored Attribute,Truly Ignored,OBSERVED,Constant or single-value uninformative attribute across file rows
ssl_issuer,Processed_Network_dataset,Network_dataset_20.csv,str,Ignored Attribute,Truly Ignored,OBSERVED,Constant or single-value uninformative attribute across file rows
http_trans_depth,Processed_Network_dataset,Network_dataset_20.csv,str,Ignored Attribute,Context Attribute,OBSERVED,Recovered as operational contextual attribute
http_method,Processed_Network_dataset,Network_dataset_20.csv,str,Ignored Attribute,Context Attribute,OBSERVED,Recovered as operational contextual attribute
http_uri,Processed_Network_dataset,Network_dataset_20.csv,str,Ignored Attribute,Context Attribute,OBSERVED,Recovered as operational contextual attribute
http_referrer,Processed_Network_dataset,Network_dataset_20.csv,str,Ignored Attribute,Truly Ignored,OBSERVED,Constant or single-value uninformative attribute across file rows
http_version,Processed_Network_dataset,Network_dataset_20.csv,str,Ignored Attribute,Context Attribute,OBSERVED,Recovered as operational contextual attribute
http_request_body_len,Processed_Network_dataset,Network_dataset_20.csv,int64,Ignored Attribute,Relationship Property,OBSERVED,Recovered as dynamic network interaction telemetry / flow metric for directed communication edge
http_response_body_len,Processed_Network_dataset,Network_dataset_20.csv,int64,Ignored Attribute,Relationship Property,OBSERVED,Recovered as dynamic network interaction telemetry / flow metric for directed communication edge
http_status_code,Processed_Network_dataset,Network_dataset_20.csv,int64,Relationship Attribute,Relationship Attribute,OBSERVED,Maintained from Baseline V1 mapping
http_user_agent,Processed_Network_dataset,Network_dataset_20.csv,str,Graph Entity,Graph Entity,OBSERVED,Maintained from Baseline V1 mapping
http_orig_mime_types,Processed_Network_dataset,Network_dataset_20.csv,str,Metadata Attribute,Metadata Attribute,OBSERVED,Maintained from Baseline V1 mapping
http_resp_mime_types,Processed_Network_dataset,Network_dataset_20.csv,str,Metadata Attribute,Metadata Attribute,OBSERVED,Maintained from Baseline V1 mapping
weird_name,Processed_Network_dataset,Network_dataset_20.csv,str,Graph Entity,Graph Entity,OBSERVED,Maintained from Baseline V1 mapping
weird_addl,Processed_Network_dataset,Network_dataset_20.csv,str,Ignored Attribute,Truly Ignored,OBSERVED,Constant or single-value uninformative attribute across file rows
weird_notice,Processed_Network_dataset,Network_dataset_20.csv,str,Ignored Attribute,Truly Ignored,OBSERVED,Constant or single-value uninformative attribute across file rows
label,Processed_Network_dataset,Network_dataset_20.csv,int64,Graph Entity,Graph Entity,OBSERVED,Maintained from Baseline V1 mapping
type,Processed_Network_dataset,Network_dataset_20.csv,str,Graph Entity,Graph Entity,OBSERVED,Maintained from Baseline V1 mapping
ts,Processed_Network_dataset,Network_dataset_21.csv,int64,Metadata Attribute,Metadata Attribute,OBSERVED,Maintained from Baseline V1 mapping
src_ip,Processed_Network_dataset,Network_dataset_21.csv,str,Graph Entity,Graph Entity,OBSERVED,Maintained from Baseline V1 mapping
src_port,Processed_Network_dataset,Network_dataset_21.csv,int64,Relationship Attribute,Relationship Attribute,OBSERVED,Maintained from Baseline V1 mapping
dst_ip,Processed_Network_dataset,Network_dataset_21.csv,str,Graph Entity,Graph Entity,OBSERVED,Maintained from Baseline V1 mapping
dst_port,Processed_Network_dataset,Network_dataset_21.csv,int64,Relationship Attribute,Relationship Attribute,OBSERVED,Maintained from Baseline V1 mapping
proto,Processed_Network_dataset,Network_dataset_21.csv,str,Graph Entity,Graph Entity,OBSERVED,Maintained from Baseline V1 mapping
service,Processed_Network_dataset,Network_dataset_21.csv,str,Graph Entity,Graph Entity,OBSERVED,Maintained from Baseline V1 mapping
duration,Processed_Network_dataset,Network_dataset_21.csv,float64,Graph Attribute,Graph Attribute,OBSERVED,Maintained from Baseline V1 mapping
src_bytes,Processed_Network_dataset,Network_dataset_21.csv,int64,Graph Attribute,Graph Attribute,OBSERVED,Maintained from Baseline V1 mapping
dst_bytes,Processed_Network_dataset,Network_dataset_21.csv,int64,Graph Attribute,Graph Attribute,OBSERVED,Maintained from Baseline V1 mapping
conn_state,Processed_Network_dataset,Network_dataset_21.csv,str,Graph Entity,Graph Entity,OBSERVED,Maintained from Baseline V1 mapping
missed_bytes,Processed_Network_dataset,Network_dataset_21.csv,int64,Graph Attribute,Graph Attribute,OBSERVED,Maintained from Baseline V1 mapping
src_pkts,Processed_Network_dataset,Network_dataset_21.csv,int64,Metadata Attribute,Metadata Attribute,OBSERVED,Maintained from Baseline V1 mapping
src_ip_bytes,Processed_Network_dataset,Network_dataset_21.csv,int64,Graph Entity,Graph Entity,OBSERVED,Maintained from Baseline V1 mapping
dst_pkts,Processed_Network_dataset,Network_dataset_21.csv,int64,Metadata Attribute,Metadata Attribute,OBSERVED,Maintained from Baseline V1 mapping
dst_ip_bytes,Processed_Network_dataset,Network_dataset_21.csv,int64,Graph Entity,Graph Entity,OBSERVED,Maintained from Baseline V1 mapping
dns_query,Processed_Network_dataset,Network_dataset_21.csv,str,Ignored Attribute,Context Attribute,OBSERVED,Recovered as operational contextual attribute
dns_qclass,Processed_Network_dataset,Network_dataset_21.csv,int64,Metadata Attribute,Metadata Attribute,OBSERVED,Maintained from Baseline V1 mapping
dns_qtype,Processed_Network_dataset,Network_dataset_21.csv,int64,Metadata Attribute,Metadata Attribute,OBSERVED,Maintained from Baseline V1 mapping
dns_rcode,Processed_Network_dataset,Network_dataset_21.csv,int64,Ignored Attribute,Truly Ignored,OBSERVED,Constant or single-value uninformative attribute across file rows
dns_AA,Processed_Network_dataset,Network_dataset_21.csv,str,Ignored Attribute,Context Attribute,OBSERVED,Recovered as operational contextual attribute
dns_RD,Processed_Network_dataset,Network_dataset_21.csv,str,Ignored Attribute,Context Attribute,OBSERVED,Recovered as operational contextual attribute
dns_RA,Processed_Network_dataset,Network_dataset_21.csv,str,Ignored Attribute,Context Attribute,OBSERVED,Recovered as operational contextual attribute
dns_rejected,Processed_Network_dataset,Network_dataset_21.csv,str,Ignored Attribute,Context Attribute,OBSERVED,Recovered as operational contextual attribute
ssl_version,Processed_Network_dataset,Network_dataset_21.csv,str,Ignored Attribute,Truly Ignored,OBSERVED,Constant or single-value uninformative attribute across file rows
ssl_cipher,Processed_Network_dataset,Network_dataset_21.csv,str,Ignored Attribute,Truly Ignored,OBSERVED,Constant or single-value uninformative attribute across file rows
ssl_resumed,Processed_Network_dataset,Network_dataset_21.csv,str,Ignored Attribute,Truly Ignored,OBSERVED,Constant or single-value uninformative attribute across file rows
ssl_established,Processed_Network_dataset,Network_dataset_21.csv,str,Ignored Attribute,Truly Ignored,OBSERVED,Constant or single-value uninformative attribute across file rows
ssl_subject,Processed_Network_dataset,Network_dataset_21.csv,str,Ignored Attribute,Truly Ignored,OBSERVED,Constant or single-value uninformative attribute across file rows
ssl_issuer,Processed_Network_dataset,Network_dataset_21.csv,str,Ignored Attribute,Truly Ignored,OBSERVED,Constant or single-value uninformative attribute across file rows
http_trans_depth,Processed_Network_dataset,Network_dataset_21.csv,str,Ignored Attribute,Context Attribute,OBSERVED,Recovered as operational contextual attribute
http_method,Processed_Network_dataset,Network_dataset_21.csv,str,Ignored Attribute,Context Attribute,OBSERVED,Recovered as operational contextual attribute
http_uri,Processed_Network_dataset,Network_dataset_21.csv,str,Ignored Attribute,Context Attribute,OBSERVED,Recovered as operational contextual attribute
http_referrer,Processed_Network_dataset,Network_dataset_21.csv,str,Ignored Attribute,Truly Ignored,OBSERVED,Constant or single-value uninformative attribute across file rows
http_version,Processed_Network_dataset,Network_dataset_21.csv,str,Ignored Attribute,Context Attribute,OBSERVED,Recovered as operational contextual attribute
http_request_body_len,Processed_Network_dataset,Network_dataset_21.csv,int64,Ignored Attribute,Truly Ignored,OBSERVED,Constant or single-value uninformative attribute across file rows
http_response_body_len,Processed_Network_dataset,Network_dataset_21.csv,int64,Ignored Attribute,Relationship Property,OBSERVED,Recovered as dynamic network interaction telemetry / flow metric for directed communication edge
http_status_code,Processed_Network_dataset,Network_dataset_21.csv,int64,Relationship Attribute,Relationship Attribute,OBSERVED,Maintained from Baseline V1 mapping
http_user_agent,Processed_Network_dataset,Network_dataset_21.csv,str,Graph Entity,Graph Entity,OBSERVED,Maintained from Baseline V1 mapping
http_orig_mime_types,Processed_Network_dataset,Network_dataset_21.csv,str,Metadata Attribute,Metadata Attribute,OBSERVED,Maintained from Baseline V1 mapping
http_resp_mime_types,Processed_Network_dataset,Network_dataset_21.csv,str,Metadata Attribute,Metadata Attribute,OBSERVED,Maintained from Baseline V1 mapping
weird_name,Processed_Network_dataset,Network_dataset_21.csv,str,Graph Entity,Graph Entity,OBSERVED,Maintained from Baseline V1 mapping
weird_addl,Processed_Network_dataset,Network_dataset_21.csv,str,Ignored Attribute,Truly Ignored,OBSERVED,Constant or single-value uninformative attribute across file rows
weird_notice,Processed_Network_dataset,Network_dataset_21.csv,str,Ignored Attribute,Truly Ignored,OBSERVED,Constant or single-value uninformative attribute across file rows
label,Processed_Network_dataset,Network_dataset_21.csv,int64,Graph Entity,Graph Entity,OBSERVED,Maintained from Baseline V1 mapping
type,Processed_Network_dataset,Network_dataset_21.csv,str,Graph Entity,Graph Entity,OBSERVED,Maintained from Baseline V1 mapping
ts,Processed_Network_dataset,Network_dataset_22.csv,int64,Metadata Attribute,Metadata Attribute,OBSERVED,Maintained from Baseline V1 mapping
src_ip,Processed_Network_dataset,Network_dataset_22.csv,str,Graph Entity,Graph Entity,OBSERVED,Maintained from Baseline V1 mapping
src_port,Processed_Network_dataset,Network_dataset_22.csv,int64,Relationship Attribute,Relationship Attribute,OBSERVED,Maintained from Baseline V1 mapping
dst_ip,Processed_Network_dataset,Network_dataset_22.csv,str,Graph Entity,Graph Entity,OBSERVED,Maintained from Baseline V1 mapping
dst_port,Processed_Network_dataset,Network_dataset_22.csv,int64,Relationship Attribute,Relationship Attribute,OBSERVED,Maintained from Baseline V1 mapping
proto,Processed_Network_dataset,Network_dataset_22.csv,str,Graph Entity,Graph Entity,OBSERVED,Maintained from Baseline V1 mapping
service,Processed_Network_dataset,Network_dataset_22.csv,str,Graph Entity,Graph Entity,OBSERVED,Maintained from Baseline V1 mapping
duration,Processed_Network_dataset,Network_dataset_22.csv,float64,Graph Attribute,Graph Attribute,OBSERVED,Maintained from Baseline V1 mapping
src_bytes,Processed_Network_dataset,Network_dataset_22.csv,int64,Graph Attribute,Graph Attribute,OBSERVED,Maintained from Baseline V1 mapping
dst_bytes,Processed_Network_dataset,Network_dataset_22.csv,int64,Graph Attribute,Graph Attribute,OBSERVED,Maintained from Baseline V1 mapping
conn_state,Processed_Network_dataset,Network_dataset_22.csv,str,Graph Entity,Graph Entity,OBSERVED,Maintained from Baseline V1 mapping
missed_bytes,Processed_Network_dataset,Network_dataset_22.csv,int64,Graph Attribute,Graph Attribute,OBSERVED,Maintained from Baseline V1 mapping
src_pkts,Processed_Network_dataset,Network_dataset_22.csv,int64,Metadata Attribute,Metadata Attribute,OBSERVED,Maintained from Baseline V1 mapping
src_ip_bytes,Processed_Network_dataset,Network_dataset_22.csv,int64,Graph Entity,Graph Entity,OBSERVED,Maintained from Baseline V1 mapping
dst_pkts,Processed_Network_dataset,Network_dataset_22.csv,int64,Metadata Attribute,Metadata Attribute,OBSERVED,Maintained from Baseline V1 mapping
dst_ip_bytes,Processed_Network_dataset,Network_dataset_22.csv,int64,Graph Entity,Graph Entity,OBSERVED,Maintained from Baseline V1 mapping
dns_query,Processed_Network_dataset,Network_dataset_22.csv,str,Ignored Attribute,Context Attribute,OBSERVED,Recovered as operational contextual attribute
dns_qclass,Processed_Network_dataset,Network_dataset_22.csv,int64,Metadata Attribute,Metadata Attribute,OBSERVED,Maintained from Baseline V1 mapping
dns_qtype,Processed_Network_dataset,Network_dataset_22.csv,int64,Metadata Attribute,Metadata Attribute,OBSERVED,Maintained from Baseline V1 mapping
dns_rcode,Processed_Network_dataset,Network_dataset_22.csv,int64,Ignored Attribute,Truly Ignored,OBSERVED,Constant or single-value uninformative attribute across file rows
dns_AA,Processed_Network_dataset,Network_dataset_22.csv,str,Ignored Attribute,Context Attribute,OBSERVED,Recovered as operational contextual attribute
dns_RD,Processed_Network_dataset,Network_dataset_22.csv,str,Ignored Attribute,Context Attribute,OBSERVED,Recovered as operational contextual attribute
dns_RA,Processed_Network_dataset,Network_dataset_22.csv,str,Ignored Attribute,Context Attribute,OBSERVED,Recovered as operational contextual attribute
dns_rejected,Processed_Network_dataset,Network_dataset_22.csv,str,Ignored Attribute,Context Attribute,OBSERVED,Recovered as operational contextual attribute
ssl_version,Processed_Network_dataset,Network_dataset_22.csv,str,Ignored Attribute,Truly Ignored,OBSERVED,Constant or single-value uninformative attribute across file rows
ssl_cipher,Processed_Network_dataset,Network_dataset_22.csv,str,Ignored Attribute,Truly Ignored,OBSERVED,Constant or single-value uninformative attribute across file rows
ssl_resumed,Processed_Network_dataset,Network_dataset_22.csv,str,Ignored Attribute,Truly Ignored,OBSERVED,Constant or single-value uninformative attribute across file rows
ssl_established,Processed_Network_dataset,Network_dataset_22.csv,str,Ignored Attribute,Truly Ignored,OBSERVED,Constant or single-value uninformative attribute across file rows
ssl_subject,Processed_Network_dataset,Network_dataset_22.csv,str,Ignored Attribute,Truly Ignored,OBSERVED,Constant or single-value uninformative attribute across file rows
ssl_issuer,Processed_Network_dataset,Network_dataset_22.csv,str,Ignored Attribute,Truly Ignored,OBSERVED,Constant or single-value uninformative attribute across file rows
http_trans_depth,Processed_Network_dataset,Network_dataset_22.csv,str,Ignored Attribute,Truly Ignored,OBSERVED,Constant or single-value uninformative attribute across file rows
http_method,Processed_Network_dataset,Network_dataset_22.csv,str,Ignored Attribute,Truly Ignored,OBSERVED,Constant or single-value uninformative attribute across file rows
http_uri,Processed_Network_dataset,Network_dataset_22.csv,str,Ignored Attribute,Truly Ignored,OBSERVED,Constant or single-value uninformative attribute across file rows
http_referrer,Processed_Network_dataset,Network_dataset_22.csv,str,Ignored Attribute,Truly Ignored,OBSERVED,Constant or single-value uninformative attribute across file rows
http_version,Processed_Network_dataset,Network_dataset_22.csv,str,Ignored Attribute,Truly Ignored,OBSERVED,Constant or single-value uninformative attribute across file rows
http_request_body_len,Processed_Network_dataset,Network_dataset_22.csv,int64,Ignored Attribute,Truly Ignored,OBSERVED,Constant or single-value uninformative attribute across file rows
http_response_body_len,Processed_Network_dataset,Network_dataset_22.csv,int64,Ignored Attribute,Truly Ignored,OBSERVED,Constant or single-value uninformative attribute across file rows
http_status_code,Processed_Network_dataset,Network_dataset_22.csv,int64,Relationship Attribute,Relationship Attribute,OBSERVED,Maintained from Baseline V1 mapping
http_user_agent,Processed_Network_dataset,Network_dataset_22.csv,str,Graph Entity,Graph Entity,OBSERVED,Maintained from Baseline V1 mapping
http_orig_mime_types,Processed_Network_dataset,Network_dataset_22.csv,str,Metadata Attribute,Metadata Attribute,OBSERVED,Maintained from Baseline V1 mapping
http_resp_mime_types,Processed_Network_dataset,Network_dataset_22.csv,str,Metadata Attribute,Metadata Attribute,OBSERVED,Maintained from Baseline V1 mapping
weird_name,Processed_Network_dataset,Network_dataset_22.csv,str,Graph Entity,Graph Entity,OBSERVED,Maintained from Baseline V1 mapping
weird_addl,Processed_Network_dataset,Network_dataset_22.csv,str,Ignored Attribute,Truly Ignored,OBSERVED,Constant or single-value uninformative attribute across file rows
weird_notice,Processed_Network_dataset,Network_dataset_22.csv,str,Ignored Attribute,Truly Ignored,OBSERVED,Constant or single-value uninformative attribute across file rows
label,Processed_Network_dataset,Network_dataset_22.csv,int64,Graph Entity,Graph Entity,OBSERVED,Maintained from Baseline V1 mapping
type,Processed_Network_dataset,Network_dataset_22.csv,str,Graph Entity,Graph Entity,OBSERVED,Maintained from Baseline V1 mapping
ts,Processed_Network_dataset,Network_dataset_23.csv,int64,Metadata Attribute,Metadata Attribute,OBSERVED,Maintained from Baseline V1 mapping
src_ip,Processed_Network_dataset,Network_dataset_23.csv,str,Graph Entity,Graph Entity,OBSERVED,Maintained from Baseline V1 mapping
src_port,Processed_Network_dataset,Network_dataset_23.csv,int64,Relationship Attribute,Relationship Attribute,OBSERVED,Maintained from Baseline V1 mapping
dst_ip,Processed_Network_dataset,Network_dataset_23.csv,str,Graph Entity,Graph Entity,OBSERVED,Maintained from Baseline V1 mapping
dst_port,Processed_Network_dataset,Network_dataset_23.csv,int64,Relationship Attribute,Relationship Attribute,OBSERVED,Maintained from Baseline V1 mapping
proto,Processed_Network_dataset,Network_dataset_23.csv,str,Graph Entity,Graph Entity,OBSERVED,Maintained from Baseline V1 mapping
service,Processed_Network_dataset,Network_dataset_23.csv,str,Graph Entity,Graph Entity,OBSERVED,Maintained from Baseline V1 mapping
duration,Processed_Network_dataset,Network_dataset_23.csv,float64,Graph Attribute,Graph Attribute,OBSERVED,Maintained from Baseline V1 mapping
src_bytes,Processed_Network_dataset,Network_dataset_23.csv,int64,Graph Attribute,Graph Attribute,OBSERVED,Maintained from Baseline V1 mapping
dst_bytes,Processed_Network_dataset,Network_dataset_23.csv,int64,Graph Attribute,Graph Attribute,OBSERVED,Maintained from Baseline V1 mapping
conn_state,Processed_Network_dataset,Network_dataset_23.csv,str,Graph Entity,Graph Entity,OBSERVED,Maintained from Baseline V1 mapping
missed_bytes,Processed_Network_dataset,Network_dataset_23.csv,int64,Graph Attribute,Graph Attribute,OBSERVED,Maintained from Baseline V1 mapping
src_pkts,Processed_Network_dataset,Network_dataset_23.csv,int64,Metadata Attribute,Metadata Attribute,OBSERVED,Maintained from Baseline V1 mapping
src_ip_bytes,Processed_Network_dataset,Network_dataset_23.csv,int64,Graph Entity,Graph Entity,OBSERVED,Maintained from Baseline V1 mapping
dst_pkts,Processed_Network_dataset,Network_dataset_23.csv,int64,Metadata Attribute,Metadata Attribute,OBSERVED,Maintained from Baseline V1 mapping
dst_ip_bytes,Processed_Network_dataset,Network_dataset_23.csv,int64,Graph Entity,Graph Entity,OBSERVED,Maintained from Baseline V1 mapping
dns_query,Processed_Network_dataset,Network_dataset_23.csv,str,Ignored Attribute,Context Attribute,OBSERVED,Recovered as operational contextual attribute
dns_qclass,Processed_Network_dataset,Network_dataset_23.csv,int64,Metadata Attribute,Metadata Attribute,OBSERVED,Maintained from Baseline V1 mapping
dns_qtype,Processed_Network_dataset,Network_dataset_23.csv,int64,Metadata Attribute,Metadata Attribute,OBSERVED,Maintained from Baseline V1 mapping
dns_rcode,Processed_Network_dataset,Network_dataset_23.csv,int64,Ignored Attribute,Graph Node Property,OBSERVED,Recovered as numerical telemetry performance metric
dns_AA,Processed_Network_dataset,Network_dataset_23.csv,str,Ignored Attribute,Context Attribute,OBSERVED,Recovered as operational contextual attribute
dns_RD,Processed_Network_dataset,Network_dataset_23.csv,str,Ignored Attribute,Context Attribute,OBSERVED,Recovered as operational contextual attribute
dns_RA,Processed_Network_dataset,Network_dataset_23.csv,str,Ignored Attribute,Context Attribute,OBSERVED,Recovered as operational contextual attribute
dns_rejected,Processed_Network_dataset,Network_dataset_23.csv,str,Ignored Attribute,Context Attribute,OBSERVED,Recovered as operational contextual attribute
ssl_version,Processed_Network_dataset,Network_dataset_23.csv,str,Ignored Attribute,Truly Ignored,OBSERVED,Constant or single-value uninformative attribute across file rows
ssl_cipher,Processed_Network_dataset,Network_dataset_23.csv,str,Ignored Attribute,Truly Ignored,OBSERVED,Constant or single-value uninformative attribute across file rows
ssl_resumed,Processed_Network_dataset,Network_dataset_23.csv,str,Ignored Attribute,Truly Ignored,OBSERVED,Constant or single-value uninformative attribute across file rows
ssl_established,Processed_Network_dataset,Network_dataset_23.csv,str,Ignored Attribute,Truly Ignored,OBSERVED,Constant or single-value uninformative attribute across file rows
ssl_subject,Processed_Network_dataset,Network_dataset_23.csv,str,Ignored Attribute,Truly Ignored,OBSERVED,Constant or single-value uninformative attribute across file rows
ssl_issuer,Processed_Network_dataset,Network_dataset_23.csv,str,Ignored Attribute,Truly Ignored,OBSERVED,Constant or single-value uninformative attribute across file rows
http_trans_depth,Processed_Network_dataset,Network_dataset_23.csv,str,Ignored Attribute,Truly Ignored,OBSERVED,Constant or single-value uninformative attribute across file rows
http_method,Processed_Network_dataset,Network_dataset_23.csv,str,Ignored Attribute,Truly Ignored,OBSERVED,Constant or single-value uninformative attribute across file rows
http_uri,Processed_Network_dataset,Network_dataset_23.csv,str,Ignored Attribute,Truly Ignored,OBSERVED,Constant or single-value uninformative attribute across file rows
http_referrer,Processed_Network_dataset,Network_dataset_23.csv,str,Ignored Attribute,Truly Ignored,OBSERVED,Constant or single-value uninformative attribute across file rows
http_version,Processed_Network_dataset,Network_dataset_23.csv,str,Ignored Attribute,Truly Ignored,OBSERVED,Constant or single-value uninformative attribute across file rows
http_request_body_len,Processed_Network_dataset,Network_dataset_23.csv,int64,Ignored Attribute,Truly Ignored,OBSERVED,Constant or single-value uninformative attribute across file rows
http_response_body_len,Processed_Network_dataset,Network_dataset_23.csv,int64,Ignored Attribute,Truly Ignored,OBSERVED,Constant or single-value uninformative attribute across file rows
http_status_code,Processed_Network_dataset,Network_dataset_23.csv,int64,Relationship Attribute,Relationship Attribute,OBSERVED,Maintained from Baseline V1 mapping
http_user_agent,Processed_Network_dataset,Network_dataset_23.csv,str,Graph Entity,Graph Entity,OBSERVED,Maintained from Baseline V1 mapping
http_orig_mime_types,Processed_Network_dataset,Network_dataset_23.csv,str,Metadata Attribute,Metadata Attribute,OBSERVED,Maintained from Baseline V1 mapping
http_resp_mime_types,Processed_Network_dataset,Network_dataset_23.csv,str,Metadata Attribute,Metadata Attribute,OBSERVED,Maintained from Baseline V1 mapping
weird_name,Processed_Network_dataset,Network_dataset_23.csv,str,Graph Entity,Graph Entity,OBSERVED,Maintained from Baseline V1 mapping
weird_addl,Processed_Network_dataset,Network_dataset_23.csv,str,Ignored Attribute,Truly Ignored,OBSERVED,Constant or single-value uninformative attribute across file rows
weird_notice,Processed_Network_dataset,Network_dataset_23.csv,str,Ignored Attribute,Truly Ignored,OBSERVED,Constant or single-value uninformative attribute across file rows
label,Processed_Network_dataset,Network_dataset_23.csv,int64,Graph Entity,Graph Entity,OBSERVED,Maintained from Baseline V1 mapping
type,Processed_Network_dataset,Network_dataset_23.csv,str,Graph Entity,Graph Entity,OBSERVED,Maintained from Baseline V1 mapping
ts,Processed_Network_dataset,Network_dataset_3.csv,int64,Metadata Attribute,Metadata Attribute,OBSERVED,Maintained from Baseline V1 mapping
src_ip,Processed_Network_dataset,Network_dataset_3.csv,str,Graph Entity,Graph Entity,OBSERVED,Maintained from Baseline V1 mapping
src_port,Processed_Network_dataset,Network_dataset_3.csv,int64,Relationship Attribute,Relationship Attribute,OBSERVED,Maintained from Baseline V1 mapping
dst_ip,Processed_Network_dataset,Network_dataset_3.csv,str,Graph Entity,Graph Entity,OBSERVED,Maintained from Baseline V1 mapping
dst_port,Processed_Network_dataset,Network_dataset_3.csv,int64,Relationship Attribute,Relationship Attribute,OBSERVED,Maintained from Baseline V1 mapping
proto,Processed_Network_dataset,Network_dataset_3.csv,str,Graph Entity,Graph Entity,OBSERVED,Maintained from Baseline V1 mapping
service,Processed_Network_dataset,Network_dataset_3.csv,str,Graph Entity,Graph Entity,OBSERVED,Maintained from Baseline V1 mapping
duration,Processed_Network_dataset,Network_dataset_3.csv,float64,Graph Attribute,Graph Attribute,OBSERVED,Maintained from Baseline V1 mapping
src_bytes,Processed_Network_dataset,Network_dataset_3.csv,int64,Graph Attribute,Graph Attribute,OBSERVED,Maintained from Baseline V1 mapping
dst_bytes,Processed_Network_dataset,Network_dataset_3.csv,int64,Graph Attribute,Graph Attribute,OBSERVED,Maintained from Baseline V1 mapping
conn_state,Processed_Network_dataset,Network_dataset_3.csv,str,Graph Entity,Graph Entity,OBSERVED,Maintained from Baseline V1 mapping
missed_bytes,Processed_Network_dataset,Network_dataset_3.csv,int64,Graph Attribute,Graph Attribute,OBSERVED,Maintained from Baseline V1 mapping
src_pkts,Processed_Network_dataset,Network_dataset_3.csv,int64,Metadata Attribute,Metadata Attribute,OBSERVED,Maintained from Baseline V1 mapping
src_ip_bytes,Processed_Network_dataset,Network_dataset_3.csv,int64,Graph Entity,Graph Entity,OBSERVED,Maintained from Baseline V1 mapping
dst_pkts,Processed_Network_dataset,Network_dataset_3.csv,int64,Metadata Attribute,Metadata Attribute,OBSERVED,Maintained from Baseline V1 mapping
dst_ip_bytes,Processed_Network_dataset,Network_dataset_3.csv,int64,Graph Entity,Graph Entity,OBSERVED,Maintained from Baseline V1 mapping
dns_query,Processed_Network_dataset,Network_dataset_3.csv,str,Ignored Attribute,Context Attribute,OBSERVED,Recovered as operational contextual attribute
dns_qclass,Processed_Network_dataset,Network_dataset_3.csv,int64,Metadata Attribute,Metadata Attribute,OBSERVED,Maintained from Baseline V1 mapping
dns_qtype,Processed_Network_dataset,Network_dataset_3.csv,int64,Metadata Attribute,Metadata Attribute,OBSERVED,Maintained from Baseline V1 mapping
dns_rcode,Processed_Network_dataset,Network_dataset_3.csv,int64,Ignored Attribute,Truly Ignored,OBSERVED,Constant or single-value uninformative attribute across file rows
dns_AA,Processed_Network_dataset,Network_dataset_3.csv,str,Ignored Attribute,Context Attribute,OBSERVED,Recovered as operational contextual attribute
dns_RD,Processed_Network_dataset,Network_dataset_3.csv,str,Ignored Attribute,Context Attribute,OBSERVED,Recovered as operational contextual attribute
dns_RA,Processed_Network_dataset,Network_dataset_3.csv,str,Ignored Attribute,Context Attribute,OBSERVED,Recovered as operational contextual attribute
dns_rejected,Processed_Network_dataset,Network_dataset_3.csv,str,Ignored Attribute,Context Attribute,OBSERVED,Recovered as operational contextual attribute
ssl_version,Processed_Network_dataset,Network_dataset_3.csv,str,Ignored Attribute,Truly Ignored,OBSERVED,Constant or single-value uninformative attribute across file rows
ssl_cipher,Processed_Network_dataset,Network_dataset_3.csv,str,Ignored Attribute,Truly Ignored,OBSERVED,Constant or single-value uninformative attribute across file rows
ssl_resumed,Processed_Network_dataset,Network_dataset_3.csv,str,Ignored Attribute,Truly Ignored,OBSERVED,Constant or single-value uninformative attribute across file rows
ssl_established,Processed_Network_dataset,Network_dataset_3.csv,str,Ignored Attribute,Truly Ignored,OBSERVED,Constant or single-value uninformative attribute across file rows
ssl_subject,Processed_Network_dataset,Network_dataset_3.csv,str,Ignored Attribute,Truly Ignored,OBSERVED,Constant or single-value uninformative attribute across file rows
ssl_issuer,Processed_Network_dataset,Network_dataset_3.csv,str,Ignored Attribute,Truly Ignored,OBSERVED,Constant or single-value uninformative attribute across file rows
http_trans_depth,Processed_Network_dataset,Network_dataset_3.csv,str,Ignored Attribute,Truly Ignored,OBSERVED,Constant or single-value uninformative attribute across file rows
http_method,Processed_Network_dataset,Network_dataset_3.csv,str,Ignored Attribute,Truly Ignored,OBSERVED,Constant or single-value uninformative attribute across file rows
http_uri,Processed_Network_dataset,Network_dataset_3.csv,str,Ignored Attribute,Truly Ignored,OBSERVED,Constant or single-value uninformative attribute across file rows
http_referrer,Processed_Network_dataset,Network_dataset_3.csv,str,Ignored Attribute,Truly Ignored,OBSERVED,Constant or single-value uninformative attribute across file rows
http_version,Processed_Network_dataset,Network_dataset_3.csv,str,Ignored Attribute,Truly Ignored,OBSERVED,Constant or single-value uninformative attribute across file rows
http_request_body_len,Processed_Network_dataset,Network_dataset_3.csv,int64,Ignored Attribute,Truly Ignored,OBSERVED,Constant or single-value uninformative attribute across file rows
http_response_body_len,Processed_Network_dataset,Network_dataset_3.csv,int64,Ignored Attribute,Truly Ignored,OBSERVED,Constant or single-value uninformative attribute across file rows
http_status_code,Processed_Network_dataset,Network_dataset_3.csv,int64,Relationship Attribute,Relationship Attribute,OBSERVED,Maintained from Baseline V1 mapping
http_user_agent,Processed_Network_dataset,Network_dataset_3.csv,str,Graph Entity,Graph Entity,OBSERVED,Maintained from Baseline V1 mapping
http_orig_mime_types,Processed_Network_dataset,Network_dataset_3.csv,str,Metadata Attribute,Metadata Attribute,OBSERVED,Maintained from Baseline V1 mapping
http_resp_mime_types,Processed_Network_dataset,Network_dataset_3.csv,str,Metadata Attribute,Metadata Attribute,OBSERVED,Maintained from Baseline V1 mapping
weird_name,Processed_Network_dataset,Network_dataset_3.csv,str,Graph Entity,Graph Entity,OBSERVED,Maintained from Baseline V1 mapping
weird_addl,Processed_Network_dataset,Network_dataset_3.csv,str,Ignored Attribute,Truly Ignored,OBSERVED,Constant or single-value uninformative attribute across file rows
weird_notice,Processed_Network_dataset,Network_dataset_3.csv,str,Ignored Attribute,Truly Ignored,OBSERVED,Constant or single-value uninformative attribute across file rows
label,Processed_Network_dataset,Network_dataset_3.csv,int64,Graph Entity,Graph Entity,OBSERVED,Maintained from Baseline V1 mapping
type,Processed_Network_dataset,Network_dataset_3.csv,str,Graph Entity,Graph Entity,OBSERVED,Maintained from Baseline V1 mapping
ts,Processed_Network_dataset,Network_dataset_4.csv,int64,Metadata Attribute,Metadata Attribute,OBSERVED,Maintained from Baseline V1 mapping
src_ip,Processed_Network_dataset,Network_dataset_4.csv,str,Graph Entity,Graph Entity,OBSERVED,Maintained from Baseline V1 mapping
src_port,Processed_Network_dataset,Network_dataset_4.csv,int64,Relationship Attribute,Relationship Attribute,OBSERVED,Maintained from Baseline V1 mapping
dst_ip,Processed_Network_dataset,Network_dataset_4.csv,str,Graph Entity,Graph Entity,OBSERVED,Maintained from Baseline V1 mapping
dst_port,Processed_Network_dataset,Network_dataset_4.csv,int64,Relationship Attribute,Relationship Attribute,OBSERVED,Maintained from Baseline V1 mapping
proto,Processed_Network_dataset,Network_dataset_4.csv,str,Graph Entity,Graph Entity,OBSERVED,Maintained from Baseline V1 mapping
service,Processed_Network_dataset,Network_dataset_4.csv,str,Graph Entity,Graph Entity,OBSERVED,Maintained from Baseline V1 mapping
duration,Processed_Network_dataset,Network_dataset_4.csv,float64,Graph Attribute,Graph Attribute,OBSERVED,Maintained from Baseline V1 mapping
src_bytes,Processed_Network_dataset,Network_dataset_4.csv,int64,Graph Attribute,Graph Attribute,OBSERVED,Maintained from Baseline V1 mapping
dst_bytes,Processed_Network_dataset,Network_dataset_4.csv,int64,Graph Attribute,Graph Attribute,OBSERVED,Maintained from Baseline V1 mapping
conn_state,Processed_Network_dataset,Network_dataset_4.csv,str,Graph Entity,Graph Entity,OBSERVED,Maintained from Baseline V1 mapping
missed_bytes,Processed_Network_dataset,Network_dataset_4.csv,int64,Graph Attribute,Graph Attribute,OBSERVED,Maintained from Baseline V1 mapping
src_pkts,Processed_Network_dataset,Network_dataset_4.csv,int64,Metadata Attribute,Metadata Attribute,OBSERVED,Maintained from Baseline V1 mapping
src_ip_bytes,Processed_Network_dataset,Network_dataset_4.csv,int64,Graph Entity,Graph Entity,OBSERVED,Maintained from Baseline V1 mapping
dst_pkts,Processed_Network_dataset,Network_dataset_4.csv,int64,Metadata Attribute,Metadata Attribute,OBSERVED,Maintained from Baseline V1 mapping
dst_ip_bytes,Processed_Network_dataset,Network_dataset_4.csv,int64,Graph Entity,Graph Entity,OBSERVED,Maintained from Baseline V1 mapping
dns_query,Processed_Network_dataset,Network_dataset_4.csv,str,Ignored Attribute,Context Attribute,OBSERVED,Recovered as operational contextual attribute
dns_qclass,Processed_Network_dataset,Network_dataset_4.csv,int64,Metadata Attribute,Metadata Attribute,OBSERVED,Maintained from Baseline V1 mapping
dns_qtype,Processed_Network_dataset,Network_dataset_4.csv,int64,Metadata Attribute,Metadata Attribute,OBSERVED,Maintained from Baseline V1 mapping
dns_rcode,Processed_Network_dataset,Network_dataset_4.csv,int64,Ignored Attribute,Graph Node Property,OBSERVED,Recovered as numerical telemetry performance metric
dns_AA,Processed_Network_dataset,Network_dataset_4.csv,str,Ignored Attribute,Context Attribute,OBSERVED,Recovered as operational contextual attribute
dns_RD,Processed_Network_dataset,Network_dataset_4.csv,str,Ignored Attribute,Context Attribute,OBSERVED,Recovered as operational contextual attribute
dns_RA,Processed_Network_dataset,Network_dataset_4.csv,str,Ignored Attribute,Context Attribute,OBSERVED,Recovered as operational contextual attribute
dns_rejected,Processed_Network_dataset,Network_dataset_4.csv,str,Ignored Attribute,Context Attribute,OBSERVED,Recovered as operational contextual attribute
ssl_version,Processed_Network_dataset,Network_dataset_4.csv,str,Ignored Attribute,Truly Ignored,OBSERVED,Constant or single-value uninformative attribute across file rows
ssl_cipher,Processed_Network_dataset,Network_dataset_4.csv,str,Ignored Attribute,Truly Ignored,OBSERVED,Constant or single-value uninformative attribute across file rows
ssl_resumed,Processed_Network_dataset,Network_dataset_4.csv,str,Ignored Attribute,Truly Ignored,OBSERVED,Constant or single-value uninformative attribute across file rows
ssl_established,Processed_Network_dataset,Network_dataset_4.csv,str,Ignored Attribute,Truly Ignored,OBSERVED,Constant or single-value uninformative attribute across file rows
ssl_subject,Processed_Network_dataset,Network_dataset_4.csv,str,Ignored Attribute,Truly Ignored,OBSERVED,Constant or single-value uninformative attribute across file rows
ssl_issuer,Processed_Network_dataset,Network_dataset_4.csv,str,Ignored Attribute,Truly Ignored,OBSERVED,Constant or single-value uninformative attribute across file rows
http_trans_depth,Processed_Network_dataset,Network_dataset_4.csv,str,Ignored Attribute,Truly Ignored,OBSERVED,Constant or single-value uninformative attribute across file rows
http_method,Processed_Network_dataset,Network_dataset_4.csv,str,Ignored Attribute,Truly Ignored,OBSERVED,Constant or single-value uninformative attribute across file rows
http_uri,Processed_Network_dataset,Network_dataset_4.csv,str,Ignored Attribute,Truly Ignored,OBSERVED,Constant or single-value uninformative attribute across file rows
http_referrer,Processed_Network_dataset,Network_dataset_4.csv,str,Ignored Attribute,Truly Ignored,OBSERVED,Constant or single-value uninformative attribute across file rows
http_version,Processed_Network_dataset,Network_dataset_4.csv,str,Ignored Attribute,Truly Ignored,OBSERVED,Constant or single-value uninformative attribute across file rows
http_request_body_len,Processed_Network_dataset,Network_dataset_4.csv,int64,Ignored Attribute,Truly Ignored,OBSERVED,Constant or single-value uninformative attribute across file rows
http_response_body_len,Processed_Network_dataset,Network_dataset_4.csv,int64,Ignored Attribute,Truly Ignored,OBSERVED,Constant or single-value uninformative attribute across file rows
http_status_code,Processed_Network_dataset,Network_dataset_4.csv,int64,Relationship Attribute,Relationship Attribute,OBSERVED,Maintained from Baseline V1 mapping
http_user_agent,Processed_Network_dataset,Network_dataset_4.csv,str,Graph Entity,Graph Entity,OBSERVED,Maintained from Baseline V1 mapping
http_orig_mime_types,Processed_Network_dataset,Network_dataset_4.csv,str,Metadata Attribute,Metadata Attribute,OBSERVED,Maintained from Baseline V1 mapping
http_resp_mime_types,Processed_Network_dataset,Network_dataset_4.csv,str,Metadata Attribute,Metadata Attribute,OBSERVED,Maintained from Baseline V1 mapping
weird_name,Processed_Network_dataset,Network_dataset_4.csv,str,Graph Entity,Graph Entity,OBSERVED,Maintained from Baseline V1 mapping
weird_addl,Processed_Network_dataset,Network_dataset_4.csv,str,Ignored Attribute,Truly Ignored,OBSERVED,Constant or single-value uninformative attribute across file rows
weird_notice,Processed_Network_dataset,Network_dataset_4.csv,str,Ignored Attribute,Truly Ignored,OBSERVED,Constant or single-value uninformative attribute across file rows
label,Processed_Network_dataset,Network_dataset_4.csv,int64,Graph Entity,Graph Entity,OBSERVED,Maintained from Baseline V1 mapping
type,Processed_Network_dataset,Network_dataset_4.csv,str,Graph Entity,Graph Entity,OBSERVED,Maintained from Baseline V1 mapping
ts,Processed_Network_dataset,Network_dataset_5.csv,int64,Metadata Attribute,Metadata Attribute,OBSERVED,Maintained from Baseline V1 mapping
src_ip,Processed_Network_dataset,Network_dataset_5.csv,str,Graph Entity,Graph Entity,OBSERVED,Maintained from Baseline V1 mapping
src_port,Processed_Network_dataset,Network_dataset_5.csv,int64,Relationship Attribute,Relationship Attribute,OBSERVED,Maintained from Baseline V1 mapping
dst_ip,Processed_Network_dataset,Network_dataset_5.csv,str,Graph Entity,Graph Entity,OBSERVED,Maintained from Baseline V1 mapping
dst_port,Processed_Network_dataset,Network_dataset_5.csv,int64,Relationship Attribute,Relationship Attribute,OBSERVED,Maintained from Baseline V1 mapping
proto,Processed_Network_dataset,Network_dataset_5.csv,str,Graph Entity,Graph Entity,OBSERVED,Maintained from Baseline V1 mapping
service,Processed_Network_dataset,Network_dataset_5.csv,str,Graph Entity,Graph Entity,OBSERVED,Maintained from Baseline V1 mapping
duration,Processed_Network_dataset,Network_dataset_5.csv,float64,Graph Attribute,Graph Attribute,OBSERVED,Maintained from Baseline V1 mapping
src_bytes,Processed_Network_dataset,Network_dataset_5.csv,int64,Graph Attribute,Graph Attribute,OBSERVED,Maintained from Baseline V1 mapping
dst_bytes,Processed_Network_dataset,Network_dataset_5.csv,int64,Graph Attribute,Graph Attribute,OBSERVED,Maintained from Baseline V1 mapping
conn_state,Processed_Network_dataset,Network_dataset_5.csv,str,Graph Entity,Graph Entity,OBSERVED,Maintained from Baseline V1 mapping
missed_bytes,Processed_Network_dataset,Network_dataset_5.csv,int64,Graph Attribute,Graph Attribute,OBSERVED,Maintained from Baseline V1 mapping
src_pkts,Processed_Network_dataset,Network_dataset_5.csv,int64,Metadata Attribute,Metadata Attribute,OBSERVED,Maintained from Baseline V1 mapping
src_ip_bytes,Processed_Network_dataset,Network_dataset_5.csv,int64,Graph Entity,Graph Entity,OBSERVED,Maintained from Baseline V1 mapping
dst_pkts,Processed_Network_dataset,Network_dataset_5.csv,int64,Metadata Attribute,Metadata Attribute,OBSERVED,Maintained from Baseline V1 mapping
dst_ip_bytes,Processed_Network_dataset,Network_dataset_5.csv,int64,Graph Entity,Graph Entity,OBSERVED,Maintained from Baseline V1 mapping
dns_query,Processed_Network_dataset,Network_dataset_5.csv,str,Ignored Attribute,Context Attribute,OBSERVED,Recovered as operational contextual attribute
dns_qclass,Processed_Network_dataset,Network_dataset_5.csv,int64,Metadata Attribute,Metadata Attribute,OBSERVED,Maintained from Baseline V1 mapping
dns_qtype,Processed_Network_dataset,Network_dataset_5.csv,int64,Metadata Attribute,Metadata Attribute,OBSERVED,Maintained from Baseline V1 mapping
dns_rcode,Processed_Network_dataset,Network_dataset_5.csv,int64,Ignored Attribute,Truly Ignored,OBSERVED,Constant or single-value uninformative attribute across file rows
dns_AA,Processed_Network_dataset,Network_dataset_5.csv,str,Ignored Attribute,Context Attribute,OBSERVED,Recovered as operational contextual attribute
dns_RD,Processed_Network_dataset,Network_dataset_5.csv,str,Ignored Attribute,Context Attribute,OBSERVED,Recovered as operational contextual attribute
dns_RA,Processed_Network_dataset,Network_dataset_5.csv,str,Ignored Attribute,Context Attribute,OBSERVED,Recovered as operational contextual attribute
dns_rejected,Processed_Network_dataset,Network_dataset_5.csv,str,Ignored Attribute,Context Attribute,OBSERVED,Recovered as operational contextual attribute
ssl_version,Processed_Network_dataset,Network_dataset_5.csv,str,Ignored Attribute,Truly Ignored,OBSERVED,Constant or single-value uninformative attribute across file rows
ssl_cipher,Processed_Network_dataset,Network_dataset_5.csv,str,Ignored Attribute,Truly Ignored,OBSERVED,Constant or single-value uninformative attribute across file rows
ssl_resumed,Processed_Network_dataset,Network_dataset_5.csv,str,Ignored Attribute,Truly Ignored,OBSERVED,Constant or single-value uninformative attribute across file rows
ssl_established,Processed_Network_dataset,Network_dataset_5.csv,str,Ignored Attribute,Truly Ignored,OBSERVED,Constant or single-value uninformative attribute across file rows
ssl_subject,Processed_Network_dataset,Network_dataset_5.csv,str,Ignored Attribute,Truly Ignored,OBSERVED,Constant or single-value uninformative attribute across file rows
ssl_issuer,Processed_Network_dataset,Network_dataset_5.csv,str,Ignored Attribute,Truly Ignored,OBSERVED,Constant or single-value uninformative attribute across file rows
http_trans_depth,Processed_Network_dataset,Network_dataset_5.csv,str,Ignored Attribute,Truly Ignored,OBSERVED,Constant or single-value uninformative attribute across file rows
http_method,Processed_Network_dataset,Network_dataset_5.csv,str,Ignored Attribute,Truly Ignored,OBSERVED,Constant or single-value uninformative attribute across file rows
http_uri,Processed_Network_dataset,Network_dataset_5.csv,str,Ignored Attribute,Truly Ignored,OBSERVED,Constant or single-value uninformative attribute across file rows
http_referrer,Processed_Network_dataset,Network_dataset_5.csv,str,Ignored Attribute,Truly Ignored,OBSERVED,Constant or single-value uninformative attribute across file rows
http_version,Processed_Network_dataset,Network_dataset_5.csv,str,Ignored Attribute,Truly Ignored,OBSERVED,Constant or single-value uninformative attribute across file rows
http_request_body_len,Processed_Network_dataset,Network_dataset_5.csv,int64,Ignored Attribute,Truly Ignored,OBSERVED,Constant or single-value uninformative attribute across file rows
http_response_body_len,Processed_Network_dataset,Network_dataset_5.csv,int64,Ignored Attribute,Truly Ignored,OBSERVED,Constant or single-value uninformative attribute across file rows
http_status_code,Processed_Network_dataset,Network_dataset_5.csv,int64,Relationship Attribute,Relationship Attribute,OBSERVED,Maintained from Baseline V1 mapping
http_user_agent,Processed_Network_dataset,Network_dataset_5.csv,str,Graph Entity,Graph Entity,OBSERVED,Maintained from Baseline V1 mapping
http_orig_mime_types,Processed_Network_dataset,Network_dataset_5.csv,str,Metadata Attribute,Metadata Attribute,OBSERVED,Maintained from Baseline V1 mapping
http_resp_mime_types,Processed_Network_dataset,Network_dataset_5.csv,str,Metadata Attribute,Metadata Attribute,OBSERVED,Maintained from Baseline V1 mapping
weird_name,Processed_Network_dataset,Network_dataset_5.csv,str,Graph Entity,Graph Entity,OBSERVED,Maintained from Baseline V1 mapping
weird_addl,Processed_Network_dataset,Network_dataset_5.csv,str,Ignored Attribute,Truly Ignored,OBSERVED,Constant or single-value uninformative attribute across file rows
weird_notice,Processed_Network_dataset,Network_dataset_5.csv,str,Ignored Attribute,Truly Ignored,OBSERVED,Constant or single-value uninformative attribute across file rows
label,Processed_Network_dataset,Network_dataset_5.csv,int64,Graph Entity,Graph Entity,OBSERVED,Maintained from Baseline V1 mapping
type,Processed_Network_dataset,Network_dataset_5.csv,str,Graph Entity,Graph Entity,OBSERVED,Maintained from Baseline V1 mapping
ts,Processed_Network_dataset,Network_dataset_6.csv,int64,Metadata Attribute,Metadata Attribute,OBSERVED,Maintained from Baseline V1 mapping
uid,Processed_Network_dataset,Network_dataset_6.csv,str,Graph Entity,Graph Entity,OBSERVED,Maintained from Baseline V1 mapping
src_ip,Processed_Network_dataset,Network_dataset_6.csv,str,Graph Entity,Graph Entity,OBSERVED,Maintained from Baseline V1 mapping
src_port,Processed_Network_dataset,Network_dataset_6.csv,int64,Relationship Attribute,Relationship Attribute,OBSERVED,Maintained from Baseline V1 mapping
dst_ip,Processed_Network_dataset,Network_dataset_6.csv,str,Graph Entity,Graph Entity,OBSERVED,Maintained from Baseline V1 mapping
dst_port,Processed_Network_dataset,Network_dataset_6.csv,int64,Relationship Attribute,Relationship Attribute,OBSERVED,Maintained from Baseline V1 mapping
proto,Processed_Network_dataset,Network_dataset_6.csv,str,Graph Entity,Graph Entity,OBSERVED,Maintained from Baseline V1 mapping
service,Processed_Network_dataset,Network_dataset_6.csv,str,Graph Entity,Graph Entity,OBSERVED,Maintained from Baseline V1 mapping
duration,Processed_Network_dataset,Network_dataset_6.csv,float64,Graph Attribute,Graph Attribute,OBSERVED,Maintained from Baseline V1 mapping
src_bytes,Processed_Network_dataset,Network_dataset_6.csv,int64,Graph Attribute,Graph Attribute,OBSERVED,Maintained from Baseline V1 mapping
dst_bytes,Processed_Network_dataset,Network_dataset_6.csv,int64,Graph Attribute,Graph Attribute,OBSERVED,Maintained from Baseline V1 mapping
conn_state,Processed_Network_dataset,Network_dataset_6.csv,str,Graph Entity,Graph Entity,OBSERVED,Maintained from Baseline V1 mapping
missed_bytes,Processed_Network_dataset,Network_dataset_6.csv,int64,Graph Attribute,Graph Attribute,OBSERVED,Maintained from Baseline V1 mapping
src_pkts,Processed_Network_dataset,Network_dataset_6.csv,int64,Metadata Attribute,Metadata Attribute,OBSERVED,Maintained from Baseline V1 mapping
src_ip_bytes,Processed_Network_dataset,Network_dataset_6.csv,int64,Graph Entity,Graph Entity,OBSERVED,Maintained from Baseline V1 mapping
dst_pkts,Processed_Network_dataset,Network_dataset_6.csv,int64,Metadata Attribute,Metadata Attribute,OBSERVED,Maintained from Baseline V1 mapping
dst_ip_bytes,Processed_Network_dataset,Network_dataset_6.csv,int64,Graph Entity,Graph Entity,OBSERVED,Maintained from Baseline V1 mapping
dns_query,Processed_Network_dataset,Network_dataset_6.csv,str,Ignored Attribute,Context Attribute,OBSERVED,Recovered as operational contextual attribute
dns_qclass,Processed_Network_dataset,Network_dataset_6.csv,int64,Metadata Attribute,Metadata Attribute,OBSERVED,Maintained from Baseline V1 mapping
dns_qtype,Processed_Network_dataset,Network_dataset_6.csv,int64,Metadata Attribute,Metadata Attribute,OBSERVED,Maintained from Baseline V1 mapping
dns_rcode,Processed_Network_dataset,Network_dataset_6.csv,int64,Ignored Attribute,Graph Node Property,OBSERVED,Recovered as numerical telemetry performance metric
dns_AA,Processed_Network_dataset,Network_dataset_6.csv,str,Ignored Attribute,Context Attribute,OBSERVED,Recovered as operational contextual attribute
dns_RD,Processed_Network_dataset,Network_dataset_6.csv,str,Ignored Attribute,Context Attribute,OBSERVED,Recovered as operational contextual attribute
dns_RA,Processed_Network_dataset,Network_dataset_6.csv,str,Ignored Attribute,Context Attribute,OBSERVED,Recovered as operational contextual attribute
dns_rejected,Processed_Network_dataset,Network_dataset_6.csv,str,Ignored Attribute,Context Attribute,OBSERVED,Recovered as operational contextual attribute
ssl_version,Processed_Network_dataset,Network_dataset_6.csv,str,Ignored Attribute,Truly Ignored,OBSERVED,Constant or single-value uninformative attribute across file rows
ssl_cipher,Processed_Network_dataset,Network_dataset_6.csv,str,Ignored Attribute,Truly Ignored,OBSERVED,Constant or single-value uninformative attribute across file rows
ssl_resumed,Processed_Network_dataset,Network_dataset_6.csv,str,Ignored Attribute,Truly Ignored,OBSERVED,Constant or single-value uninformative attribute across file rows
ssl_established,Processed_Network_dataset,Network_dataset_6.csv,str,Ignored Attribute,Truly Ignored,OBSERVED,Constant or single-value uninformative attribute across file rows
ssl_subject,Processed_Network_dataset,Network_dataset_6.csv,str,Ignored Attribute,Truly Ignored,OBSERVED,Constant or single-value uninformative attribute across file rows
ssl_issuer,Processed_Network_dataset,Network_dataset_6.csv,str,Ignored Attribute,Truly Ignored,OBSERVED,Constant or single-value uninformative attribute across file rows
http_trans_depth,Processed_Network_dataset,Network_dataset_6.csv,str,Ignored Attribute,Truly Ignored,OBSERVED,Constant or single-value uninformative attribute across file rows
http_method,Processed_Network_dataset,Network_dataset_6.csv,str,Ignored Attribute,Truly Ignored,OBSERVED,Constant or single-value uninformative attribute across file rows
http_uri,Processed_Network_dataset,Network_dataset_6.csv,str,Ignored Attribute,Truly Ignored,OBSERVED,Constant or single-value uninformative attribute across file rows
http_referrer,Processed_Network_dataset,Network_dataset_6.csv,str,Ignored Attribute,Truly Ignored,OBSERVED,Constant or single-value uninformative attribute across file rows
http_version,Processed_Network_dataset,Network_dataset_6.csv,str,Ignored Attribute,Truly Ignored,OBSERVED,Constant or single-value uninformative attribute across file rows
http_request_body_len,Processed_Network_dataset,Network_dataset_6.csv,int64,Ignored Attribute,Truly Ignored,OBSERVED,Constant or single-value uninformative attribute across file rows
http_response_body_len,Processed_Network_dataset,Network_dataset_6.csv,int64,Ignored Attribute,Truly Ignored,OBSERVED,Constant or single-value uninformative attribute across file rows
http_status_code,Processed_Network_dataset,Network_dataset_6.csv,int64,Relationship Attribute,Relationship Attribute,OBSERVED,Maintained from Baseline V1 mapping
http_user_agent,Processed_Network_dataset,Network_dataset_6.csv,str,Graph Entity,Graph Entity,OBSERVED,Maintained from Baseline V1 mapping
http_orig_mime_types,Processed_Network_dataset,Network_dataset_6.csv,str,Metadata Attribute,Metadata Attribute,OBSERVED,Maintained from Baseline V1 mapping
http_resp_mime_types,Processed_Network_dataset,Network_dataset_6.csv,str,Metadata Attribute,Metadata Attribute,OBSERVED,Maintained from Baseline V1 mapping
weird_name,Processed_Network_dataset,Network_dataset_6.csv,str,Graph Entity,Graph Entity,OBSERVED,Maintained from Baseline V1 mapping
weird_addl,Processed_Network_dataset,Network_dataset_6.csv,str,Ignored Attribute,Truly Ignored,OBSERVED,Constant or single-value uninformative attribute across file rows
weird_notice,Processed_Network_dataset,Network_dataset_6.csv,str,Ignored Attribute,Truly Ignored,OBSERVED,Constant or single-value uninformative attribute across file rows
label,Processed_Network_dataset,Network_dataset_6.csv,int64,Graph Entity,Graph Entity,OBSERVED,Maintained from Baseline V1 mapping
type,Processed_Network_dataset,Network_dataset_6.csv,str,Graph Entity,Graph Entity,OBSERVED,Maintained from Baseline V1 mapping
ts,Processed_Network_dataset,Network_dataset_7.csv,int64,Metadata Attribute,Metadata Attribute,OBSERVED,Maintained from Baseline V1 mapping
src_ip,Processed_Network_dataset,Network_dataset_7.csv,str,Graph Entity,Graph Entity,OBSERVED,Maintained from Baseline V1 mapping
src_port,Processed_Network_dataset,Network_dataset_7.csv,int64,Relationship Attribute,Relationship Attribute,OBSERVED,Maintained from Baseline V1 mapping
dst_ip,Processed_Network_dataset,Network_dataset_7.csv,str,Graph Entity,Graph Entity,OBSERVED,Maintained from Baseline V1 mapping
dst_port,Processed_Network_dataset,Network_dataset_7.csv,int64,Relationship Attribute,Relationship Attribute,OBSERVED,Maintained from Baseline V1 mapping
proto,Processed_Network_dataset,Network_dataset_7.csv,str,Graph Entity,Graph Entity,OBSERVED,Maintained from Baseline V1 mapping
service,Processed_Network_dataset,Network_dataset_7.csv,str,Graph Entity,Graph Entity,OBSERVED,Maintained from Baseline V1 mapping
duration,Processed_Network_dataset,Network_dataset_7.csv,float64,Graph Attribute,Graph Attribute,OBSERVED,Maintained from Baseline V1 mapping
src_bytes,Processed_Network_dataset,Network_dataset_7.csv,int64,Graph Attribute,Graph Attribute,OBSERVED,Maintained from Baseline V1 mapping
dst_bytes,Processed_Network_dataset,Network_dataset_7.csv,int64,Graph Attribute,Graph Attribute,OBSERVED,Maintained from Baseline V1 mapping
conn_state,Processed_Network_dataset,Network_dataset_7.csv,str,Graph Entity,Graph Entity,OBSERVED,Maintained from Baseline V1 mapping
missed_bytes,Processed_Network_dataset,Network_dataset_7.csv,int64,Graph Attribute,Graph Attribute,OBSERVED,Maintained from Baseline V1 mapping
src_pkts,Processed_Network_dataset,Network_dataset_7.csv,int64,Metadata Attribute,Metadata Attribute,OBSERVED,Maintained from Baseline V1 mapping
src_ip_bytes,Processed_Network_dataset,Network_dataset_7.csv,int64,Graph Entity,Graph Entity,OBSERVED,Maintained from Baseline V1 mapping
dst_pkts,Processed_Network_dataset,Network_dataset_7.csv,int64,Metadata Attribute,Metadata Attribute,OBSERVED,Maintained from Baseline V1 mapping
dst_ip_bytes,Processed_Network_dataset,Network_dataset_7.csv,int64,Graph Entity,Graph Entity,OBSERVED,Maintained from Baseline V1 mapping
dns_query,Processed_Network_dataset,Network_dataset_7.csv,str,Ignored Attribute,Context Attribute,OBSERVED,Recovered as operational contextual attribute
dns_qclass,Processed_Network_dataset,Network_dataset_7.csv,int64,Metadata Attribute,Metadata Attribute,OBSERVED,Maintained from Baseline V1 mapping
dns_qtype,Processed_Network_dataset,Network_dataset_7.csv,int64,Metadata Attribute,Metadata Attribute,OBSERVED,Maintained from Baseline V1 mapping
dns_rcode,Processed_Network_dataset,Network_dataset_7.csv,int64,Ignored Attribute,Graph Node Property,OBSERVED,Recovered as numerical telemetry performance metric
dns_AA,Processed_Network_dataset,Network_dataset_7.csv,str,Ignored Attribute,Context Attribute,OBSERVED,Recovered as operational contextual attribute
dns_RD,Processed_Network_dataset,Network_dataset_7.csv,str,Ignored Attribute,Context Attribute,OBSERVED,Recovered as operational contextual attribute
dns_RA,Processed_Network_dataset,Network_dataset_7.csv,str,Ignored Attribute,Context Attribute,OBSERVED,Recovered as operational contextual attribute
dns_rejected,Processed_Network_dataset,Network_dataset_7.csv,str,Ignored Attribute,Context Attribute,OBSERVED,Recovered as operational contextual attribute
ssl_version,Processed_Network_dataset,Network_dataset_7.csv,str,Ignored Attribute,Truly Ignored,OBSERVED,Constant or single-value uninformative attribute across file rows
ssl_cipher,Processed_Network_dataset,Network_dataset_7.csv,str,Ignored Attribute,Truly Ignored,OBSERVED,Constant or single-value uninformative attribute across file rows
ssl_resumed,Processed_Network_dataset,Network_dataset_7.csv,str,Ignored Attribute,Truly Ignored,OBSERVED,Constant or single-value uninformative attribute across file rows
ssl_established,Processed_Network_dataset,Network_dataset_7.csv,str,Ignored Attribute,Truly Ignored,OBSERVED,Constant or single-value uninformative attribute across file rows
ssl_subject,Processed_Network_dataset,Network_dataset_7.csv,str,Ignored Attribute,Truly Ignored,OBSERVED,Constant or single-value uninformative attribute across file rows
ssl_issuer,Processed_Network_dataset,Network_dataset_7.csv,str,Ignored Attribute,Truly Ignored,OBSERVED,Constant or single-value uninformative attribute across file rows
http_trans_depth,Processed_Network_dataset,Network_dataset_7.csv,str,Ignored Attribute,Truly Ignored,OBSERVED,Constant or single-value uninformative attribute across file rows
http_method,Processed_Network_dataset,Network_dataset_7.csv,str,Ignored Attribute,Truly Ignored,OBSERVED,Constant or single-value uninformative attribute across file rows
http_uri,Processed_Network_dataset,Network_dataset_7.csv,str,Ignored Attribute,Truly Ignored,OBSERVED,Constant or single-value uninformative attribute across file rows
http_referrer,Processed_Network_dataset,Network_dataset_7.csv,str,Ignored Attribute,Truly Ignored,OBSERVED,Constant or single-value uninformative attribute across file rows
http_version,Processed_Network_dataset,Network_dataset_7.csv,str,Ignored Attribute,Truly Ignored,OBSERVED,Constant or single-value uninformative attribute across file rows
http_request_body_len,Processed_Network_dataset,Network_dataset_7.csv,int64,Ignored Attribute,Truly Ignored,OBSERVED,Constant or single-value uninformative attribute across file rows
http_response_body_len,Processed_Network_dataset,Network_dataset_7.csv,int64,Ignored Attribute,Truly Ignored,OBSERVED,Constant or single-value uninformative attribute across file rows
http_status_code,Processed_Network_dataset,Network_dataset_7.csv,int64,Relationship Attribute,Relationship Attribute,OBSERVED,Maintained from Baseline V1 mapping
http_user_agent,Processed_Network_dataset,Network_dataset_7.csv,str,Graph Entity,Graph Entity,OBSERVED,Maintained from Baseline V1 mapping
http_orig_mime_types,Processed_Network_dataset,Network_dataset_7.csv,str,Metadata Attribute,Metadata Attribute,OBSERVED,Maintained from Baseline V1 mapping
http_resp_mime_types,Processed_Network_dataset,Network_dataset_7.csv,str,Metadata Attribute,Metadata Attribute,OBSERVED,Maintained from Baseline V1 mapping
weird_name,Processed_Network_dataset,Network_dataset_7.csv,str,Graph Entity,Graph Entity,OBSERVED,Maintained from Baseline V1 mapping
weird_addl,Processed_Network_dataset,Network_dataset_7.csv,str,Ignored Attribute,Truly Ignored,OBSERVED,Constant or single-value uninformative attribute across file rows
weird_notice,Processed_Network_dataset,Network_dataset_7.csv,str,Ignored Attribute,Truly Ignored,OBSERVED,Constant or single-value uninformative attribute across file rows
label,Processed_Network_dataset,Network_dataset_7.csv,int64,Graph Entity,Graph Entity,OBSERVED,Maintained from Baseline V1 mapping
type,Processed_Network_dataset,Network_dataset_7.csv,str,Graph Entity,Graph Entity,OBSERVED,Maintained from Baseline V1 mapping
ts,Processed_Network_dataset,Network_dataset_8.csv,int64,Metadata Attribute,Metadata Attribute,OBSERVED,Maintained from Baseline V1 mapping
src_ip,Processed_Network_dataset,Network_dataset_8.csv,str,Graph Entity,Graph Entity,OBSERVED,Maintained from Baseline V1 mapping
src_port,Processed_Network_dataset,Network_dataset_8.csv,int64,Relationship Attribute,Relationship Attribute,OBSERVED,Maintained from Baseline V1 mapping
dst_ip,Processed_Network_dataset,Network_dataset_8.csv,str,Graph Entity,Graph Entity,OBSERVED,Maintained from Baseline V1 mapping
dst_port,Processed_Network_dataset,Network_dataset_8.csv,int64,Relationship Attribute,Relationship Attribute,OBSERVED,Maintained from Baseline V1 mapping
proto,Processed_Network_dataset,Network_dataset_8.csv,str,Graph Entity,Graph Entity,OBSERVED,Maintained from Baseline V1 mapping
service,Processed_Network_dataset,Network_dataset_8.csv,str,Graph Entity,Graph Entity,OBSERVED,Maintained from Baseline V1 mapping
duration,Processed_Network_dataset,Network_dataset_8.csv,float64,Graph Attribute,Graph Attribute,OBSERVED,Maintained from Baseline V1 mapping
src_bytes,Processed_Network_dataset,Network_dataset_8.csv,int64,Graph Attribute,Graph Attribute,OBSERVED,Maintained from Baseline V1 mapping
dst_bytes,Processed_Network_dataset,Network_dataset_8.csv,int64,Graph Attribute,Graph Attribute,OBSERVED,Maintained from Baseline V1 mapping
conn_state,Processed_Network_dataset,Network_dataset_8.csv,str,Graph Entity,Graph Entity,OBSERVED,Maintained from Baseline V1 mapping
missed_bytes,Processed_Network_dataset,Network_dataset_8.csv,int64,Graph Attribute,Graph Attribute,OBSERVED,Maintained from Baseline V1 mapping
src_pkts,Processed_Network_dataset,Network_dataset_8.csv,int64,Metadata Attribute,Metadata Attribute,OBSERVED,Maintained from Baseline V1 mapping
src_ip_bytes,Processed_Network_dataset,Network_dataset_8.csv,int64,Graph Entity,Graph Entity,OBSERVED,Maintained from Baseline V1 mapping
dst_pkts,Processed_Network_dataset,Network_dataset_8.csv,int64,Metadata Attribute,Metadata Attribute,OBSERVED,Maintained from Baseline V1 mapping
dst_ip_bytes,Processed_Network_dataset,Network_dataset_8.csv,int64,Graph Entity,Graph Entity,OBSERVED,Maintained from Baseline V1 mapping
dns_query,Processed_Network_dataset,Network_dataset_8.csv,str,Ignored Attribute,Context Attribute,OBSERVED,Recovered as operational contextual attribute
dns_qclass,Processed_Network_dataset,Network_dataset_8.csv,int64,Metadata Attribute,Metadata Attribute,OBSERVED,Maintained from Baseline V1 mapping
dns_qtype,Processed_Network_dataset,Network_dataset_8.csv,int64,Metadata Attribute,Metadata Attribute,OBSERVED,Maintained from Baseline V1 mapping
dns_rcode,Processed_Network_dataset,Network_dataset_8.csv,int64,Ignored Attribute,Graph Node Property,OBSERVED,Recovered as numerical telemetry performance metric
dns_AA,Processed_Network_dataset,Network_dataset_8.csv,str,Ignored Attribute,Context Attribute,OBSERVED,Recovered as operational contextual attribute
dns_RD,Processed_Network_dataset,Network_dataset_8.csv,str,Ignored Attribute,Context Attribute,OBSERVED,Recovered as operational contextual attribute
dns_RA,Processed_Network_dataset,Network_dataset_8.csv,str,Ignored Attribute,Context Attribute,OBSERVED,Recovered as operational contextual attribute
dns_rejected,Processed_Network_dataset,Network_dataset_8.csv,str,Ignored Attribute,Context Attribute,OBSERVED,Recovered as operational contextual attribute
ssl_version,Processed_Network_dataset,Network_dataset_8.csv,str,Ignored Attribute,Truly Ignored,OBSERVED,Constant or single-value uninformative attribute across file rows
ssl_cipher,Processed_Network_dataset,Network_dataset_8.csv,str,Ignored Attribute,Truly Ignored,OBSERVED,Constant or single-value uninformative attribute across file rows
ssl_resumed,Processed_Network_dataset,Network_dataset_8.csv,str,Ignored Attribute,Truly Ignored,OBSERVED,Constant or single-value uninformative attribute across file rows
ssl_established,Processed_Network_dataset,Network_dataset_8.csv,str,Ignored Attribute,Truly Ignored,OBSERVED,Constant or single-value uninformative attribute across file rows
ssl_subject,Processed_Network_dataset,Network_dataset_8.csv,str,Ignored Attribute,Truly Ignored,OBSERVED,Constant or single-value uninformative attribute across file rows
ssl_issuer,Processed_Network_dataset,Network_dataset_8.csv,str,Ignored Attribute,Truly Ignored,OBSERVED,Constant or single-value uninformative attribute across file rows
http_trans_depth,Processed_Network_dataset,Network_dataset_8.csv,str,Ignored Attribute,Truly Ignored,OBSERVED,Constant or single-value uninformative attribute across file rows
http_method,Processed_Network_dataset,Network_dataset_8.csv,str,Ignored Attribute,Truly Ignored,OBSERVED,Constant or single-value uninformative attribute across file rows
http_uri,Processed_Network_dataset,Network_dataset_8.csv,str,Ignored Attribute,Truly Ignored,OBSERVED,Constant or single-value uninformative attribute across file rows
http_referrer,Processed_Network_dataset,Network_dataset_8.csv,str,Ignored Attribute,Truly Ignored,OBSERVED,Constant or single-value uninformative attribute across file rows
http_version,Processed_Network_dataset,Network_dataset_8.csv,str,Ignored Attribute,Truly Ignored,OBSERVED,Constant or single-value uninformative attribute across file rows
http_request_body_len,Processed_Network_dataset,Network_dataset_8.csv,int64,Ignored Attribute,Truly Ignored,OBSERVED,Constant or single-value uninformative attribute across file rows
http_response_body_len,Processed_Network_dataset,Network_dataset_8.csv,int64,Ignored Attribute,Truly Ignored,OBSERVED,Constant or single-value uninformative attribute across file rows
http_status_code,Processed_Network_dataset,Network_dataset_8.csv,int64,Relationship Attribute,Relationship Attribute,OBSERVED,Maintained from Baseline V1 mapping
http_user_agent,Processed_Network_dataset,Network_dataset_8.csv,str,Graph Entity,Graph Entity,OBSERVED,Maintained from Baseline V1 mapping
http_orig_mime_types,Processed_Network_dataset,Network_dataset_8.csv,str,Metadata Attribute,Metadata Attribute,OBSERVED,Maintained from Baseline V1 mapping
http_resp_mime_types,Processed_Network_dataset,Network_dataset_8.csv,str,Metadata Attribute,Metadata Attribute,OBSERVED,Maintained from Baseline V1 mapping
weird_name,Processed_Network_dataset,Network_dataset_8.csv,str,Graph Entity,Graph Entity,OBSERVED,Maintained from Baseline V1 mapping
weird_addl,Processed_Network_dataset,Network_dataset_8.csv,str,Ignored Attribute,Truly Ignored,OBSERVED,Constant or single-value uninformative attribute across file rows
weird_notice,Processed_Network_dataset,Network_dataset_8.csv,str,Ignored Attribute,Truly Ignored,OBSERVED,Constant or single-value uninformative attribute across file rows
label,Processed_Network_dataset,Network_dataset_8.csv,int64,Graph Entity,Graph Entity,OBSERVED,Maintained from Baseline V1 mapping
type,Processed_Network_dataset,Network_dataset_8.csv,str,Graph Entity,Graph Entity,OBSERVED,Maintained from Baseline V1 mapping
ts,Processed_Network_dataset,Network_dataset_9.csv,int64,Metadata Attribute,Metadata Attribute,OBSERVED,Maintained from Baseline V1 mapping
src_ip,Processed_Network_dataset,Network_dataset_9.csv,str,Graph Entity,Graph Entity,OBSERVED,Maintained from Baseline V1 mapping
src_port,Processed_Network_dataset,Network_dataset_9.csv,int64,Relationship Attribute,Relationship Attribute,OBSERVED,Maintained from Baseline V1 mapping
dst_ip,Processed_Network_dataset,Network_dataset_9.csv,str,Graph Entity,Graph Entity,OBSERVED,Maintained from Baseline V1 mapping
dst_port,Processed_Network_dataset,Network_dataset_9.csv,int64,Relationship Attribute,Relationship Attribute,OBSERVED,Maintained from Baseline V1 mapping
proto,Processed_Network_dataset,Network_dataset_9.csv,str,Graph Entity,Graph Entity,OBSERVED,Maintained from Baseline V1 mapping
service,Processed_Network_dataset,Network_dataset_9.csv,str,Graph Entity,Graph Entity,OBSERVED,Maintained from Baseline V1 mapping
duration,Processed_Network_dataset,Network_dataset_9.csv,float64,Graph Attribute,Graph Attribute,OBSERVED,Maintained from Baseline V1 mapping
src_bytes,Processed_Network_dataset,Network_dataset_9.csv,int64,Graph Attribute,Graph Attribute,OBSERVED,Maintained from Baseline V1 mapping
dst_bytes,Processed_Network_dataset,Network_dataset_9.csv,int64,Graph Attribute,Graph Attribute,OBSERVED,Maintained from Baseline V1 mapping
conn_state,Processed_Network_dataset,Network_dataset_9.csv,str,Graph Entity,Graph Entity,OBSERVED,Maintained from Baseline V1 mapping
missed_bytes,Processed_Network_dataset,Network_dataset_9.csv,int64,Graph Attribute,Graph Attribute,OBSERVED,Maintained from Baseline V1 mapping
src_pkts,Processed_Network_dataset,Network_dataset_9.csv,int64,Metadata Attribute,Metadata Attribute,OBSERVED,Maintained from Baseline V1 mapping
src_ip_bytes,Processed_Network_dataset,Network_dataset_9.csv,int64,Graph Entity,Graph Entity,OBSERVED,Maintained from Baseline V1 mapping
dst_pkts,Processed_Network_dataset,Network_dataset_9.csv,int64,Metadata Attribute,Metadata Attribute,OBSERVED,Maintained from Baseline V1 mapping
dst_ip_bytes,Processed_Network_dataset,Network_dataset_9.csv,int64,Graph Entity,Graph Entity,OBSERVED,Maintained from Baseline V1 mapping
dns_query,Processed_Network_dataset,Network_dataset_9.csv,str,Ignored Attribute,Context Attribute,OBSERVED,Recovered as operational contextual attribute
dns_qclass,Processed_Network_dataset,Network_dataset_9.csv,int64,Metadata Attribute,Metadata Attribute,OBSERVED,Maintained from Baseline V1 mapping
dns_qtype,Processed_Network_dataset,Network_dataset_9.csv,int64,Metadata Attribute,Metadata Attribute,OBSERVED,Maintained from Baseline V1 mapping
dns_rcode,Processed_Network_dataset,Network_dataset_9.csv,int64,Ignored Attribute,Truly Ignored,OBSERVED,Constant or single-value uninformative attribute across file rows
dns_AA,Processed_Network_dataset,Network_dataset_9.csv,str,Ignored Attribute,Context Attribute,OBSERVED,Recovered as operational contextual attribute
dns_RD,Processed_Network_dataset,Network_dataset_9.csv,str,Ignored Attribute,Context Attribute,OBSERVED,Recovered as operational contextual attribute
dns_RA,Processed_Network_dataset,Network_dataset_9.csv,str,Ignored Attribute,Context Attribute,OBSERVED,Recovered as operational contextual attribute
dns_rejected,Processed_Network_dataset,Network_dataset_9.csv,str,Ignored Attribute,Context Attribute,OBSERVED,Recovered as operational contextual attribute
ssl_version,Processed_Network_dataset,Network_dataset_9.csv,str,Ignored Attribute,Truly Ignored,OBSERVED,Constant or single-value uninformative attribute across file rows
ssl_cipher,Processed_Network_dataset,Network_dataset_9.csv,str,Ignored Attribute,Truly Ignored,OBSERVED,Constant or single-value uninformative attribute across file rows
ssl_resumed,Processed_Network_dataset,Network_dataset_9.csv,str,Ignored Attribute,Truly Ignored,OBSERVED,Constant or single-value uninformative attribute across file rows
ssl_established,Processed_Network_dataset,Network_dataset_9.csv,str,Ignored Attribute,Truly Ignored,OBSERVED,Constant or single-value uninformative attribute across file rows
ssl_subject,Processed_Network_dataset,Network_dataset_9.csv,str,Ignored Attribute,Truly Ignored,OBSERVED,Constant or single-value uninformative attribute across file rows
ssl_issuer,Processed_Network_dataset,Network_dataset_9.csv,str,Ignored Attribute,Truly Ignored,OBSERVED,Constant or single-value uninformative attribute across file rows
http_trans_depth,Processed_Network_dataset,Network_dataset_9.csv,str,Ignored Attribute,Truly Ignored,OBSERVED,Constant or single-value uninformative attribute across file rows
http_method,Processed_Network_dataset,Network_dataset_9.csv,str,Ignored Attribute,Truly Ignored,OBSERVED,Constant or single-value uninformative attribute across file rows
http_uri,Processed_Network_dataset,Network_dataset_9.csv,str,Ignored Attribute,Truly Ignored,OBSERVED,Constant or single-value uninformative attribute across file rows
http_referrer,Processed_Network_dataset,Network_dataset_9.csv,str,Ignored Attribute,Truly Ignored,OBSERVED,Constant or single-value uninformative attribute across file rows
http_version,Processed_Network_dataset,Network_dataset_9.csv,str,Ignored Attribute,Truly Ignored,OBSERVED,Constant or single-value uninformative attribute across file rows
http_request_body_len,Processed_Network_dataset,Network_dataset_9.csv,int64,Ignored Attribute,Truly Ignored,OBSERVED,Constant or single-value uninformative attribute across file rows
http_response_body_len,Processed_Network_dataset,Network_dataset_9.csv,int64,Ignored Attribute,Truly Ignored,OBSERVED,Constant or single-value uninformative attribute across file rows
http_status_code,Processed_Network_dataset,Network_dataset_9.csv,int64,Relationship Attribute,Relationship Attribute,OBSERVED,Maintained from Baseline V1 mapping
http_user_agent,Processed_Network_dataset,Network_dataset_9.csv,str,Graph Entity,Graph Entity,OBSERVED,Maintained from Baseline V1 mapping
http_orig_mime_types,Processed_Network_dataset,Network_dataset_9.csv,str,Metadata Attribute,Metadata Attribute,OBSERVED,Maintained from Baseline V1 mapping
http_resp_mime_types,Processed_Network_dataset,Network_dataset_9.csv,str,Metadata Attribute,Metadata Attribute,OBSERVED,Maintained from Baseline V1 mapping
weird_name,Processed_Network_dataset,Network_dataset_9.csv,str,Graph Entity,Graph Entity,OBSERVED,Maintained from Baseline V1 mapping
weird_addl,Processed_Network_dataset,Network_dataset_9.csv,str,Ignored Attribute,Truly Ignored,OBSERVED,Constant or single-value uninformative attribute across file rows
weird_notice,Processed_Network_dataset,Network_dataset_9.csv,str,Ignored Attribute,Truly Ignored,OBSERVED,Constant or single-value uninformative attribute across file rows
label,Processed_Network_dataset,Network_dataset_9.csv,int64,Graph Entity,Graph Entity,OBSERVED,Maintained from Baseline V1 mapping
type,Processed_Network_dataset,Network_dataset_9.csv,str,Graph Entity,Graph Entity,OBSERVED,Maintained from Baseline V1 mapping
ts,Processed_Windows_dataset,windows10_dataset.csv,int64,Metadata Attribute,Metadata Attribute,OBSERVED,Maintained from Baseline V1 mapping
Processor_DPC_Rate,Processed_Windows_dataset,windows10_dataset.csv,int64,Ignored Attribute,Relationship Property,OBSERVED,Recovered as dynamic network interaction telemetry / flow metric for directed communication edge
Processor_pct_ Idle_Time,Processed_Windows_dataset,windows10_dataset.csv,str,Metadata Attribute,Metadata Attribute,OBSERVED,Maintained from Baseline V1 mapping
Processor_pct_ C3_Time,Processed_Windows_dataset,windows10_dataset.csv,str,Metadata Attribute,Metadata Attribute,OBSERVED,Maintained from Baseline V1 mapping
Processor_pct_ Interrupt_Time,Processed_Windows_dataset,windows10_dataset.csv,str,Metadata Attribute,Metadata Attribute,OBSERVED,Maintained from Baseline V1 mapping
Processor_pct_ C2_Time,Processed_Windows_dataset,windows10_dataset.csv,str,Metadata Attribute,Metadata Attribute,OBSERVED,Maintained from Baseline V1 mapping
Processor_pct_ User_Time,Processed_Windows_dataset,windows10_dataset.csv,str,Graph Entity,Graph Entity,OBSERVED,Maintained from Baseline V1 mapping
Processor_pct_ C1_Time,Processed_Windows_dataset,windows10_dataset.csv,str,Metadata Attribute,Metadata Attribute,OBSERVED,Maintained from Baseline V1 mapping
Processor_pct_ Processor_Time,Processed_Windows_dataset,windows10_dataset.csv,str,Metadata Attribute,Metadata Attribute,OBSERVED,Maintained from Baseline V1 mapping
Processor_C1_ransitions_sec,Processed_Windows_dataset,windows10_dataset.csv,str,Ignored Attribute,Relationship Property,OBSERVED,Recovered as dynamic network interaction telemetry / flow metric for directed communication edge
Processor_pct_ DPC_Time,Processed_Windows_dataset,windows10_dataset.csv,str,Metadata Attribute,Metadata Attribute,OBSERVED,Maintained from Baseline V1 mapping
Processor_C2_ransitions_sec,Processed_Windows_dataset,windows10_dataset.csv,str,Ignored Attribute,Relationship Property,OBSERVED,Recovered as dynamic network interaction telemetry / flow metric for directed communication edge
Processor_pct_ Privileged_Time,Processed_Windows_dataset,windows10_dataset.csv,str,Metadata Attribute,Metadata Attribute,OBSERVED,Maintained from Baseline V1 mapping
Processor_C3_ransitions_sec,Processed_Windows_dataset,windows10_dataset.csv,str,Ignored Attribute,Relationship Property,OBSERVED,Recovered as dynamic network interaction telemetry / flow metric for directed communication edge
Processor_DPCs_Queued_sec,Processed_Windows_dataset,windows10_dataset.csv,str,Ignored Attribute,Relationship Property,OBSERVED,Recovered as dynamic network interaction telemetry / flow metric for directed communication edge
Processor_Interrupts_sec,Processed_Windows_dataset,windows10_dataset.csv,str,Metadata Attribute,Metadata Attribute,OBSERVED,Maintained from Baseline V1 mapping
Process_Pool_Paged Bytes,Processed_Windows_dataset,windows10_dataset.csv,int64,Graph Attribute,Graph Attribute,OBSERVED,Maintained from Baseline V1 mapping
Process_IO Read_Operations_sec,Processed_Windows_dataset,windows10_dataset.csv,str,Graph Attribute,Graph Attribute,OBSERVED,Maintained from Baseline V1 mapping
Process_Working_Set_ Private,Processed_Windows_dataset,windows10_dataset.csv,int64,Ignored Attribute,Graph Node Property,OBSERVED,"Recovered as telemetry system resource / sensor metric for host, process, or device node"
Process_Working_Set_Peak,Processed_Windows_dataset,windows10_dataset.csv,int64,Ignored Attribute,Graph Node Property,OBSERVED,Recovered as numerical telemetry performance metric
Process_IO_Write Operations_sec,Processed_Windows_dataset,windows10_dataset.csv,str,Graph Attribute,Graph Attribute,OBSERVED,Maintained from Baseline V1 mapping
Process_Page_File Bytes,Processed_Windows_dataset,windows10_dataset.csv,int64,Graph Attribute,Graph Attribute,OBSERVED,Maintained from Baseline V1 mapping
Process_pct_ User_Time,Processed_Windows_dataset,windows10_dataset.csv,str,Graph Entity,Graph Entity,OBSERVED,Maintained from Baseline V1 mapping
Process_Virtual_Bytes Peak,Processed_Windows_dataset,windows10_dataset.csv,float64,Graph Attribute,Graph Attribute,OBSERVED,Maintained from Baseline V1 mapping
Process_Page_File Bytes Peak,Processed_Windows_dataset,windows10_dataset.csv,int64,Graph Attribute,Graph Attribute,OBSERVED,Maintained from Baseline V1 mapping
Process_IO_Other_Bytes_sec,Processed_Windows_dataset,windows10_dataset.csv,str,Graph Attribute,Graph Attribute,OBSERVED,Maintained from Baseline V1 mapping
Process_Private_Bytes,Processed_Windows_dataset,windows10_dataset.csv,int64,Graph Attribute,Graph Attribute,OBSERVED,Maintained from Baseline V1 mapping
Process_IO_Write_Bytes_sec,Processed_Windows_dataset,windows10_dataset.csv,str,Graph Attribute,Graph Attribute,OBSERVED,Maintained from Baseline V1 mapping
Process_Elapsed_Time,Processed_Windows_dataset,windows10_dataset.csv,int64,Metadata Attribute,Metadata Attribute,OBSERVED,Maintained from Baseline V1 mapping
Process_Virtual_Bytes,Processed_Windows_dataset,windows10_dataset.csv,float64,Graph Attribute,Graph Attribute,OBSERVED,Maintained from Baseline V1 mapping
Process_pct_ Processor_Time,Processed_Windows_dataset,windows10_dataset.csv,str,Metadata Attribute,Metadata Attribute,OBSERVED,Maintained from Baseline V1 mapping
Process_Creating Process ID,Processed_Windows_dataset,windows10_dataset.csv,int64,Ignored Attribute,Truly Ignored,OBSERVED,Constant or single-value uninformative attribute across file rows
Process_Pool Nonpaged Bytes,Processed_Windows_dataset,windows10_dataset.csv,int64,Graph Attribute,Graph Attribute,OBSERVED,Maintained from Baseline V1 mapping
Process_Working Set,Processed_Windows_dataset,windows10_dataset.csv,int64,Ignored Attribute,Graph Node Property,OBSERVED,Recovered as numerical telemetry performance metric
Process_Page Faults_sec,Processed_Windows_dataset,windows10_dataset.csv,str,Metadata Attribute,Metadata Attribute,OBSERVED,Maintained from Baseline V1 mapping
Process_ID Process,Processed_Windows_dataset,windows10_dataset.csv,int64,Ignored Attribute,Truly Ignored,OBSERVED,Constant or single-value uninformative attribute across file rows
Process_IO Other Operations_sec,Processed_Windows_dataset,windows10_dataset.csv,str,Ignored Attribute,Relationship Property,OBSERVED,Recovered as dynamic network interaction telemetry / flow metric for directed communication edge
Process_IO Data Operations_sec,Processed_Windows_dataset,windows10_dataset.csv,str,Ignored Attribute,Relationship Property,OBSERVED,Recovered as dynamic network interaction telemetry / flow metric for directed communication edge
Process_Thread Count,Processed_Windows_dataset,windows10_dataset.csv,int64,Graph Attribute,Graph Attribute,OBSERVED,Maintained from Baseline V1 mapping
Process_pct_ Privileged_Time,Processed_Windows_dataset,windows10_dataset.csv,str,Metadata Attribute,Metadata Attribute,OBSERVED,Maintained from Baseline V1 mapping
Process_IO Data Bytes_sec,Processed_Windows_dataset,windows10_dataset.csv,str,Graph Attribute,Graph Attribute,OBSERVED,Maintained from Baseline V1 mapping
Process_IO Read Bytes_sec,Processed_Windows_dataset,windows10_dataset.csv,str,Graph Attribute,Graph Attribute,OBSERVED,Maintained from Baseline V1 mapping
Process_Priority Base,Processed_Windows_dataset,windows10_dataset.csv,int64,Ignored Attribute,Truly Ignored,OBSERVED,Constant or single-value uninformative attribute across file rows
Process_Handle Count,Processed_Windows_dataset,windows10_dataset.csv,int64,Graph Entity,Graph Entity,OBSERVED,Maintained from Baseline V1 mapping
Network_I(Intel R _82574L_GNC)TCP_APS,Processed_Windows_dataset,windows10_dataset.csv,int64,Ignored Attribute,Graph Node Property,OBSERVED,Recovered as numerical telemetry performance metric
Network_I(Intel R _82574L_GNC) Packets Received Unknown,Processed_Windows_dataset,windows10_dataset.csv,int64,Metadata Attribute,Metadata Attribute,OBSERVED,Maintained from Baseline V1 mapping
Network_I(Intel R _82574L_GNC) Bytes Received sec,Processed_Windows_dataset,windows10_dataset.csv,str,Graph Attribute,Graph Attribute,OBSERVED,Maintained from Baseline V1 mapping
Network_I(Intel R _82574L_GNC) Bytes Sent sec,Processed_Windows_dataset,windows10_dataset.csv,str,Graph Attribute,Graph Attribute,OBSERVED,Maintained from Baseline V1 mapping
Network_I(Intel R _82574L_GNC) Packets Outbound Errors,Processed_Windows_dataset,windows10_dataset.csv,int64,Metadata Attribute,Metadata Attribute,OBSERVED,Maintained from Baseline V1 mapping
Network_I(Intel R _82574L_GNC) Packets Received Discarded,Processed_Windows_dataset,windows10_dataset.csv,int64,Metadata Attribute,Metadata Attribute,OBSERVED,Maintained from Baseline V1 mapping
Network_I(Intel R _82574L_GNC) Bytes Total sec,Processed_Windows_dataset,windows10_dataset.csv,str,Graph Attribute,Graph Attribute,OBSERVED,Maintained from Baseline V1 mapping
Network_I(Intel R _82574L_GNC) Packets Outbound Discarded,Processed_Windows_dataset,windows10_dataset.csv,int64,Metadata Attribute,Metadata Attribute,OBSERVED,Maintained from Baseline V1 mapping
Network_I(Intel R _82574L_GNC) TCP RSC Exceptions sec,Processed_Windows_dataset,windows10_dataset.csv,str,Ignored Attribute,Relationship Property,OBSERVED,Recovered as dynamic network interaction telemetry / flow metric for directed communication edge
Network_I(Intel R _82574L_GNC) Packets Sent Unicast sec,Processed_Windows_dataset,windows10_dataset.csv,str,Metadata Attribute,Metadata Attribute,OBSERVED,Maintained from Baseline V1 mapping
Network_I(Intel R _82574L_GNC) Output Queue Length,Processed_Windows_dataset,windows10_dataset.csv,int64,Ignored Attribute,Truly Ignored,OBSERVED,Constant or single-value uninformative attribute across file rows
Network_I(Intel R _82574L_GNC) Packets Received sec,Processed_Windows_dataset,windows10_dataset.csv,str,Metadata Attribute,Metadata Attribute,OBSERVED,Maintained from Baseline V1 mapping
Network_I(Intel R _82574L_GNC) Current Bandwidth,Processed_Windows_dataset,windows10_dataset.csv,int64,Ignored Attribute,Truly Ignored,OBSERVED,Constant or single-value uninformative attribute across file rows
Network_I(Intel R _82574L_GNC) Packets sec,Processed_Windows_dataset,windows10_dataset.csv,str,Metadata Attribute,Metadata Attribute,OBSERVED,Maintained from Baseline V1 mapping
Network_I(Intel R _82574L_GNC) TCP Active RSC Connections,Processed_Windows_dataset,windows10_dataset.csv,int64,Ignored Attribute,Graph Node Property,OBSERVED,Recovered as numerical telemetry performance metric
Network_I(Intel R _82574L_GNC) Packets Sent sec,Processed_Windows_dataset,windows10_dataset.csv,str,Metadata Attribute,Metadata Attribute,OBSERVED,Maintained from Baseline V1 mapping
Network_I(Intel R _82574L_GNC) Packets Received Unicast sec,Processed_Windows_dataset,windows10_dataset.csv,str,Metadata Attribute,Metadata Attribute,OBSERVED,Maintained from Baseline V1 mapping
Network_I(Intel R _82574L_GNC) Packets Sent Non-Unicast sec,Processed_Windows_dataset,windows10_dataset.csv,str,Metadata Attribute,Metadata Attribute,OBSERVED,Maintained from Baseline V1 mapping
Network_I(Intel R _82574L_GNC) Packets Received Non-Unicast sec,Processed_Windows_dataset,windows10_dataset.csv,str,Metadata Attribute,Metadata Attribute,OBSERVED,Maintained from Baseline V1 mapping
Network_I(Intel R _82574L_GNC) TCP RSC Coalesced Packets sec,Processed_Windows_dataset,windows10_dataset.csv,str,Metadata Attribute,Metadata Attribute,OBSERVED,Maintained from Baseline V1 mapping
Network_I(Intel R _82574L_GNC) Offloaded Connections,Processed_Windows_dataset,windows10_dataset.csv,int64,Ignored Attribute,Truly Ignored,OBSERVED,Constant or single-value uninformative attribute across file rows
Network_I(Intel R _82574L_GNC) Packets Received Errors,Processed_Windows_dataset,windows10_dataset.csv,int64,Metadata Attribute,Metadata Attribute,OBSERVED,Maintained from Baseline V1 mapping
Memory Pool Paged Bytes,Processed_Windows_dataset,windows10_dataset.csv,int64,Graph Attribute,Graph Attribute,OBSERVED,Maintained from Baseline V1 mapping
Memory Free & Zero Page List Bytes,Processed_Windows_dataset,windows10_dataset.csv,int64,Graph Attribute,Graph Attribute,OBSERVED,Maintained from Baseline V1 mapping
Memory Cache Bytes Peak,Processed_Windows_dataset,windows10_dataset.csv,int64,Graph Attribute,Graph Attribute,OBSERVED,Maintained from Baseline V1 mapping
Memory System Code Resident Bytes,Processed_Windows_dataset,windows10_dataset.csv,int64,Graph Attribute,Graph Attribute,OBSERVED,Maintained from Baseline V1 mapping
Memory Available Bytes,Processed_Windows_dataset,windows10_dataset.csv,int64,Graph Attribute,Graph Attribute,OBSERVED,Maintained from Baseline V1 mapping
Memory Commit Limit,Processed_Windows_dataset,windows10_dataset.csv,int64,Graph Attribute,Graph Attribute,OBSERVED,Maintained from Baseline V1 mapping
Memory Transition Pages RePurposed sec,Processed_Windows_dataset,windows10_dataset.csv,str,Graph Attribute,Graph Attribute,OBSERVED,Maintained from Baseline V1 mapping
Memory Pages Output sec,Processed_Windows_dataset,windows10_dataset.csv,str,Graph Attribute,Graph Attribute,OBSERVED,Maintained from Baseline V1 mapping
Memory Page Reads sec,Processed_Windows_dataset,windows10_dataset.csv,str,Graph Attribute,Graph Attribute,OBSERVED,Maintained from Baseline V1 mapping
Memory Demand Zero Faults sec,Processed_Windows_dataset,windows10_dataset.csv,str,Metadata Attribute,Metadata Attribute,OBSERVED,Maintained from Baseline V1 mapping
Memory Available KBytes,Processed_Windows_dataset,windows10_dataset.csv,int64,Graph Attribute,Graph Attribute,OBSERVED,Maintained from Baseline V1 mapping
Memory Pages sec,Processed_Windows_dataset,windows10_dataset.csv,str,Graph Attribute,Graph Attribute,OBSERVED,Maintained from Baseline V1 mapping
Memory Cache Bytes,Processed_Windows_dataset,windows10_dataset.csv,int64,Graph Attribute,Graph Attribute,OBSERVED,Maintained from Baseline V1 mapping
Memory Pool Nonpaged Bytes,Processed_Windows_dataset,windows10_dataset.csv,int64,Graph Attribute,Graph Attribute,OBSERVED,Maintained from Baseline V1 mapping
Memory Page Faults sec,Processed_Windows_dataset,windows10_dataset.csv,str,Metadata Attribute,Metadata Attribute,OBSERVED,Maintained from Baseline V1 mapping
Memory Transition Faults sec,Processed_Windows_dataset,windows10_dataset.csv,str,Metadata Attribute,Metadata Attribute,OBSERVED,Maintained from Baseline V1 mapping
Memory System Cache Resident Bytes,Processed_Windows_dataset,windows10_dataset.csv,int64,Graph Attribute,Graph Attribute,OBSERVED,Maintained from Baseline V1 mapping
Memory Long-Term Average Standby Cache Lifetime (s),Processed_Windows_dataset,windows10_dataset.csv,int64,Metadata Attribute,Metadata Attribute,OBSERVED,Maintained from Baseline V1 mapping
Memory Standby Cache Reserve Bytes,Processed_Windows_dataset,windows10_dataset.csv,int64,Graph Attribute,Graph Attribute,OBSERVED,Maintained from Baseline V1 mapping
Memory Page Writes sec,Processed_Windows_dataset,windows10_dataset.csv,str,Graph Attribute,Graph Attribute,OBSERVED,Maintained from Baseline V1 mapping
Memory System Code Total Bytes,Processed_Windows_dataset,windows10_dataset.csv,int64,Graph Attribute,Graph Attribute,OBSERVED,Maintained from Baseline V1 mapping
Memory Standby Cache Core Bytes,Processed_Windows_dataset,windows10_dataset.csv,int64,Graph Attribute,Graph Attribute,OBSERVED,Maintained from Baseline V1 mapping
Memory System Driver Resident Bytes,Processed_Windows_dataset,windows10_dataset.csv,float64,Graph Attribute,Graph Attribute,OBSERVED,Maintained from Baseline V1 mapping
Memory Standby Cache Normal Priority Bytes,Processed_Windows_dataset,windows10_dataset.csv,int64,Graph Attribute,Graph Attribute,OBSERVED,Maintained from Baseline V1 mapping
Memory Pool Paged Allocs,Processed_Windows_dataset,windows10_dataset.csv,int64,Graph Attribute,Graph Attribute,OBSERVED,Maintained from Baseline V1 mapping
Memory Pool Nonpaged Allocs,Processed_Windows_dataset,windows10_dataset.csv,int64,Graph Attribute,Graph Attribute,OBSERVED,Maintained from Baseline V1 mapping
Memory pct_ Committed Bytes In Use,Processed_Windows_dataset,windows10_dataset.csv,float64,Graph Attribute,Graph Attribute,OBSERVED,Maintained from Baseline V1 mapping
Memory Free System Page Table Entries,Processed_Windows_dataset,windows10_dataset.csv,int64,Graph Entity,Graph Entity,OBSERVED,Maintained from Baseline V1 mapping
Memory Available MBytes,Processed_Windows_dataset,windows10_dataset.csv,int64,Graph Attribute,Graph Attribute,OBSERVED,Maintained from Baseline V1 mapping
Memory Modified Page List Bytes,Processed_Windows_dataset,windows10_dataset.csv,int64,Graph Attribute,Graph Attribute,OBSERVED,Maintained from Baseline V1 mapping
Memory Cache Faults sec,Processed_Windows_dataset,windows10_dataset.csv,str,Metadata Attribute,Metadata Attribute,OBSERVED,Maintained from Baseline V1 mapping
Memory Committed Bytes,Processed_Windows_dataset,windows10_dataset.csv,int64,Graph Attribute,Graph Attribute,OBSERVED,Maintained from Baseline V1 mapping
Memory System Driver Total Bytes,Processed_Windows_dataset,windows10_dataset.csv,int64,Graph Attribute,Graph Attribute,OBSERVED,Maintained from Baseline V1 mapping
Memory Pages Input sec,Processed_Windows_dataset,windows10_dataset.csv,str,Graph Attribute,Graph Attribute,OBSERVED,Maintained from Baseline V1 mapping
Memory Pool Paged Resident Bytes,Processed_Windows_dataset,windows10_dataset.csv,int64,Graph Attribute,Graph Attribute,OBSERVED,Maintained from Baseline V1 mapping
Memory Write Copies sec,Processed_Windows_dataset,windows10_dataset.csv,str,Graph Attribute,Graph Attribute,OBSERVED,Maintained from Baseline V1 mapping
LogicalDisk(_Total) Avg  Disk Bytes Write,Processed_Windows_dataset,windows10_dataset.csv,str,Graph Attribute,Graph Attribute,OBSERVED,Maintained from Baseline V1 mapping
LogicalDisk(_Total) pct_ Idle Time,Processed_Windows_dataset,windows10_dataset.csv,str,Metadata Attribute,Metadata Attribute,OBSERVED,Maintained from Baseline V1 mapping
LogicalDisk(_Total) Disk Reads sec,Processed_Windows_dataset,windows10_dataset.csv,str,Graph Attribute,Graph Attribute,OBSERVED,Maintained from Baseline V1 mapping
LogicalDisk(_Total) pct_ Free Space,Processed_Windows_dataset,windows10_dataset.csv,float64,Graph Attribute,Graph Attribute,OBSERVED,Maintained from Baseline V1 mapping
LogicalDisk(_Total) Disk Read Bytes sec,Processed_Windows_dataset,windows10_dataset.csv,str,Graph Attribute,Graph Attribute,OBSERVED,Maintained from Baseline V1 mapping
LogicalDisk(_Total) Avg  Disk sec Read,Processed_Windows_dataset,windows10_dataset.csv,str,Graph Attribute,Graph Attribute,OBSERVED,Maintained from Baseline V1 mapping
LogicalDisk(_Total) Disk Writes sec,Processed_Windows_dataset,windows10_dataset.csv,str,Graph Attribute,Graph Attribute,OBSERVED,Maintained from Baseline V1 mapping
LogicalDisk(_Total) Current Disk Queue Length,Processed_Windows_dataset,windows10_dataset.csv,int64,Graph Attribute,Graph Attribute,OBSERVED,Maintained from Baseline V1 mapping
LogicalDisk(_Total) Split IO Sec,Processed_Windows_dataset,windows10_dataset.csv,str,Graph Attribute,Graph Attribute,OBSERVED,Maintained from Baseline V1 mapping
LogicalDisk(_Total) Free Megabytes,Processed_Windows_dataset,windows10_dataset.csv,int64,Graph Attribute,Graph Attribute,OBSERVED,Maintained from Baseline V1 mapping
LogicalDisk(_Total) Avg  Disk sec Write,Processed_Windows_dataset,windows10_dataset.csv,str,Graph Attribute,Graph Attribute,OBSERVED,Maintained from Baseline V1 mapping
LogicalDisk(_Total) Disk Bytes sec,Processed_Windows_dataset,windows10_dataset.csv,str,Graph Attribute,Graph Attribute,OBSERVED,Maintained from Baseline V1 mapping
LogicalDisk(_Total) Avg  Disk Read Queue Length,Processed_Windows_dataset,windows10_dataset.csv,str,Graph Attribute,Graph Attribute,OBSERVED,Maintained from Baseline V1 mapping
LogicalDisk(_Total) pct_ Disk Time,Processed_Windows_dataset,windows10_dataset.csv,str,Metadata Attribute,Metadata Attribute,OBSERVED,Maintained from Baseline V1 mapping
LogicalDisk(_Total) Avg  Disk Bytes Read,Processed_Windows_dataset,windows10_dataset.csv,str,Graph Attribute,Graph Attribute,OBSERVED,Maintained from Baseline V1 mapping
LogicalDisk(_Total) Avg  Disk Write Queue Length,Processed_Windows_dataset,windows10_dataset.csv,str,Graph Attribute,Graph Attribute,OBSERVED,Maintained from Baseline V1 mapping
LogicalDisk(_Total) Avg  Disk Queue Length,Processed_Windows_dataset,windows10_dataset.csv,str,Graph Attribute,Graph Attribute,OBSERVED,Maintained from Baseline V1 mapping
LogicalDisk(_Total) pct_ Disk Read Time,Processed_Windows_dataset,windows10_dataset.csv,str,Metadata Attribute,Metadata Attribute,OBSERVED,Maintained from Baseline V1 mapping
LogicalDisk(_Total) Disk Write Bytes sec,Processed_Windows_dataset,windows10_dataset.csv,str,Graph Attribute,Graph Attribute,OBSERVED,Maintained from Baseline V1 mapping
LogicalDisk(_Total) Disk Transfers sec,Processed_Windows_dataset,windows10_dataset.csv,str,Graph Attribute,Graph Attribute,OBSERVED,Maintained from Baseline V1 mapping
LogicalDisk(_Total) Avg  Disk Bytes Transfer,Processed_Windows_dataset,windows10_dataset.csv,str,Graph Attribute,Graph Attribute,OBSERVED,Maintained from Baseline V1 mapping
LogicalDisk(_Total) pct_ Disk Write Time,Processed_Windows_dataset,windows10_dataset.csv,str,Metadata Attribute,Metadata Attribute,OBSERVED,Maintained from Baseline V1 mapping
LogicalDisk(_Total) Avg  Disk sec Transfer,Processed_Windows_dataset,windows10_dataset.csv,str,Graph Attribute,Graph Attribute,OBSERVED,Maintained from Baseline V1 mapping
label,Processed_Windows_dataset,windows10_dataset.csv,int64,Graph Entity,Graph Entity,OBSERVED,Maintained from Baseline V1 mapping
type,Processed_Windows_dataset,windows10_dataset.csv,str,Graph Entity,Graph Entity,OBSERVED,Maintained from Baseline V1 mapping
ts,Processed_Windows_dataset,windows7_dataset.csv,int64,Metadata Attribute,Metadata Attribute,OBSERVED,Maintained from Baseline V1 mapping
Processor(_Total) DPC Rate,Processed_Windows_dataset,windows7_dataset.csv,int64,Ignored Attribute,Relationship Property,OBSERVED,Recovered as dynamic network interaction telemetry / flow metric for directed communication edge
Processor(_Total) pct_ Idle Time,Processed_Windows_dataset,windows7_dataset.csv,float64,Metadata Attribute,Metadata Attribute,OBSERVED,Maintained from Baseline V1 mapping
Processor(_Total) pct_ C3 Time,Processed_Windows_dataset,windows7_dataset.csv,int64,Metadata Attribute,Metadata Attribute,OBSERVED,Maintained from Baseline V1 mapping
Processor(_Total) pct_ Interrupt Time,Processed_Windows_dataset,windows7_dataset.csv,float64,Metadata Attribute,Metadata Attribute,OBSERVED,Maintained from Baseline V1 mapping
Processor(_Total) pct_ C2 Time,Processed_Windows_dataset,windows7_dataset.csv,int64,Metadata Attribute,Metadata Attribute,OBSERVED,Maintained from Baseline V1 mapping
Processor(_Total) pct_ User Time,Processed_Windows_dataset,windows7_dataset.csv,float64,Graph Entity,Graph Entity,OBSERVED,Maintained from Baseline V1 mapping
Processor(_Total) pct_ C1 Time,Processed_Windows_dataset,windows7_dataset.csv,float64,Metadata Attribute,Metadata Attribute,OBSERVED,Maintained from Baseline V1 mapping
Processor(_Total) pct_ Processor Time,Processed_Windows_dataset,windows7_dataset.csv,float64,Metadata Attribute,Metadata Attribute,OBSERVED,Maintained from Baseline V1 mapping
Processor(_Total) C1 Transitions sec,Processed_Windows_dataset,windows7_dataset.csv,float64,Ignored Attribute,Relationship Property,OBSERVED,Recovered as dynamic network interaction telemetry / flow metric for directed communication edge
Processor(_Total) pct_ DPC Time,Processed_Windows_dataset,windows7_dataset.csv,float64,Metadata Attribute,Metadata Attribute,OBSERVED,Maintained from Baseline V1 mapping
Processor(_Total) C2 Transitions sec,Processed_Windows_dataset,windows7_dataset.csv,int64,Ignored Attribute,Truly Ignored,OBSERVED,Constant or single-value uninformative attribute across file rows
Processor(_Total) pct_ Privileged Time,Processed_Windows_dataset,windows7_dataset.csv,float64,Metadata Attribute,Metadata Attribute,OBSERVED,Maintained from Baseline V1 mapping
Processor(_Total) C3 Transitions sec,Processed_Windows_dataset,windows7_dataset.csv,int64,Ignored Attribute,Truly Ignored,OBSERVED,Constant or single-value uninformative attribute across file rows
Processor(_Total) DPCs Queued sec,Processed_Windows_dataset,windows7_dataset.csv,float64,Ignored Attribute,Relationship Property,OBSERVED,Recovered as dynamic network interaction telemetry / flow metric for directed communication edge
Processor(_Total) Interrupts sec,Processed_Windows_dataset,windows7_dataset.csv,float64,Metadata Attribute,Metadata Attribute,OBSERVED,Maintained from Baseline V1 mapping
Process(_Total) Pool Paged Bytes,Processed_Windows_dataset,windows7_dataset.csv,int64,Graph Attribute,Graph Attribute,OBSERVED,Maintained from Baseline V1 mapping
Process(_Total) IO Read Operations sec,Processed_Windows_dataset,windows7_dataset.csv,str,Graph Attribute,Graph Attribute,OBSERVED,Maintained from Baseline V1 mapping
Process(_Total) Working Set - Private,Processed_Windows_dataset,windows7_dataset.csv,int64,Ignored Attribute,Graph Node Property,OBSERVED,"Recovered as telemetry system resource / sensor metric for host, process, or device node"
Process(_Total) Working Set Peak,Processed_Windows_dataset,windows7_dataset.csv,int64,Ignored Attribute,Graph Node Property,OBSERVED,Recovered as numerical telemetry performance metric
Process(_Total) IO Write Operations sec,Processed_Windows_dataset,windows7_dataset.csv,str,Graph Attribute,Graph Attribute,OBSERVED,Maintained from Baseline V1 mapping
Process(_Total) Page File Bytes,Processed_Windows_dataset,windows7_dataset.csv,int64,Graph Attribute,Graph Attribute,OBSERVED,Maintained from Baseline V1 mapping
Process(_Total) pct_ User Time,Processed_Windows_dataset,windows7_dataset.csv,str,Graph Entity,Graph Entity,OBSERVED,Maintained from Baseline V1 mapping
Process(_Total) Virtual Bytes Peak,Processed_Windows_dataset,windows7_dataset.csv,int64,Graph Attribute,Graph Attribute,OBSERVED,Maintained from Baseline V1 mapping
Process(_Total) Page File Bytes Peak,Processed_Windows_dataset,windows7_dataset.csv,int64,Graph Attribute,Graph Attribute,OBSERVED,Maintained from Baseline V1 mapping
Process(_Total) IO Other Bytes sec,Processed_Windows_dataset,windows7_dataset.csv,str,Graph Attribute,Graph Attribute,OBSERVED,Maintained from Baseline V1 mapping
Process(_Total) Private Bytes,Processed_Windows_dataset,windows7_dataset.csv,int64,Graph Attribute,Graph Attribute,OBSERVED,Maintained from Baseline V1 mapping
Process(_Total) IO Write Bytes sec,Processed_Windows_dataset,windows7_dataset.csv,str,Graph Attribute,Graph Attribute,OBSERVED,Maintained from Baseline V1 mapping
Process(_Total) Elapsed Time,Processed_Windows_dataset,windows7_dataset.csv,int64,Metadata Attribute,Metadata Attribute,OBSERVED,Maintained from Baseline V1 mapping
Process(_Total) Virtual Bytes,Processed_Windows_dataset,windows7_dataset.csv,int64,Graph Attribute,Graph Attribute,OBSERVED,Maintained from Baseline V1 mapping
Process(_Total) pct_ Processor Time,Processed_Windows_dataset,windows7_dataset.csv,str,Metadata Attribute,Metadata Attribute,OBSERVED,Maintained from Baseline V1 mapping
Process(_Total) Creating Process ID,Processed_Windows_dataset,windows7_dataset.csv,int64,Ignored Attribute,Truly Ignored,OBSERVED,Constant or single-value uninformative attribute across file rows
Process(_Total) Pool Nonpaged Bytes,Processed_Windows_dataset,windows7_dataset.csv,int64,Graph Attribute,Graph Attribute,OBSERVED,Maintained from Baseline V1 mapping
Process(_Total) Working Set,Processed_Windows_dataset,windows7_dataset.csv,int64,Ignored Attribute,Graph Node Property,OBSERVED,Recovered as numerical telemetry performance metric
Process(_Total) Page Faults sec,Processed_Windows_dataset,windows7_dataset.csv,str,Metadata Attribute,Metadata Attribute,OBSERVED,Maintained from Baseline V1 mapping
Process(_Total) ID Process,Processed_Windows_dataset,windows7_dataset.csv,int64,Ignored Attribute,Truly Ignored,OBSERVED,Constant or single-value uninformative attribute across file rows
Process(_Total) IO Other Operations sec,Processed_Windows_dataset,windows7_dataset.csv,str,Ignored Attribute,Relationship Property,OBSERVED,Recovered as dynamic network interaction telemetry / flow metric for directed communication edge
Process(_Total) IO Data Operations sec,Processed_Windows_dataset,windows7_dataset.csv,str,Ignored Attribute,Relationship Property,OBSERVED,Recovered as dynamic network interaction telemetry / flow metric for directed communication edge
Process(_Total) Thread Count,Processed_Windows_dataset,windows7_dataset.csv,int64,Graph Attribute,Graph Attribute,OBSERVED,Maintained from Baseline V1 mapping
Process(_Total) pct_ Privileged Time,Processed_Windows_dataset,windows7_dataset.csv,str,Metadata Attribute,Metadata Attribute,OBSERVED,Maintained from Baseline V1 mapping
Process(_Total) IO Data Bytes sec,Processed_Windows_dataset,windows7_dataset.csv,str,Graph Attribute,Graph Attribute,OBSERVED,Maintained from Baseline V1 mapping
Process(_Total) IO Read Bytes sec,Processed_Windows_dataset,windows7_dataset.csv,str,Graph Attribute,Graph Attribute,OBSERVED,Maintained from Baseline V1 mapping
Process(_Total) Priority Base,Processed_Windows_dataset,windows7_dataset.csv,int64,Ignored Attribute,Truly Ignored,OBSERVED,Constant or single-value uninformative attribute across file rows
Process(_Total) Handle Count,Processed_Windows_dataset,windows7_dataset.csv,int64,Graph Entity,Graph Entity,OBSERVED,Maintained from Baseline V1 mapping
Network_I(6TO4 Adapter) Packets Received Unknown,Processed_Windows_dataset,windows7_dataset.csv,int64,Metadata Attribute,Metadata Attribute,OBSERVED,Maintained from Baseline V1 mapping
Network_I(isatap{B4D100D3-}) Packets Received Unknown,Processed_Windows_dataset,windows7_dataset.csv,int64,Metadata Attribute,Metadata Attribute,OBSERVED,Maintained from Baseline V1 mapping
Network_I(Intel R _Pro_1000MT) Packets Received Unknown,Processed_Windows_dataset,windows7_dataset.csv,int64,Metadata Attribute,Metadata Attribute,OBSERVED,Maintained from Baseline V1 mapping
Network_I(6TO4 Adapter) Bytes Received sec,Processed_Windows_dataset,windows7_dataset.csv,int64,Graph Attribute,Graph Attribute,OBSERVED,Maintained from Baseline V1 mapping
Network_I(isatap{B4D100D3-}) Bytes Received sec,Processed_Windows_dataset,windows7_dataset.csv,int64,Graph Attribute,Graph Attribute,OBSERVED,Maintained from Baseline V1 mapping
Network_I(Intel R _Pro_1000MT) Bytes Received sec,Processed_Windows_dataset,windows7_dataset.csv,float64,Graph Attribute,Graph Attribute,OBSERVED,Maintained from Baseline V1 mapping
Network_I(6TO4 Adapter) Bytes Sent sec,Processed_Windows_dataset,windows7_dataset.csv,int64,Graph Attribute,Graph Attribute,OBSERVED,Maintained from Baseline V1 mapping
Network_I(isatap{B4D100D3-}) Bytes Sent sec,Processed_Windows_dataset,windows7_dataset.csv,int64,Graph Attribute,Graph Attribute,OBSERVED,Maintained from Baseline V1 mapping
Network_I(Intel R _Pro_1000MT) Bytes Sent sec,Processed_Windows_dataset,windows7_dataset.csv,float64,Graph Attribute,Graph Attribute,OBSERVED,Maintained from Baseline V1 mapping
Network_I(6TO4 Adapter) Packets Outbound Errors,Processed_Windows_dataset,windows7_dataset.csv,int64,Metadata Attribute,Metadata Attribute,OBSERVED,Maintained from Baseline V1 mapping
Network_I(isatap{B4D100D3-}) Packets Outbound Errors,Processed_Windows_dataset,windows7_dataset.csv,int64,Metadata Attribute,Metadata Attribute,OBSERVED,Maintained from Baseline V1 mapping
Network_I(Intel R _Pro_1000MT) Packets Outbound Errors,Processed_Windows_dataset,windows7_dataset.csv,int64,Metadata Attribute,Metadata Attribute,OBSERVED,Maintained from Baseline V1 mapping
Network_I(6TO4 Adapter) Packets Received Discarded,Processed_Windows_dataset,windows7_dataset.csv,int64,Metadata Attribute,Metadata Attribute,OBSERVED,Maintained from Baseline V1 mapping
Network_I(isatap{B4D100D3-}) Packets Received Discarded,Processed_Windows_dataset,windows7_dataset.csv,int64,Metadata Attribute,Metadata Attribute,OBSERVED,Maintained from Baseline V1 mapping
Network_I(Intel R _Pro_1000MT) Packets Received Discarded,Processed_Windows_dataset,windows7_dataset.csv,int64,Metadata Attribute,Metadata Attribute,OBSERVED,Maintained from Baseline V1 mapping
Network_I(6TO4 Adapter) Bytes Total sec,Processed_Windows_dataset,windows7_dataset.csv,int64,Graph Attribute,Graph Attribute,OBSERVED,Maintained from Baseline V1 mapping
Network_I(isatap{B4D100D3-}) Bytes Total sec,Processed_Windows_dataset,windows7_dataset.csv,int64,Graph Attribute,Graph Attribute,OBSERVED,Maintained from Baseline V1 mapping
Network_I(Intel R _Pro_1000MT) Bytes Total sec,Processed_Windows_dataset,windows7_dataset.csv,float64,Graph Attribute,Graph Attribute,OBSERVED,Maintained from Baseline V1 mapping
Network_I(6TO4 Adapter) Packets Outbound Discarded,Processed_Windows_dataset,windows7_dataset.csv,int64,Metadata Attribute,Metadata Attribute,OBSERVED,Maintained from Baseline V1 mapping
Network_I(isatap{B4D100D3-}) Packets Outbound Discarded,Processed_Windows_dataset,windows7_dataset.csv,int64,Metadata Attribute,Metadata Attribute,OBSERVED,Maintained from Baseline V1 mapping
Network_I(Intel R _Pro_1000MT) Packets Outbound Discarded,Processed_Windows_dataset,windows7_dataset.csv,int64,Metadata Attribute,Metadata Attribute,OBSERVED,Maintained from Baseline V1 mapping
Network_I(6TO4 Adapter) Packets Sent Unicast sec,Processed_Windows_dataset,windows7_dataset.csv,int64,Metadata Attribute,Metadata Attribute,OBSERVED,Maintained from Baseline V1 mapping
Network_I(isatap{B4D100D3-}) Packets Sent Unicast sec,Processed_Windows_dataset,windows7_dataset.csv,int64,Metadata Attribute,Metadata Attribute,OBSERVED,Maintained from Baseline V1 mapping
Network_I(Intel R _Pro_1000MT) Packets Sent Unicast sec,Processed_Windows_dataset,windows7_dataset.csv,float64,Metadata Attribute,Metadata Attribute,OBSERVED,Maintained from Baseline V1 mapping
Network_I(6TO4 Adapter) Output Queue Length,Processed_Windows_dataset,windows7_dataset.csv,int64,Ignored Attribute,Truly Ignored,OBSERVED,Constant or single-value uninformative attribute across file rows
Network_I(isatap{B4D100D3-}) Output Queue Length,Processed_Windows_dataset,windows7_dataset.csv,int64,Ignored Attribute,Truly Ignored,OBSERVED,Constant or single-value uninformative attribute across file rows
Network_I(Intel R _Pro_1000MT) Output Queue Length,Processed_Windows_dataset,windows7_dataset.csv,int64,Ignored Attribute,Truly Ignored,OBSERVED,Constant or single-value uninformative attribute across file rows
Network_I(6TO4 Adapter) Packets Received sec,Processed_Windows_dataset,windows7_dataset.csv,int64,Metadata Attribute,Metadata Attribute,OBSERVED,Maintained from Baseline V1 mapping
Network_I(isatap{B4D100D3-}) Packets Received sec,Processed_Windows_dataset,windows7_dataset.csv,int64,Metadata Attribute,Metadata Attribute,OBSERVED,Maintained from Baseline V1 mapping
Network_I(Intel R _Pro_1000MT) Packets Received sec,Processed_Windows_dataset,windows7_dataset.csv,float64,Metadata Attribute,Metadata Attribute,OBSERVED,Maintained from Baseline V1 mapping
Network_I(6TO4 Adapter) Current Bandwidth,Processed_Windows_dataset,windows7_dataset.csv,int64,Ignored Attribute,Truly Ignored,OBSERVED,Constant or single-value uninformative attribute across file rows
Network_I(isatap{B4D100D3-}) Current Bandwidth,Processed_Windows_dataset,windows7_dataset.csv,int64,Ignored Attribute,Truly Ignored,OBSERVED,Constant or single-value uninformative attribute across file rows
Network_I(Intel R _Pro_1000MT) Current Bandwidth,Processed_Windows_dataset,windows7_dataset.csv,int64,Ignored Attribute,Truly Ignored,OBSERVED,Constant or single-value uninformative attribute across file rows
Network_I(6TO4 Adapter) Packets sec,Processed_Windows_dataset,windows7_dataset.csv,int64,Metadata Attribute,Metadata Attribute,OBSERVED,Maintained from Baseline V1 mapping
Network_I(isatap{B4D100D3-}) Packets sec,Processed_Windows_dataset,windows7_dataset.csv,int64,Metadata Attribute,Metadata Attribute,OBSERVED,Maintained from Baseline V1 mapping
Network_I(Intel R _Pro_1000MT) Packets sec,Processed_Windows_dataset,windows7_dataset.csv,float64,Metadata Attribute,Metadata Attribute,OBSERVED,Maintained from Baseline V1 mapping
Network_I(6TO4 Adapter) Packets Sent sec,Processed_Windows_dataset,windows7_dataset.csv,int64,Metadata Attribute,Metadata Attribute,OBSERVED,Maintained from Baseline V1 mapping
Network_I(isatap{B4D100D3-}) Packets Sent sec,Processed_Windows_dataset,windows7_dataset.csv,int64,Metadata Attribute,Metadata Attribute,OBSERVED,Maintained from Baseline V1 mapping
Network_I(Intel R _Pro_1000MT) Packets Sent sec,Processed_Windows_dataset,windows7_dataset.csv,float64,Metadata Attribute,Metadata Attribute,OBSERVED,Maintained from Baseline V1 mapping
Network_I(6TO4 Adapter) Packets Received Unicast sec,Processed_Windows_dataset,windows7_dataset.csv,int64,Metadata Attribute,Metadata Attribute,OBSERVED,Maintained from Baseline V1 mapping
Network_I(isatap{B4D100D3-}) Packets Received Unicast sec,Processed_Windows_dataset,windows7_dataset.csv,int64,Metadata Attribute,Metadata Attribute,OBSERVED,Maintained from Baseline V1 mapping
Network_I(Intel R _Pro_1000MT) Packets Received Unicast sec,Processed_Windows_dataset,windows7_dataset.csv,float64,Metadata Attribute,Metadata Attribute,OBSERVED,Maintained from Baseline V1 mapping
Network_I(6TO4 Adapter) Packets Sent Non-Unicast sec,Processed_Windows_dataset,windows7_dataset.csv,int64,Metadata Attribute,Metadata Attribute,OBSERVED,Maintained from Baseline V1 mapping
Network_I(isatap{B4D100D3-}) Packets Sent Non-Unicast sec,Processed_Windows_dataset,windows7_dataset.csv,int64,Metadata Attribute,Metadata Attribute,OBSERVED,Maintained from Baseline V1 mapping
Network_I(Intel R _Pro_1000MT) Packets Sent Non-Unicast sec,Processed_Windows_dataset,windows7_dataset.csv,int64,Metadata Attribute,Metadata Attribute,OBSERVED,Maintained from Baseline V1 mapping
Network_I(6TO4 Adapter) Packets Received Non-Unicast sec,Processed_Windows_dataset,windows7_dataset.csv,int64,Metadata Attribute,Metadata Attribute,OBSERVED,Maintained from Baseline V1 mapping
Network_I(isatap{B4D100D3-}) Packets Received Non-Unicast sec,Processed_Windows_dataset,windows7_dataset.csv,int64,Metadata Attribute,Metadata Attribute,OBSERVED,Maintained from Baseline V1 mapping
Network_I(Intel R _Pro_1000MT) Packets Received Non-Unicast sec,Processed_Windows_dataset,windows7_dataset.csv,int64,Metadata Attribute,Metadata Attribute,OBSERVED,Maintained from Baseline V1 mapping
Network_I(6TO4 Adapter) Offloaded Connections,Processed_Windows_dataset,windows7_dataset.csv,int64,Ignored Attribute,Truly Ignored,OBSERVED,Constant or single-value uninformative attribute across file rows
Network_I(isatap{B4D100D3-}) Offloaded Connections,Processed_Windows_dataset,windows7_dataset.csv,int64,Ignored Attribute,Truly Ignored,OBSERVED,Constant or single-value uninformative attribute across file rows
Network_I(Intel R _Pro_1000MT) Offloaded Connections,Processed_Windows_dataset,windows7_dataset.csv,int64,Ignored Attribute,Truly Ignored,OBSERVED,Constant or single-value uninformative attribute across file rows
Network_I(6TO4 Adapter) Packets Received Errors,Processed_Windows_dataset,windows7_dataset.csv,int64,Metadata Attribute,Metadata Attribute,OBSERVED,Maintained from Baseline V1 mapping
Network_I(isatap{B4D100D3-}) Packets Received Errors,Processed_Windows_dataset,windows7_dataset.csv,int64,Metadata Attribute,Metadata Attribute,OBSERVED,Maintained from Baseline V1 mapping
Network_I(Intel R _Pro_1000MT) Packets Received Errors,Processed_Windows_dataset,windows7_dataset.csv,int64,Metadata Attribute,Metadata Attribute,OBSERVED,Maintained from Baseline V1 mapping
Memory Pool Paged Bytes,Processed_Windows_dataset,windows7_dataset.csv,int64,Graph Attribute,Graph Attribute,OBSERVED,Maintained from Baseline V1 mapping
Memory Free & Zero Page List Bytes,Processed_Windows_dataset,windows7_dataset.csv,int64,Graph Attribute,Graph Attribute,OBSERVED,Maintained from Baseline V1 mapping
Memory Cache Bytes Peak,Processed_Windows_dataset,windows7_dataset.csv,int64,Graph Attribute,Graph Attribute,OBSERVED,Maintained from Baseline V1 mapping
Memory System Code Resident Bytes,Processed_Windows_dataset,windows7_dataset.csv,int64,Graph Attribute,Graph Attribute,OBSERVED,Maintained from Baseline V1 mapping
Memory Available Bytes,Processed_Windows_dataset,windows7_dataset.csv,int64,Graph Attribute,Graph Attribute,OBSERVED,Maintained from Baseline V1 mapping
Memory Commit Limit,Processed_Windows_dataset,windows7_dataset.csv,int64,Graph Attribute,Graph Attribute,OBSERVED,Maintained from Baseline V1 mapping
Memory Transition Pages RePurposed sec,Processed_Windows_dataset,windows7_dataset.csv,float64,Graph Attribute,Graph Attribute,OBSERVED,Maintained from Baseline V1 mapping
Memory Pages Output sec,Processed_Windows_dataset,windows7_dataset.csv,float64,Graph Attribute,Graph Attribute,OBSERVED,Maintained from Baseline V1 mapping
Memory Page Reads sec,Processed_Windows_dataset,windows7_dataset.csv,float64,Graph Attribute,Graph Attribute,OBSERVED,Maintained from Baseline V1 mapping
Memory Demand Zero Faults sec,Processed_Windows_dataset,windows7_dataset.csv,float64,Metadata Attribute,Metadata Attribute,OBSERVED,Maintained from Baseline V1 mapping
Memory Available KBytes,Processed_Windows_dataset,windows7_dataset.csv,int64,Graph Attribute,Graph Attribute,OBSERVED,Maintained from Baseline V1 mapping
Memory Pages sec,Processed_Windows_dataset,windows7_dataset.csv,float64,Graph Attribute,Graph Attribute,OBSERVED,Maintained from Baseline V1 mapping
Memory Cache Bytes,Processed_Windows_dataset,windows7_dataset.csv,int64,Graph Attribute,Graph Attribute,OBSERVED,Maintained from Baseline V1 mapping
Memory Pool Nonpaged Bytes,Processed_Windows_dataset,windows7_dataset.csv,int64,Graph Attribute,Graph Attribute,OBSERVED,Maintained from Baseline V1 mapping
Memory Page Faults sec,Processed_Windows_dataset,windows7_dataset.csv,float64,Metadata Attribute,Metadata Attribute,OBSERVED,Maintained from Baseline V1 mapping
Memory Transition Faults sec,Processed_Windows_dataset,windows7_dataset.csv,float64,Metadata Attribute,Metadata Attribute,OBSERVED,Maintained from Baseline V1 mapping
Memory System Cache Resident Bytes,Processed_Windows_dataset,windows7_dataset.csv,int64,Graph Attribute,Graph Attribute,OBSERVED,Maintained from Baseline V1 mapping
Memory Standby Cache Reserve Bytes,Processed_Windows_dataset,windows7_dataset.csv,int64,Graph Attribute,Graph Attribute,OBSERVED,Maintained from Baseline V1 mapping
Memory Page Writes sec,Processed_Windows_dataset,windows7_dataset.csv,float64,Graph Attribute,Graph Attribute,OBSERVED,Maintained from Baseline V1 mapping
Memory System Code Total Bytes,Processed_Windows_dataset,windows7_dataset.csv,int64,Graph Attribute,Graph Attribute,OBSERVED,Maintained from Baseline V1 mapping
Memory Standby Cache Core Bytes,Processed_Windows_dataset,windows7_dataset.csv,int64,Graph Attribute,Graph Attribute,OBSERVED,Maintained from Baseline V1 mapping
Memory System Driver Resident Bytes,Processed_Windows_dataset,windows7_dataset.csv,int64,Graph Attribute,Graph Attribute,OBSERVED,Maintained from Baseline V1 mapping
Memory Standby Cache Normal Priority Bytes,Processed_Windows_dataset,windows7_dataset.csv,int64,Graph Attribute,Graph Attribute,OBSERVED,Maintained from Baseline V1 mapping
Memory Pool Paged Allocs,Processed_Windows_dataset,windows7_dataset.csv,int64,Graph Attribute,Graph Attribute,OBSERVED,Maintained from Baseline V1 mapping
Memory Pool Nonpaged Allocs,Processed_Windows_dataset,windows7_dataset.csv,int64,Graph Attribute,Graph Attribute,OBSERVED,Maintained from Baseline V1 mapping
Memory pct_ Committed Bytes In Use,Processed_Windows_dataset,windows7_dataset.csv,float64,Graph Attribute,Graph Attribute,OBSERVED,Maintained from Baseline V1 mapping
Memory Free System Page Table Entries,Processed_Windows_dataset,windows7_dataset.csv,int64,Graph Entity,Graph Entity,OBSERVED,Maintained from Baseline V1 mapping
Memory Available MBytes,Processed_Windows_dataset,windows7_dataset.csv,int64,Graph Attribute,Graph Attribute,OBSERVED,Maintained from Baseline V1 mapping
Memory Modified Page List Bytes,Processed_Windows_dataset,windows7_dataset.csv,int64,Graph Attribute,Graph Attribute,OBSERVED,Maintained from Baseline V1 mapping
Memory Cache Faults sec,Processed_Windows_dataset,windows7_dataset.csv,float64,Metadata Attribute,Metadata Attribute,OBSERVED,Maintained from Baseline V1 mapping
Memory Committed Bytes,Processed_Windows_dataset,windows7_dataset.csv,int64,Graph Attribute,Graph Attribute,OBSERVED,Maintained from Baseline V1 mapping
Memory System Driver Total Bytes,Processed_Windows_dataset,windows7_dataset.csv,int64,Graph Attribute,Graph Attribute,OBSERVED,Maintained from Baseline V1 mapping
Memory Pages Input sec,Processed_Windows_dataset,windows7_dataset.csv,float64,Graph Attribute,Graph Attribute,OBSERVED,Maintained from Baseline V1 mapping
Memory Pool Paged Resident Bytes,Processed_Windows_dataset,windows7_dataset.csv,int64,Graph Attribute,Graph Attribute,OBSERVED,Maintained from Baseline V1 mapping
Memory Write Copies sec,Processed_Windows_dataset,windows7_dataset.csv,float64,Graph Attribute,Graph Attribute,OBSERVED,Maintained from Baseline V1 mapping
label,Processed_Windows_dataset,windows7_dataset.csv,int64,Graph Entity,Graph Entity,OBSERVED,Maintained from Baseline V1 mapping
type,Processed_Windows_dataset,windows7_dataset.csv,str,Graph Entity,Graph Entity,OBSERVED,Maintained from Baseline V1 mapping
