Original Column,Source Dataset,Source File,Data Type,Mapped Classification,Mapped Entity / Relationship,Description
date,Processed_IoT_dataset,IoT_Fridge.csv,str,Metadata Attribute,Temporal / Ground Truth Label,Provides temporal context or security ground-truth label
time,Processed_IoT_dataset,IoT_Fridge.csv,str,Metadata Attribute,Temporal / Ground Truth Label,Provides temporal context or security ground-truth label
fridge_temperature,Processed_IoT_dataset,IoT_Fridge.csv,float64,Graph Attribute,Node Feature Vector,Numerical telemetry or performance metric for entity
temp_condition,Processed_IoT_dataset,IoT_Fridge.csv,str,Ignored Attribute,Unmapped,"Constant, redundant or uninformative telemetry attribute"
label,Processed_IoT_dataset,IoT_Fridge.csv,int64,Graph Entity,Event,Serves as primary node representation for Event
type,Processed_IoT_dataset,IoT_Fridge.csv,str,Graph Entity,Event,Serves as primary node representation for Event
date,Processed_IoT_dataset,IoT_Garage_Door.csv,str,Metadata Attribute,Temporal / Ground Truth Label,Provides temporal context or security ground-truth label
time,Processed_IoT_dataset,IoT_Garage_Door.csv,str,Metadata Attribute,Temporal / Ground Truth Label,Provides temporal context or security ground-truth label
door_state,Processed_IoT_dataset,IoT_Garage_Door.csv,str,Graph Entity,Device,Serves as primary node representation for Device
sphone_signal,Processed_IoT_dataset,IoT_Garage_Door.csv,str,Ignored Attribute,Unmapped,"Constant, redundant or uninformative telemetry attribute"
label,Processed_IoT_dataset,IoT_Garage_Door.csv,int64,Graph Entity,Event,Serves as primary node representation for Event
type,Processed_IoT_dataset,IoT_Garage_Door.csv,str,Graph Entity,Event,Serves as primary node representation for Event
date,Processed_IoT_dataset,IoT_GPS_Tracker.csv,str,Metadata Attribute,Temporal / Ground Truth Label,Provides temporal context or security ground-truth label
time,Processed_IoT_dataset,IoT_GPS_Tracker.csv,str,Metadata Attribute,Temporal / Ground Truth Label,Provides temporal context or security ground-truth label
latitude,Processed_IoT_dataset,IoT_GPS_Tracker.csv,float64,Ignored Attribute,Unmapped,"Constant, redundant or uninformative telemetry attribute"
longitude,Processed_IoT_dataset,IoT_GPS_Tracker.csv,float64,Ignored Attribute,Unmapped,"Constant, redundant or uninformative telemetry attribute"
label,Processed_IoT_dataset,IoT_GPS_Tracker.csv,int64,Graph Entity,Event,Serves as primary node representation for Event
type,Processed_IoT_dataset,IoT_GPS_Tracker.csv,str,Graph Entity,Event,Serves as primary node representation for Event
date,Processed_IoT_dataset,IoT_Modbus.csv,str,Metadata Attribute,Temporal / Ground Truth Label,Provides temporal context or security ground-truth label
time,Processed_IoT_dataset,IoT_Modbus.csv,str,Metadata Attribute,Temporal / Ground Truth Label,Provides temporal context or security ground-truth label
FC1_Read_Input_Register,Processed_IoT_dataset,IoT_Modbus.csv,int64,Graph Attribute,Node Feature Vector,Numerical telemetry or performance metric for entity
FC2_Read_Discrete_Value,Processed_IoT_dataset,IoT_Modbus.csv,int64,Graph Attribute,Node Feature Vector,Numerical telemetry or performance metric for entity
FC3_Read_Holding_Register,Processed_IoT_dataset,IoT_Modbus.csv,int64,Graph Attribute,Node Feature Vector,Numerical telemetry or performance metric for entity
FC4_Read_Coil,Processed_IoT_dataset,IoT_Modbus.csv,int64,Graph Attribute,Node Feature Vector,Numerical telemetry or performance metric for entity
label,Processed_IoT_dataset,IoT_Modbus.csv,int64,Graph Entity,Event,Serves as primary node representation for Event
type,Processed_IoT_dataset,IoT_Modbus.csv,str,Graph Entity,Event,Serves as primary node representation for Event
date,Processed_IoT_dataset,IoT_Motion_Light.csv,str,Metadata Attribute,Temporal / Ground Truth Label,Provides temporal context or security ground-truth label
time,Processed_IoT_dataset,IoT_Motion_Light.csv,str,Metadata Attribute,Temporal / Ground Truth Label,Provides temporal context or security ground-truth label
motion_status,Processed_IoT_dataset,IoT_Motion_Light.csv,int64,Relationship Attribute,Edge Property / Relationship,Defines dynamic interaction or connection property
light_status,Processed_IoT_dataset,IoT_Motion_Light.csv,str,Graph Entity,Device,Serves as primary node representation for Device
label,Processed_IoT_dataset,IoT_Motion_Light.csv,int64,Graph Entity,Event,Serves as primary node representation for Event
type,Processed_IoT_dataset,IoT_Motion_Light.csv,str,Graph Entity,Event,Serves as primary node representation for Event
date,Processed_IoT_dataset,IoT_Thermostat.csv,str,Metadata Attribute,Temporal / Ground Truth Label,Provides temporal context or security ground-truth label
time,Processed_IoT_dataset,IoT_Thermostat.csv,str,Metadata Attribute,Temporal / Ground Truth Label,Provides temporal context or security ground-truth label
current_temperature,Processed_IoT_dataset,IoT_Thermostat.csv,float64,Graph Attribute,Node Feature Vector,Numerical telemetry or performance metric for entity
thermostat_status,Processed_IoT_dataset,IoT_Thermostat.csv,int64,Graph Entity,Device,Serves as primary node representation for Device
label,Processed_IoT_dataset,IoT_Thermostat.csv,int64,Graph Entity,Event,Serves as primary node representation for Event
type,Processed_IoT_dataset,IoT_Thermostat.csv,str,Graph Entity,Event,Serves as primary node representation for Event
date,Processed_IoT_dataset,IoT_Weather.csv,str,Metadata Attribute,Temporal / Ground Truth Label,Provides temporal context or security ground-truth label
time,Processed_IoT_dataset,IoT_Weather.csv,str,Metadata Attribute,Temporal / Ground Truth Label,Provides temporal context or security ground-truth label
temperature,Processed_IoT_dataset,IoT_Weather.csv,float64,Graph Attribute,Node Feature Vector,Numerical telemetry or performance metric for entity
pressure,Processed_IoT_dataset,IoT_Weather.csv,float64,Graph Attribute,Node Feature Vector,Numerical telemetry or performance metric for entity
humidity,Processed_IoT_dataset,IoT_Weather.csv,float64,Graph Attribute,Node Feature Vector,Numerical telemetry or performance metric for entity
label,Processed_IoT_dataset,IoT_Weather.csv,int64,Graph Entity,Event,Serves as primary node representation for Event
type,Processed_IoT_dataset,IoT_Weather.csv,str,Graph Entity,Event,Serves as primary node representation for Event
ts,Processed_Linux_dataset,linux_disk_1.csv,int64,Metadata Attribute,Temporal / Ground Truth Label,Provides temporal context or security ground-truth label
PID,Processed_Linux_dataset,linux_disk_1.csv,int64,Graph Entity,Process,Serves as primary node representation for Process
RDDSK,Processed_Linux_dataset,linux_disk_1.csv,float64,Ignored Attribute,Unmapped,"Constant, redundant or uninformative telemetry attribute"
WRDSK,Processed_Linux_dataset,linux_disk_1.csv,int64,Ignored Attribute,Unmapped,"Constant, redundant or uninformative telemetry attribute"
WCANCL,Processed_Linux_dataset,linux_disk_1.csv,int64,Ignored Attribute,Unmapped,"Constant, redundant or uninformative telemetry attribute"
DSK,Processed_Linux_dataset,linux_disk_1.csv,float64,Ignored Attribute,Unmapped,"Constant, redundant or uninformative telemetry attribute"
CMD,Processed_Linux_dataset,linux_disk_1.csv,str,Graph Entity,Process,Serves as primary node representation for Process
label,Processed_Linux_dataset,linux_disk_1.csv,int64,Graph Entity,Event,Serves as primary node representation for Event
type,Processed_Linux_dataset,linux_disk_1.csv,str,Graph Entity,Event,Serves as primary node representation for Event
ts,Processed_Linux_dataset,linux_disk_2.csv,int64,Metadata Attribute,Temporal / Ground Truth Label,Provides temporal context or security ground-truth label
PID,Processed_Linux_dataset,linux_disk_2.csv,int64,Graph Entity,Process,Serves as primary node representation for Process
RDDSK,Processed_Linux_dataset,linux_disk_2.csv,int64,Ignored Attribute,Unmapped,"Constant, redundant or uninformative telemetry attribute"
WRDSK,Processed_Linux_dataset,linux_disk_2.csv,int64,Ignored Attribute,Unmapped,"Constant, redundant or uninformative telemetry attribute"
WCANCL,Processed_Linux_dataset,linux_disk_2.csv,int64,Ignored Attribute,Unmapped,"Constant, redundant or uninformative telemetry attribute"
DSK,Processed_Linux_dataset,linux_disk_2.csv,float64,Ignored Attribute,Unmapped,"Constant, redundant or uninformative telemetry attribute"
CMD,Processed_Linux_dataset,linux_disk_2.csv,str,Graph Entity,Process,Serves as primary node representation for Process
label,Processed_Linux_dataset,linux_disk_2.csv,int64,Graph Entity,Event,Serves as primary node representation for Event
type,Processed_Linux_dataset,linux_disk_2.csv,str,Graph Entity,Event,Serves as primary node representation for Event
ts,Processed_Linux_dataset,linux_memory1.csv,int64,Metadata Attribute,Temporal / Ground Truth Label,Provides temporal context or security ground-truth label
PID,Processed_Linux_dataset,linux_memory1.csv,int64,Graph Entity,Process,Serves as primary node representation for Process
MINFLT,Processed_Linux_dataset,linux_memory1.csv,int64,Ignored Attribute,Unmapped,"Constant, redundant or uninformative telemetry attribute"
MAJFLT,Processed_Linux_dataset,linux_memory1.csv,int64,Ignored Attribute,Unmapped,"Constant, redundant or uninformative telemetry attribute"
VSTEXT,Processed_Linux_dataset,linux_memory1.csv,int64,Ignored Attribute,Unmapped,"Constant, redundant or uninformative telemetry attribute"
VSIZE,Processed_Linux_dataset,linux_memory1.csv,float64,Ignored Attribute,Unmapped,"Constant, redundant or uninformative telemetry attribute"
RSIZE,Processed_Linux_dataset,linux_memory1.csv,float64,Ignored Attribute,Unmapped,"Constant, redundant or uninformative telemetry attribute"
VGROW,Processed_Linux_dataset,linux_memory1.csv,float64,Ignored Attribute,Unmapped,"Constant, redundant or uninformative telemetry attribute"
RGROW,Processed_Linux_dataset,linux_memory1.csv,float64,Ignored Attribute,Unmapped,"Constant, redundant or uninformative telemetry attribute"
MEM,Processed_Linux_dataset,linux_memory1.csv,float64,Ignored Attribute,Unmapped,"Constant, redundant or uninformative telemetry attribute"
CMD,Processed_Linux_dataset,linux_memory1.csv,str,Graph Entity,Process,Serves as primary node representation for Process
label,Processed_Linux_dataset,linux_memory1.csv,int64,Graph Entity,Event,Serves as primary node representation for Event
type,Processed_Linux_dataset,linux_memory1.csv,str,Graph Entity,Event,Serves as primary node representation for Event
ts,Processed_Linux_dataset,linux_memory2.csv,int64,Metadata Attribute,Temporal / Ground Truth Label,Provides temporal context or security ground-truth label
PID,Processed_Linux_dataset,linux_memory2.csv,int64,Graph Entity,Process,Serves as primary node representation for Process
MINFLT,Processed_Linux_dataset,linux_memory2.csv,int64,Ignored Attribute,Unmapped,"Constant, redundant or uninformative telemetry attribute"
MAJFLT,Processed_Linux_dataset,linux_memory2.csv,int64,Ignored Attribute,Unmapped,"Constant, redundant or uninformative telemetry attribute"
VSTEXT,Processed_Linux_dataset,linux_memory2.csv,int64,Ignored Attribute,Unmapped,"Constant, redundant or uninformative telemetry attribute"
VSIZE,Processed_Linux_dataset,linux_memory2.csv,float64,Ignored Attribute,Unmapped,"Constant, redundant or uninformative telemetry attribute"
RSIZE,Processed_Linux_dataset,linux_memory2.csv,int64,Ignored Attribute,Unmapped,"Constant, redundant or uninformative telemetry attribute"
VGROW,Processed_Linux_dataset,linux_memory2.csv,int64,Ignored Attribute,Unmapped,"Constant, redundant or uninformative telemetry attribute"
RGROW,Processed_Linux_dataset,linux_memory2.csv,int64,Ignored Attribute,Unmapped,"Constant, redundant or uninformative telemetry attribute"
MEM,Processed_Linux_dataset,linux_memory2.csv,int64,Ignored Attribute,Unmapped,"Constant, redundant or uninformative telemetry attribute"
CMD,Processed_Linux_dataset,linux_memory2.csv,str,Graph Entity,Process,Serves as primary node representation for Process
label,Processed_Linux_dataset,linux_memory2.csv,int64,Graph Entity,Event,Serves as primary node representation for Event
type,Processed_Linux_dataset,linux_memory2.csv,str,Graph Entity,Event,Serves as primary node representation for Event
ts,Processed_Linux_dataset,Linux_process_1.csv,int64,Metadata Attribute,Temporal / Ground Truth Label,Provides temporal context or security ground-truth label
PID,Processed_Linux_dataset,Linux_process_1.csv,int64,Graph Entity,Process,Serves as primary node representation for Process
TRUN,Processed_Linux_dataset,Linux_process_1.csv,int64,Ignored Attribute,Unmapped,"Constant, redundant or uninformative telemetry attribute"
TSLPI,Processed_Linux_dataset,Linux_process_1.csv,int64,Metadata Attribute,Temporal / Ground Truth Label,Provides temporal context or security ground-truth label
TSLPU,Processed_Linux_dataset,Linux_process_1.csv,int64,Metadata Attribute,Temporal / Ground Truth Label,Provides temporal context or security ground-truth label
POLI,Processed_Linux_dataset,Linux_process_1.csv,str,Ignored Attribute,Unmapped,"Constant, redundant or uninformative telemetry attribute"
NICE,Processed_Linux_dataset,Linux_process_1.csv,int64,Ignored Attribute,Unmapped,"Constant, redundant or uninformative telemetry attribute"
PRI,Processed_Linux_dataset,Linux_process_1.csv,int64,Ignored Attribute,Unmapped,"Constant, redundant or uninformative telemetry attribute"
RTPR,Processed_Linux_dataset,Linux_process_1.csv,int64,Ignored Attribute,Unmapped,"Constant, redundant or uninformative telemetry attribute"
CPUNR,Processed_Linux_dataset,Linux_process_1.csv,int64,Graph Attribute,Node Feature Vector,Numerical telemetry or performance metric for entity
Status,Processed_Linux_dataset,Linux_process_1.csv,str,Relationship Attribute,Edge Property / Relationship,Defines dynamic interaction or connection property
EXC,Processed_Linux_dataset,Linux_process_1.csv,int64,Ignored Attribute,Unmapped,"Constant, redundant or uninformative telemetry attribute"
State,Processed_Linux_dataset,Linux_process_1.csv,str,Relationship Attribute,Edge Property / Relationship,Defines dynamic interaction or connection property
CPU,Processed_Linux_dataset,Linux_process_1.csv,float64,Graph Attribute,Node Feature Vector,Numerical telemetry or performance metric for entity
CMD,Processed_Linux_dataset,Linux_process_1.csv,str,Graph Entity,Process,Serves as primary node representation for Process
label,Processed_Linux_dataset,Linux_process_1.csv,int64,Graph Entity,Event,Serves as primary node representation for Event
type,Processed_Linux_dataset,Linux_process_1.csv,str,Graph Entity,Event,Serves as primary node representation for Event
ts,Processed_Linux_dataset,Linux_process_2.csv,int64,Metadata Attribute,Temporal / Ground Truth Label,Provides temporal context or security ground-truth label
PID,Processed_Linux_dataset,Linux_process_2.csv,int64,Graph Entity,Process,Serves as primary node representation for Process
TRUN,Processed_Linux_dataset,Linux_process_2.csv,int64,Ignored Attribute,Unmapped,"Constant, redundant or uninformative telemetry attribute"
TSLPI,Processed_Linux_dataset,Linux_process_2.csv,int64,Metadata Attribute,Temporal / Ground Truth Label,Provides temporal context or security ground-truth label
TSLPU,Processed_Linux_dataset,Linux_process_2.csv,int64,Metadata Attribute,Temporal / Ground Truth Label,Provides temporal context or security ground-truth label
POLI,Processed_Linux_dataset,Linux_process_2.csv,str,Ignored Attribute,Unmapped,"Constant, redundant or uninformative telemetry attribute"
NICE,Processed_Linux_dataset,Linux_process_2.csv,int64,Ignored Attribute,Unmapped,"Constant, redundant or uninformative telemetry attribute"
PRI,Processed_Linux_dataset,Linux_process_2.csv,int64,Ignored Attribute,Unmapped,"Constant, redundant or uninformative telemetry attribute"
RTPR,Processed_Linux_dataset,Linux_process_2.csv,int64,Ignored Attribute,Unmapped,"Constant, redundant or uninformative telemetry attribute"
CPUNR,Processed_Linux_dataset,Linux_process_2.csv,int64,Graph Attribute,Node Feature Vector,Numerical telemetry or performance metric for entity
Status,Processed_Linux_dataset,Linux_process_2.csv,str,Relationship Attribute,Edge Property / Relationship,Defines dynamic interaction or connection property
EXC,Processed_Linux_dataset,Linux_process_2.csv,int64,Ignored Attribute,Unmapped,"Constant, redundant or uninformative telemetry attribute"
State,Processed_Linux_dataset,Linux_process_2.csv,str,Relationship Attribute,Edge Property / Relationship,Defines dynamic interaction or connection property
CPU,Processed_Linux_dataset,Linux_process_2.csv,float64,Graph Attribute,Node Feature Vector,Numerical telemetry or performance metric for entity
CMD,Processed_Linux_dataset,Linux_process_2.csv,str,Graph Entity,Process,Serves as primary node representation for Process
label,Processed_Linux_dataset,Linux_process_2.csv,int64,Graph Entity,Event,Serves as primary node representation for Event
type,Processed_Linux_dataset,Linux_process_2.csv,str,Graph Entity,Event,Serves as primary node representation for Event
ts,Processed_Network_dataset,Network_dataset_1.csv,int64,Metadata Attribute,Temporal / Ground Truth Label,Provides temporal context or security ground-truth label
src_ip,Processed_Network_dataset,Network_dataset_1.csv,str,Graph Entity,Source IP,Serves as primary node representation for Source IP
src_port,Processed_Network_dataset,Network_dataset_1.csv,int64,Relationship Attribute,Edge Property / Relationship,Defines dynamic interaction or connection property
dst_ip,Processed_Network_dataset,Network_dataset_1.csv,str,Graph Entity,Destination IP,Serves as primary node representation for Destination IP
dst_port,Processed_Network_dataset,Network_dataset_1.csv,int64,Relationship Attribute,Edge Property / Relationship,Defines dynamic interaction or connection property
proto,Processed_Network_dataset,Network_dataset_1.csv,str,Graph Entity,Protocol,Serves as primary node representation for Protocol
service,Processed_Network_dataset,Network_dataset_1.csv,str,Graph Entity,Service,Serves as primary node representation for Service
duration,Processed_Network_dataset,Network_dataset_1.csv,float64,Graph Attribute,Node Feature Vector,Numerical telemetry or performance metric for entity
src_bytes,Processed_Network_dataset,Network_dataset_1.csv,int64,Graph Attribute,Node Feature Vector,Numerical telemetry or performance metric for entity
dst_bytes,Processed_Network_dataset,Network_dataset_1.csv,int64,Graph Attribute,Node Feature Vector,Numerical telemetry or performance metric for entity
conn_state,Processed_Network_dataset,Network_dataset_1.csv,str,Graph Entity,Event,Serves as primary node representation for Event
missed_bytes,Processed_Network_dataset,Network_dataset_1.csv,int64,Graph Attribute,Node Feature Vector,Numerical telemetry or performance metric for entity
src_pkts,Processed_Network_dataset,Network_dataset_1.csv,int64,Metadata Attribute,Temporal / Ground Truth Label,Provides temporal context or security ground-truth label
src_ip_bytes,Processed_Network_dataset,Network_dataset_1.csv,int64,Graph Entity,Source IP,Serves as primary node representation for Source IP
dst_pkts,Processed_Network_dataset,Network_dataset_1.csv,int64,Metadata Attribute,Temporal / Ground Truth Label,Provides temporal context or security ground-truth label
dst_ip_bytes,Processed_Network_dataset,Network_dataset_1.csv,int64,Graph Entity,Destination IP,Serves as primary node representation for Destination IP
dns_query,Processed_Network_dataset,Network_dataset_1.csv,str,Ignored Attribute,Unmapped,"Constant, redundant or uninformative telemetry attribute"
dns_qclass,Processed_Network_dataset,Network_dataset_1.csv,int64,Metadata Attribute,Temporal / Ground Truth Label,Provides temporal context or security ground-truth label
dns_qtype,Processed_Network_dataset,Network_dataset_1.csv,int64,Metadata Attribute,Temporal / Ground Truth Label,Provides temporal context or security ground-truth label
dns_rcode,Processed_Network_dataset,Network_dataset_1.csv,int64,Ignored Attribute,Unmapped,"Constant, redundant or uninformative telemetry attribute"
dns_AA,Processed_Network_dataset,Network_dataset_1.csv,str,Ignored Attribute,Unmapped,"Constant, redundant or uninformative telemetry attribute"
dns_RD,Processed_Network_dataset,Network_dataset_1.csv,str,Ignored Attribute,Unmapped,"Constant, redundant or uninformative telemetry attribute"
dns_RA,Processed_Network_dataset,Network_dataset_1.csv,str,Ignored Attribute,Unmapped,"Constant, redundant or uninformative telemetry attribute"
dns_rejected,Processed_Network_dataset,Network_dataset_1.csv,str,Ignored Attribute,Unmapped,"Constant, redundant or uninformative telemetry attribute"
ssl_version,Processed_Network_dataset,Network_dataset_1.csv,str,Ignored Attribute,Unmapped,"Constant, redundant or uninformative telemetry attribute"
ssl_cipher,Processed_Network_dataset,Network_dataset_1.csv,str,Ignored Attribute,Unmapped,"Constant, redundant or uninformative telemetry attribute"
ssl_resumed,Processed_Network_dataset,Network_dataset_1.csv,str,Ignored Attribute,Unmapped,"Constant, redundant or uninformative telemetry attribute"
ssl_established,Processed_Network_dataset,Network_dataset_1.csv,str,Ignored Attribute,Unmapped,"Constant, redundant or uninformative telemetry attribute"
ssl_subject,Processed_Network_dataset,Network_dataset_1.csv,str,Ignored Attribute,Unmapped,"Constant, redundant or uninformative telemetry attribute"
ssl_issuer,Processed_Network_dataset,Network_dataset_1.csv,str,Ignored Attribute,Unmapped,"Constant, redundant or uninformative telemetry attribute"
http_trans_depth,Processed_Network_dataset,Network_dataset_1.csv,str,Ignored Attribute,Unmapped,"Constant, redundant or uninformative telemetry attribute"
http_method,Processed_Network_dataset,Network_dataset_1.csv,str,Ignored Attribute,Unmapped,"Constant, redundant or uninformative telemetry attribute"
http_uri,Processed_Network_dataset,Network_dataset_1.csv,str,Ignored Attribute,Unmapped,"Constant, redundant or uninformative telemetry attribute"
http_referrer,Processed_Network_dataset,Network_dataset_1.csv,str,Ignored Attribute,Unmapped,"Constant, redundant or uninformative telemetry attribute"
http_version,Processed_Network_dataset,Network_dataset_1.csv,str,Ignored Attribute,Unmapped,"Constant, redundant or uninformative telemetry attribute"
http_request_body_len,Processed_Network_dataset,Network_dataset_1.csv,int64,Ignored Attribute,Unmapped,"Constant, redundant or uninformative telemetry attribute"
http_response_body_len,Processed_Network_dataset,Network_dataset_1.csv,int64,Ignored Attribute,Unmapped,"Constant, redundant or uninformative telemetry attribute"
http_status_code,Processed_Network_dataset,Network_dataset_1.csv,int64,Relationship Attribute,Edge Property / Relationship,Defines dynamic interaction or connection property
http_user_agent,Processed_Network_dataset,Network_dataset_1.csv,str,Graph Entity,User,Serves as primary node representation for User
http_orig_mime_types,Processed_Network_dataset,Network_dataset_1.csv,str,Metadata Attribute,Temporal / Ground Truth Label,Provides temporal context or security ground-truth label
http_resp_mime_types,Processed_Network_dataset,Network_dataset_1.csv,str,Metadata Attribute,Temporal / Ground Truth Label,Provides temporal context or security ground-truth label
weird_name,Processed_Network_dataset,Network_dataset_1.csv,str,Graph Entity,Event,Serves as primary node representation for Event
weird_addl,Processed_Network_dataset,Network_dataset_1.csv,str,Ignored Attribute,Unmapped,"Constant, redundant or uninformative telemetry attribute"
weird_notice,Processed_Network_dataset,Network_dataset_1.csv,str,Ignored Attribute,Unmapped,"Constant, redundant or uninformative telemetry attribute"
label,Processed_Network_dataset,Network_dataset_1.csv,int64,Graph Entity,Event,Serves as primary node representation for Event
type,Processed_Network_dataset,Network_dataset_1.csv,str,Graph Entity,Event,Serves as primary node representation for Event
ts,Processed_Network_dataset,Network_dataset_10.csv,int64,Metadata Attribute,Temporal / Ground Truth Label,Provides temporal context or security ground-truth label
src_ip,Processed_Network_dataset,Network_dataset_10.csv,str,Graph Entity,Source IP,Serves as primary node representation for Source IP
src_port,Processed_Network_dataset,Network_dataset_10.csv,int64,Relationship Attribute,Edge Property / Relationship,Defines dynamic interaction or connection property
dst_ip,Processed_Network_dataset,Network_dataset_10.csv,str,Graph Entity,Destination IP,Serves as primary node representation for Destination IP
dst_port,Processed_Network_dataset,Network_dataset_10.csv,int64,Relationship Attribute,Edge Property / Relationship,Defines dynamic interaction or connection property
proto,Processed_Network_dataset,Network_dataset_10.csv,str,Graph Entity,Protocol,Serves as primary node representation for Protocol
service,Processed_Network_dataset,Network_dataset_10.csv,str,Graph Entity,Service,Serves as primary node representation for Service
duration,Processed_Network_dataset,Network_dataset_10.csv,float64,Graph Attribute,Node Feature Vector,Numerical telemetry or performance metric for entity
src_bytes,Processed_Network_dataset,Network_dataset_10.csv,int64,Graph Attribute,Node Feature Vector,Numerical telemetry or performance metric for entity
dst_bytes,Processed_Network_dataset,Network_dataset_10.csv,int64,Graph Attribute,Node Feature Vector,Numerical telemetry or performance metric for entity
conn_state,Processed_Network_dataset,Network_dataset_10.csv,str,Graph Entity,Event,Serves as primary node representation for Event
missed_bytes,Processed_Network_dataset,Network_dataset_10.csv,int64,Graph Attribute,Node Feature Vector,Numerical telemetry or performance metric for entity
src_pkts,Processed_Network_dataset,Network_dataset_10.csv,int64,Metadata Attribute,Temporal / Ground Truth Label,Provides temporal context or security ground-truth label
src_ip_bytes,Processed_Network_dataset,Network_dataset_10.csv,int64,Graph Entity,Source IP,Serves as primary node representation for Source IP
dst_pkts,Processed_Network_dataset,Network_dataset_10.csv,int64,Metadata Attribute,Temporal / Ground Truth Label,Provides temporal context or security ground-truth label
dst_ip_bytes,Processed_Network_dataset,Network_dataset_10.csv,int64,Graph Entity,Destination IP,Serves as primary node representation for Destination IP
dns_query,Processed_Network_dataset,Network_dataset_10.csv,str,Ignored Attribute,Unmapped,"Constant, redundant or uninformative telemetry attribute"
dns_qclass,Processed_Network_dataset,Network_dataset_10.csv,int64,Metadata Attribute,Temporal / Ground Truth Label,Provides temporal context or security ground-truth label
dns_qtype,Processed_Network_dataset,Network_dataset_10.csv,int64,Metadata Attribute,Temporal / Ground Truth Label,Provides temporal context or security ground-truth label
dns_rcode,Processed_Network_dataset,Network_dataset_10.csv,int64,Ignored Attribute,Unmapped,"Constant, redundant or uninformative telemetry attribute"
dns_AA,Processed_Network_dataset,Network_dataset_10.csv,str,Ignored Attribute,Unmapped,"Constant, redundant or uninformative telemetry attribute"
dns_RD,Processed_Network_dataset,Network_dataset_10.csv,str,Ignored Attribute,Unmapped,"Constant, redundant or uninformative telemetry attribute"
dns_RA,Processed_Network_dataset,Network_dataset_10.csv,str,Ignored Attribute,Unmapped,"Constant, redundant or uninformative telemetry attribute"
dns_rejected,Processed_Network_dataset,Network_dataset_10.csv,str,Ignored Attribute,Unmapped,"Constant, redundant or uninformative telemetry attribute"
ssl_version,Processed_Network_dataset,Network_dataset_10.csv,str,Ignored Attribute,Unmapped,"Constant, redundant or uninformative telemetry attribute"
ssl_cipher,Processed_Network_dataset,Network_dataset_10.csv,str,Ignored Attribute,Unmapped,"Constant, redundant or uninformative telemetry attribute"
ssl_resumed,Processed_Network_dataset,Network_dataset_10.csv,str,Ignored Attribute,Unmapped,"Constant, redundant or uninformative telemetry attribute"
ssl_established,Processed_Network_dataset,Network_dataset_10.csv,str,Ignored Attribute,Unmapped,"Constant, redundant or uninformative telemetry attribute"
ssl_subject,Processed_Network_dataset,Network_dataset_10.csv,str,Ignored Attribute,Unmapped,"Constant, redundant or uninformative telemetry attribute"
ssl_issuer,Processed_Network_dataset,Network_dataset_10.csv,str,Ignored Attribute,Unmapped,"Constant, redundant or uninformative telemetry attribute"
http_trans_depth,Processed_Network_dataset,Network_dataset_10.csv,str,Ignored Attribute,Unmapped,"Constant, redundant or uninformative telemetry attribute"
http_method,Processed_Network_dataset,Network_dataset_10.csv,str,Ignored Attribute,Unmapped,"Constant, redundant or uninformative telemetry attribute"
http_uri,Processed_Network_dataset,Network_dataset_10.csv,str,Ignored Attribute,Unmapped,"Constant, redundant or uninformative telemetry attribute"
http_referrer,Processed_Network_dataset,Network_dataset_10.csv,str,Ignored Attribute,Unmapped,"Constant, redundant or uninformative telemetry attribute"
http_version,Processed_Network_dataset,Network_dataset_10.csv,str,Ignored Attribute,Unmapped,"Constant, redundant or uninformative telemetry attribute"
http_request_body_len,Processed_Network_dataset,Network_dataset_10.csv,int64,Ignored Attribute,Unmapped,"Constant, redundant or uninformative telemetry attribute"
http_response_body_len,Processed_Network_dataset,Network_dataset_10.csv,int64,Ignored Attribute,Unmapped,"Constant, redundant or uninformative telemetry attribute"
http_status_code,Processed_Network_dataset,Network_dataset_10.csv,int64,Relationship Attribute,Edge Property / Relationship,Defines dynamic interaction or connection property
http_user_agent,Processed_Network_dataset,Network_dataset_10.csv,str,Graph Entity,User,Serves as primary node representation for User
http_orig_mime_types,Processed_Network_dataset,Network_dataset_10.csv,str,Metadata Attribute,Temporal / Ground Truth Label,Provides temporal context or security ground-truth label
http_resp_mime_types,Processed_Network_dataset,Network_dataset_10.csv,str,Metadata Attribute,Temporal / Ground Truth Label,Provides temporal context or security ground-truth label
weird_name,Processed_Network_dataset,Network_dataset_10.csv,str,Graph Entity,Event,Serves as primary node representation for Event
weird_addl,Processed_Network_dataset,Network_dataset_10.csv,str,Ignored Attribute,Unmapped,"Constant, redundant or uninformative telemetry attribute"
weird_notice,Processed_Network_dataset,Network_dataset_10.csv,str,Ignored Attribute,Unmapped,"Constant, redundant or uninformative telemetry attribute"
label,Processed_Network_dataset,Network_dataset_10.csv,int64,Graph Entity,Event,Serves as primary node representation for Event
type,Processed_Network_dataset,Network_dataset_10.csv,str,Graph Entity,Event,Serves as primary node representation for Event
ts,Processed_Network_dataset,Network_dataset_11.csv,int64,Metadata Attribute,Temporal / Ground Truth Label,Provides temporal context or security ground-truth label
src_ip,Processed_Network_dataset,Network_dataset_11.csv,str,Graph Entity,Source IP,Serves as primary node representation for Source IP
src_port,Processed_Network_dataset,Network_dataset_11.csv,int64,Relationship Attribute,Edge Property / Relationship,Defines dynamic interaction or connection property
dst_ip,Processed_Network_dataset,Network_dataset_11.csv,str,Graph Entity,Destination IP,Serves as primary node representation for Destination IP
dst_port,Processed_Network_dataset,Network_dataset_11.csv,int64,Relationship Attribute,Edge Property / Relationship,Defines dynamic interaction or connection property
proto,Processed_Network_dataset,Network_dataset_11.csv,str,Graph Entity,Protocol,Serves as primary node representation for Protocol
service,Processed_Network_dataset,Network_dataset_11.csv,str,Graph Entity,Service,Serves as primary node representation for Service
duration,Processed_Network_dataset,Network_dataset_11.csv,float64,Graph Attribute,Node Feature Vector,Numerical telemetry or performance metric for entity
src_bytes,Processed_Network_dataset,Network_dataset_11.csv,int64,Graph Attribute,Node Feature Vector,Numerical telemetry or performance metric for entity
dst_bytes,Processed_Network_dataset,Network_dataset_11.csv,int64,Graph Attribute,Node Feature Vector,Numerical telemetry or performance metric for entity
conn_state,Processed_Network_dataset,Network_dataset_11.csv,str,Graph Entity,Event,Serves as primary node representation for Event
missed_bytes,Processed_Network_dataset,Network_dataset_11.csv,int64,Graph Attribute,Node Feature Vector,Numerical telemetry or performance metric for entity
src_pkts,Processed_Network_dataset,Network_dataset_11.csv,int64,Metadata Attribute,Temporal / Ground Truth Label,Provides temporal context or security ground-truth label
src_ip_bytes,Processed_Network_dataset,Network_dataset_11.csv,int64,Graph Entity,Source IP,Serves as primary node representation for Source IP
dst_pkts,Processed_Network_dataset,Network_dataset_11.csv,int64,Metadata Attribute,Temporal / Ground Truth Label,Provides temporal context or security ground-truth label
dst_ip_bytes,Processed_Network_dataset,Network_dataset_11.csv,int64,Graph Entity,Destination IP,Serves as primary node representation for Destination IP
dns_query,Processed_Network_dataset,Network_dataset_11.csv,str,Ignored Attribute,Unmapped,"Constant, redundant or uninformative telemetry attribute"
dns_qclass,Processed_Network_dataset,Network_dataset_11.csv,int64,Metadata Attribute,Temporal / Ground Truth Label,Provides temporal context or security ground-truth label
dns_qtype,Processed_Network_dataset,Network_dataset_11.csv,int64,Metadata Attribute,Temporal / Ground Truth Label,Provides temporal context or security ground-truth label
dns_rcode,Processed_Network_dataset,Network_dataset_11.csv,int64,Ignored Attribute,Unmapped,"Constant, redundant or uninformative telemetry attribute"
dns_AA,Processed_Network_dataset,Network_dataset_11.csv,str,Ignored Attribute,Unmapped,"Constant, redundant or uninformative telemetry attribute"
dns_RD,Processed_Network_dataset,Network_dataset_11.csv,str,Ignored Attribute,Unmapped,"Constant, redundant or uninformative telemetry attribute"
dns_RA,Processed_Network_dataset,Network_dataset_11.csv,str,Ignored Attribute,Unmapped,"Constant, redundant or uninformative telemetry attribute"
dns_rejected,Processed_Network_dataset,Network_dataset_11.csv,str,Ignored Attribute,Unmapped,"Constant, redundant or uninformative telemetry attribute"
ssl_version,Processed_Network_dataset,Network_dataset_11.csv,str,Ignored Attribute,Unmapped,"Constant, redundant or uninformative telemetry attribute"
ssl_cipher,Processed_Network_dataset,Network_dataset_11.csv,str,Ignored Attribute,Unmapped,"Constant, redundant or uninformative telemetry attribute"
ssl_resumed,Processed_Network_dataset,Network_dataset_11.csv,str,Ignored Attribute,Unmapped,"Constant, redundant or uninformative telemetry attribute"
ssl_established,Processed_Network_dataset,Network_dataset_11.csv,str,Ignored Attribute,Unmapped,"Constant, redundant or uninformative telemetry attribute"
ssl_subject,Processed_Network_dataset,Network_dataset_11.csv,str,Ignored Attribute,Unmapped,"Constant, redundant or uninformative telemetry attribute"
ssl_issuer,Processed_Network_dataset,Network_dataset_11.csv,str,Ignored Attribute,Unmapped,"Constant, redundant or uninformative telemetry attribute"
http_trans_depth,Processed_Network_dataset,Network_dataset_11.csv,str,Ignored Attribute,Unmapped,"Constant, redundant or uninformative telemetry attribute"
http_method,Processed_Network_dataset,Network_dataset_11.csv,str,Ignored Attribute,Unmapped,"Constant, redundant or uninformative telemetry attribute"
http_uri,Processed_Network_dataset,Network_dataset_11.csv,str,Ignored Attribute,Unmapped,"Constant, redundant or uninformative telemetry attribute"
http_referrer,Processed_Network_dataset,Network_dataset_11.csv,str,Ignored Attribute,Unmapped,"Constant, redundant or uninformative telemetry attribute"
http_version,Processed_Network_dataset,Network_dataset_11.csv,str,Ignored Attribute,Unmapped,"Constant, redundant or uninformative telemetry attribute"
http_request_body_len,Processed_Network_dataset,Network_dataset_11.csv,int64,Ignored Attribute,Unmapped,"Constant, redundant or uninformative telemetry attribute"
http_response_body_len,Processed_Network_dataset,Network_dataset_11.csv,int64,Ignored Attribute,Unmapped,"Constant, redundant or uninformative telemetry attribute"
http_status_code,Processed_Network_dataset,Network_dataset_11.csv,int64,Relationship Attribute,Edge Property / Relationship,Defines dynamic interaction or connection property
http_user_agent,Processed_Network_dataset,Network_dataset_11.csv,str,Graph Entity,User,Serves as primary node representation for User
http_orig_mime_types,Processed_Network_dataset,Network_dataset_11.csv,str,Metadata Attribute,Temporal / Ground Truth Label,Provides temporal context or security ground-truth label
http_resp_mime_types,Processed_Network_dataset,Network_dataset_11.csv,str,Metadata Attribute,Temporal / Ground Truth Label,Provides temporal context or security ground-truth label
weird_name,Processed_Network_dataset,Network_dataset_11.csv,str,Graph Entity,Event,Serves as primary node representation for Event
weird_addl,Processed_Network_dataset,Network_dataset_11.csv,str,Ignored Attribute,Unmapped,"Constant, redundant or uninformative telemetry attribute"
weird_notice,Processed_Network_dataset,Network_dataset_11.csv,str,Ignored Attribute,Unmapped,"Constant, redundant or uninformative telemetry attribute"
label,Processed_Network_dataset,Network_dataset_11.csv,int64,Graph Entity,Event,Serves as primary node representation for Event
type,Processed_Network_dataset,Network_dataset_11.csv,str,Graph Entity,Event,Serves as primary node representation for Event
ts,Processed_Network_dataset,Network_dataset_12.csv,int64,Metadata Attribute,Temporal / Ground Truth Label,Provides temporal context or security ground-truth label
src_ip,Processed_Network_dataset,Network_dataset_12.csv,str,Graph Entity,Source IP,Serves as primary node representation for Source IP
src_port,Processed_Network_dataset,Network_dataset_12.csv,int64,Relationship Attribute,Edge Property / Relationship,Defines dynamic interaction or connection property
dst_ip,Processed_Network_dataset,Network_dataset_12.csv,str,Graph Entity,Destination IP,Serves as primary node representation for Destination IP
dst_port,Processed_Network_dataset,Network_dataset_12.csv,int64,Relationship Attribute,Edge Property / Relationship,Defines dynamic interaction or connection property
proto,Processed_Network_dataset,Network_dataset_12.csv,str,Graph Entity,Protocol,Serves as primary node representation for Protocol
service,Processed_Network_dataset,Network_dataset_12.csv,str,Graph Entity,Service,Serves as primary node representation for Service
duration,Processed_Network_dataset,Network_dataset_12.csv,float64,Graph Attribute,Node Feature Vector,Numerical telemetry or performance metric for entity
src_bytes,Processed_Network_dataset,Network_dataset_12.csv,int64,Graph Attribute,Node Feature Vector,Numerical telemetry or performance metric for entity
dst_bytes,Processed_Network_dataset,Network_dataset_12.csv,int64,Graph Attribute,Node Feature Vector,Numerical telemetry or performance metric for entity
conn_state,Processed_Network_dataset,Network_dataset_12.csv,str,Graph Entity,Event,Serves as primary node representation for Event
missed_bytes,Processed_Network_dataset,Network_dataset_12.csv,int64,Graph Attribute,Node Feature Vector,Numerical telemetry or performance metric for entity
src_pkts,Processed_Network_dataset,Network_dataset_12.csv,int64,Metadata Attribute,Temporal / Ground Truth Label,Provides temporal context or security ground-truth label
src_ip_bytes,Processed_Network_dataset,Network_dataset_12.csv,int64,Graph Entity,Source IP,Serves as primary node representation for Source IP
dst_pkts,Processed_Network_dataset,Network_dataset_12.csv,int64,Metadata Attribute,Temporal / Ground Truth Label,Provides temporal context or security ground-truth label
dst_ip_bytes,Processed_Network_dataset,Network_dataset_12.csv,int64,Graph Entity,Destination IP,Serves as primary node representation for Destination IP
dns_query,Processed_Network_dataset,Network_dataset_12.csv,str,Ignored Attribute,Unmapped,"Constant, redundant or uninformative telemetry attribute"
dns_qclass,Processed_Network_dataset,Network_dataset_12.csv,int64,Metadata Attribute,Temporal / Ground Truth Label,Provides temporal context or security ground-truth label
dns_qtype,Processed_Network_dataset,Network_dataset_12.csv,int64,Metadata Attribute,Temporal / Ground Truth Label,Provides temporal context or security ground-truth label
dns_rcode,Processed_Network_dataset,Network_dataset_12.csv,int64,Ignored Attribute,Unmapped,"Constant, redundant or uninformative telemetry attribute"
dns_AA,Processed_Network_dataset,Network_dataset_12.csv,str,Ignored Attribute,Unmapped,"Constant, redundant or uninformative telemetry attribute"
dns_RD,Processed_Network_dataset,Network_dataset_12.csv,str,Ignored Attribute,Unmapped,"Constant, redundant or uninformative telemetry attribute"
dns_RA,Processed_Network_dataset,Network_dataset_12.csv,str,Ignored Attribute,Unmapped,"Constant, redundant or uninformative telemetry attribute"
dns_rejected,Processed_Network_dataset,Network_dataset_12.csv,str,Ignored Attribute,Unmapped,"Constant, redundant or uninformative telemetry attribute"
ssl_version,Processed_Network_dataset,Network_dataset_12.csv,str,Ignored Attribute,Unmapped,"Constant, redundant or uninformative telemetry attribute"
ssl_cipher,Processed_Network_dataset,Network_dataset_12.csv,str,Ignored Attribute,Unmapped,"Constant, redundant or uninformative telemetry attribute"
ssl_resumed,Processed_Network_dataset,Network_dataset_12.csv,str,Ignored Attribute,Unmapped,"Constant, redundant or uninformative telemetry attribute"
ssl_established,Processed_Network_dataset,Network_dataset_12.csv,str,Ignored Attribute,Unmapped,"Constant, redundant or uninformative telemetry attribute"
ssl_subject,Processed_Network_dataset,Network_dataset_12.csv,str,Ignored Attribute,Unmapped,"Constant, redundant or uninformative telemetry attribute"
ssl_issuer,Processed_Network_dataset,Network_dataset_12.csv,str,Ignored Attribute,Unmapped,"Constant, redundant or uninformative telemetry attribute"
http_trans_depth,Processed_Network_dataset,Network_dataset_12.csv,str,Ignored Attribute,Unmapped,"Constant, redundant or uninformative telemetry attribute"
http_method,Processed_Network_dataset,Network_dataset_12.csv,str,Ignored Attribute,Unmapped,"Constant, redundant or uninformative telemetry attribute"
http_uri,Processed_Network_dataset,Network_dataset_12.csv,str,Ignored Attribute,Unmapped,"Constant, redundant or uninformative telemetry attribute"
http_referrer,Processed_Network_dataset,Network_dataset_12.csv,str,Ignored Attribute,Unmapped,"Constant, redundant or uninformative telemetry attribute"
http_version,Processed_Network_dataset,Network_dataset_12.csv,str,Ignored Attribute,Unmapped,"Constant, redundant or uninformative telemetry attribute"
http_request_body_len,Processed_Network_dataset,Network_dataset_12.csv,int64,Ignored Attribute,Unmapped,"Constant, redundant or uninformative telemetry attribute"
http_response_body_len,Processed_Network_dataset,Network_dataset_12.csv,int64,Ignored Attribute,Unmapped,"Constant, redundant or uninformative telemetry attribute"
http_status_code,Processed_Network_dataset,Network_dataset_12.csv,int64,Relationship Attribute,Edge Property / Relationship,Defines dynamic interaction or connection property
http_user_agent,Processed_Network_dataset,Network_dataset_12.csv,str,Graph Entity,User,Serves as primary node representation for User
http_orig_mime_types,Processed_Network_dataset,Network_dataset_12.csv,str,Metadata Attribute,Temporal / Ground Truth Label,Provides temporal context or security ground-truth label
http_resp_mime_types,Processed_Network_dataset,Network_dataset_12.csv,str,Metadata Attribute,Temporal / Ground Truth Label,Provides temporal context or security ground-truth label
weird_name,Processed_Network_dataset,Network_dataset_12.csv,str,Graph Entity,Event,Serves as primary node representation for Event
weird_addl,Processed_Network_dataset,Network_dataset_12.csv,str,Ignored Attribute,Unmapped,"Constant, redundant or uninformative telemetry attribute"
weird_notice,Processed_Network_dataset,Network_dataset_12.csv,str,Ignored Attribute,Unmapped,"Constant, redundant or uninformative telemetry attribute"
label,Processed_Network_dataset,Network_dataset_12.csv,int64,Graph Entity,Event,Serves as primary node representation for Event
type,Processed_Network_dataset,Network_dataset_12.csv,str,Graph Entity,Event,Serves as primary node representation for Event
ts,Processed_Network_dataset,Network_dataset_13.csv,int64,Metadata Attribute,Temporal / Ground Truth Label,Provides temporal context or security ground-truth label
src_ip,Processed_Network_dataset,Network_dataset_13.csv,str,Graph Entity,Source IP,Serves as primary node representation for Source IP
src_port,Processed_Network_dataset,Network_dataset_13.csv,int64,Relationship Attribute,Edge Property / Relationship,Defines dynamic interaction or connection property
dst_ip,Processed_Network_dataset,Network_dataset_13.csv,str,Graph Entity,Destination IP,Serves as primary node representation for Destination IP
dst_port,Processed_Network_dataset,Network_dataset_13.csv,int64,Relationship Attribute,Edge Property / Relationship,Defines dynamic interaction or connection property
proto,Processed_Network_dataset,Network_dataset_13.csv,str,Graph Entity,Protocol,Serves as primary node representation for Protocol
service,Processed_Network_dataset,Network_dataset_13.csv,str,Graph Entity,Service,Serves as primary node representation for Service
duration,Processed_Network_dataset,Network_dataset_13.csv,float64,Graph Attribute,Node Feature Vector,Numerical telemetry or performance metric for entity
src_bytes,Processed_Network_dataset,Network_dataset_13.csv,int64,Graph Attribute,Node Feature Vector,Numerical telemetry or performance metric for entity
dst_bytes,Processed_Network_dataset,Network_dataset_13.csv,int64,Graph Attribute,Node Feature Vector,Numerical telemetry or performance metric for entity
conn_state,Processed_Network_dataset,Network_dataset_13.csv,str,Graph Entity,Event,Serves as primary node representation for Event
missed_bytes,Processed_Network_dataset,Network_dataset_13.csv,int64,Graph Attribute,Node Feature Vector,Numerical telemetry or performance metric for entity
src_pkts,Processed_Network_dataset,Network_dataset_13.csv,int64,Metadata Attribute,Temporal / Ground Truth Label,Provides temporal context or security ground-truth label
src_ip_bytes,Processed_Network_dataset,Network_dataset_13.csv,int64,Graph Entity,Source IP,Serves as primary node representation for Source IP
dst_pkts,Processed_Network_dataset,Network_dataset_13.csv,int64,Metadata Attribute,Temporal / Ground Truth Label,Provides temporal context or security ground-truth label
dst_ip_bytes,Processed_Network_dataset,Network_dataset_13.csv,int64,Graph Entity,Destination IP,Serves as primary node representation for Destination IP
dns_query,Processed_Network_dataset,Network_dataset_13.csv,str,Ignored Attribute,Unmapped,"Constant, redundant or uninformative telemetry attribute"
dns_qclass,Processed_Network_dataset,Network_dataset_13.csv,int64,Metadata Attribute,Temporal / Ground Truth Label,Provides temporal context or security ground-truth label
dns_qtype,Processed_Network_dataset,Network_dataset_13.csv,int64,Metadata Attribute,Temporal / Ground Truth Label,Provides temporal context or security ground-truth label
dns_rcode,Processed_Network_dataset,Network_dataset_13.csv,int64,Ignored Attribute,Unmapped,"Constant, redundant or uninformative telemetry attribute"
dns_AA,Processed_Network_dataset,Network_dataset_13.csv,str,Ignored Attribute,Unmapped,"Constant, redundant or uninformative telemetry attribute"
dns_RD,Processed_Network_dataset,Network_dataset_13.csv,str,Ignored Attribute,Unmapped,"Constant, redundant or uninformative telemetry attribute"
dns_RA,Processed_Network_dataset,Network_dataset_13.csv,str,Ignored Attribute,Unmapped,"Constant, redundant or uninformative telemetry attribute"
dns_rejected,Processed_Network_dataset,Network_dataset_13.csv,str,Ignored Attribute,Unmapped,"Constant, redundant or uninformative telemetry attribute"
ssl_version,Processed_Network_dataset,Network_dataset_13.csv,str,Ignored Attribute,Unmapped,"Constant, redundant or uninformative telemetry attribute"
ssl_cipher,Processed_Network_dataset,Network_dataset_13.csv,str,Ignored Attribute,Unmapped,"Constant, redundant or uninformative telemetry attribute"
ssl_resumed,Processed_Network_dataset,Network_dataset_13.csv,str,Ignored Attribute,Unmapped,"Constant, redundant or uninformative telemetry attribute"
ssl_established,Processed_Network_dataset,Network_dataset_13.csv,str,Ignored Attribute,Unmapped,"Constant, redundant or uninformative telemetry attribute"
ssl_subject,Processed_Network_dataset,Network_dataset_13.csv,str,Ignored Attribute,Unmapped,"Constant, redundant or uninformative telemetry attribute"
ssl_issuer,Processed_Network_dataset,Network_dataset_13.csv,str,Ignored Attribute,Unmapped,"Constant, redundant or uninformative telemetry attribute"
http_trans_depth,Processed_Network_dataset,Network_dataset_13.csv,str,Ignored Attribute,Unmapped,"Constant, redundant or uninformative telemetry attribute"
http_method,Processed_Network_dataset,Network_dataset_13.csv,str,Ignored Attribute,Unmapped,"Constant, redundant or uninformative telemetry attribute"
http_uri,Processed_Network_dataset,Network_dataset_13.csv,str,Ignored Attribute,Unmapped,"Constant, redundant or uninformative telemetry attribute"
http_referrer,Processed_Network_dataset,Network_dataset_13.csv,str,Ignored Attribute,Unmapped,"Constant, redundant or uninformative telemetry attribute"
http_version,Processed_Network_dataset,Network_dataset_13.csv,str,Ignored Attribute,Unmapped,"Constant, redundant or uninformative telemetry attribute"
http_request_body_len,Processed_Network_dataset,Network_dataset_13.csv,int64,Ignored Attribute,Unmapped,"Constant, redundant or uninformative telemetry attribute"
http_response_body_len,Processed_Network_dataset,Network_dataset_13.csv,int64,Ignored Attribute,Unmapped,"Constant, redundant or uninformative telemetry attribute"
http_status_code,Processed_Network_dataset,Network_dataset_13.csv,int64,Relationship Attribute,Edge Property / Relationship,Defines dynamic interaction or connection property
http_user_agent,Processed_Network_dataset,Network_dataset_13.csv,str,Graph Entity,User,Serves as primary node representation for User
http_orig_mime_types,Processed_Network_dataset,Network_dataset_13.csv,str,Metadata Attribute,Temporal / Ground Truth Label,Provides temporal context or security ground-truth label
http_resp_mime_types,Processed_Network_dataset,Network_dataset_13.csv,str,Metadata Attribute,Temporal / Ground Truth Label,Provides temporal context or security ground-truth label
weird_name,Processed_Network_dataset,Network_dataset_13.csv,str,Graph Entity,Event,Serves as primary node representation for Event
weird_addl,Processed_Network_dataset,Network_dataset_13.csv,str,Ignored Attribute,Unmapped,"Constant, redundant or uninformative telemetry attribute"
weird_notice,Processed_Network_dataset,Network_dataset_13.csv,str,Ignored Attribute,Unmapped,"Constant, redundant or uninformative telemetry attribute"
label,Processed_Network_dataset,Network_dataset_13.csv,int64,Graph Entity,Event,Serves as primary node representation for Event
type,Processed_Network_dataset,Network_dataset_13.csv,str,Graph Entity,Event,Serves as primary node representation for Event
ts,Processed_Network_dataset,Network_dataset_14.csv,int64,Metadata Attribute,Temporal / Ground Truth Label,Provides temporal context or security ground-truth label
src_ip,Processed_Network_dataset,Network_dataset_14.csv,str,Graph Entity,Source IP,Serves as primary node representation for Source IP
src_port,Processed_Network_dataset,Network_dataset_14.csv,int64,Relationship Attribute,Edge Property / Relationship,Defines dynamic interaction or connection property
dst_ip,Processed_Network_dataset,Network_dataset_14.csv,str,Graph Entity,Destination IP,Serves as primary node representation for Destination IP
dst_port,Processed_Network_dataset,Network_dataset_14.csv,int64,Relationship Attribute,Edge Property / Relationship,Defines dynamic interaction or connection property
proto,Processed_Network_dataset,Network_dataset_14.csv,str,Graph Entity,Protocol,Serves as primary node representation for Protocol
service,Processed_Network_dataset,Network_dataset_14.csv,str,Graph Entity,Service,Serves as primary node representation for Service
duration,Processed_Network_dataset,Network_dataset_14.csv,float64,Graph Attribute,Node Feature Vector,Numerical telemetry or performance metric for entity
src_bytes,Processed_Network_dataset,Network_dataset_14.csv,int64,Graph Attribute,Node Feature Vector,Numerical telemetry or performance metric for entity
dst_bytes,Processed_Network_dataset,Network_dataset_14.csv,int64,Graph Attribute,Node Feature Vector,Numerical telemetry or performance metric for entity
conn_state,Processed_Network_dataset,Network_dataset_14.csv,str,Graph Entity,Event,Serves as primary node representation for Event
missed_bytes,Processed_Network_dataset,Network_dataset_14.csv,int64,Graph Attribute,Node Feature Vector,Numerical telemetry or performance metric for entity
src_pkts,Processed_Network_dataset,Network_dataset_14.csv,int64,Metadata Attribute,Temporal / Ground Truth Label,Provides temporal context or security ground-truth label
src_ip_bytes,Processed_Network_dataset,Network_dataset_14.csv,int64,Graph Entity,Source IP,Serves as primary node representation for Source IP
dst_pkts,Processed_Network_dataset,Network_dataset_14.csv,int64,Metadata Attribute,Temporal / Ground Truth Label,Provides temporal context or security ground-truth label
dst_ip_bytes,Processed_Network_dataset,Network_dataset_14.csv,int64,Graph Entity,Destination IP,Serves as primary node representation for Destination IP
dns_query,Processed_Network_dataset,Network_dataset_14.csv,str,Ignored Attribute,Unmapped,"Constant, redundant or uninformative telemetry attribute"
dns_qclass,Processed_Network_dataset,Network_dataset_14.csv,int64,Metadata Attribute,Temporal / Ground Truth Label,Provides temporal context or security ground-truth label
dns_qtype,Processed_Network_dataset,Network_dataset_14.csv,int64,Metadata Attribute,Temporal / Ground Truth Label,Provides temporal context or security ground-truth label
dns_rcode,Processed_Network_dataset,Network_dataset_14.csv,int64,Ignored Attribute,Unmapped,"Constant, redundant or uninformative telemetry attribute"
dns_AA,Processed_Network_dataset,Network_dataset_14.csv,str,Ignored Attribute,Unmapped,"Constant, redundant or uninformative telemetry attribute"
dns_RD,Processed_Network_dataset,Network_dataset_14.csv,str,Ignored Attribute,Unmapped,"Constant, redundant or uninformative telemetry attribute"
dns_RA,Processed_Network_dataset,Network_dataset_14.csv,str,Ignored Attribute,Unmapped,"Constant, redundant or uninformative telemetry attribute"
dns_rejected,Processed_Network_dataset,Network_dataset_14.csv,str,Ignored Attribute,Unmapped,"Constant, redundant or uninformative telemetry attribute"
ssl_version,Processed_Network_dataset,Network_dataset_14.csv,str,Ignored Attribute,Unmapped,"Constant, redundant or uninformative telemetry attribute"
ssl_cipher,Processed_Network_dataset,Network_dataset_14.csv,str,Ignored Attribute,Unmapped,"Constant, redundant or uninformative telemetry attribute"
ssl_resumed,Processed_Network_dataset,Network_dataset_14.csv,str,Ignored Attribute,Unmapped,"Constant, redundant or uninformative telemetry attribute"
ssl_established,Processed_Network_dataset,Network_dataset_14.csv,str,Ignored Attribute,Unmapped,"Constant, redundant or uninformative telemetry attribute"
ssl_subject,Processed_Network_dataset,Network_dataset_14.csv,str,Ignored Attribute,Unmapped,"Constant, redundant or uninformative telemetry attribute"
ssl_issuer,Processed_Network_dataset,Network_dataset_14.csv,str,Ignored Attribute,Unmapped,"Constant, redundant or uninformative telemetry attribute"
http_trans_depth,Processed_Network_dataset,Network_dataset_14.csv,str,Ignored Attribute,Unmapped,"Constant, redundant or uninformative telemetry attribute"
http_method,Processed_Network_dataset,Network_dataset_14.csv,str,Ignored Attribute,Unmapped,"Constant, redundant or uninformative telemetry attribute"
http_uri,Processed_Network_dataset,Network_dataset_14.csv,str,Ignored Attribute,Unmapped,"Constant, redundant or uninformative telemetry attribute"
http_referrer,Processed_Network_dataset,Network_dataset_14.csv,str,Ignored Attribute,Unmapped,"Constant, redundant or uninformative telemetry attribute"
http_version,Processed_Network_dataset,Network_dataset_14.csv,str,Ignored Attribute,Unmapped,"Constant, redundant or uninformative telemetry attribute"
http_request_body_len,Processed_Network_dataset,Network_dataset_14.csv,int64,Ignored Attribute,Unmapped,"Constant, redundant or uninformative telemetry attribute"
http_response_body_len,Processed_Network_dataset,Network_dataset_14.csv,int64,Ignored Attribute,Unmapped,"Constant, redundant or uninformative telemetry attribute"
http_status_code,Processed_Network_dataset,Network_dataset_14.csv,int64,Relationship Attribute,Edge Property / Relationship,Defines dynamic interaction or connection property
http_user_agent,Processed_Network_dataset,Network_dataset_14.csv,str,Graph Entity,User,Serves as primary node representation for User
http_orig_mime_types,Processed_Network_dataset,Network_dataset_14.csv,str,Metadata Attribute,Temporal / Ground Truth Label,Provides temporal context or security ground-truth label
http_resp_mime_types,Processed_Network_dataset,Network_dataset_14.csv,str,Metadata Attribute,Temporal / Ground Truth Label,Provides temporal context or security ground-truth label
weird_name,Processed_Network_dataset,Network_dataset_14.csv,str,Graph Entity,Event,Serves as primary node representation for Event
weird_addl,Processed_Network_dataset,Network_dataset_14.csv,str,Ignored Attribute,Unmapped,"Constant, redundant or uninformative telemetry attribute"
weird_notice,Processed_Network_dataset,Network_dataset_14.csv,str,Ignored Attribute,Unmapped,"Constant, redundant or uninformative telemetry attribute"
label,Processed_Network_dataset,Network_dataset_14.csv,int64,Graph Entity,Event,Serves as primary node representation for Event
type,Processed_Network_dataset,Network_dataset_14.csv,str,Graph Entity,Event,Serves as primary node representation for Event
ts,Processed_Network_dataset,Network_dataset_15.csv,int64,Metadata Attribute,Temporal / Ground Truth Label,Provides temporal context or security ground-truth label
src_ip,Processed_Network_dataset,Network_dataset_15.csv,str,Graph Entity,Source IP,Serves as primary node representation for Source IP
src_port,Processed_Network_dataset,Network_dataset_15.csv,int64,Relationship Attribute,Edge Property / Relationship,Defines dynamic interaction or connection property
dst_ip,Processed_Network_dataset,Network_dataset_15.csv,str,Graph Entity,Destination IP,Serves as primary node representation for Destination IP
dst_port,Processed_Network_dataset,Network_dataset_15.csv,int64,Relationship Attribute,Edge Property / Relationship,Defines dynamic interaction or connection property
proto,Processed_Network_dataset,Network_dataset_15.csv,str,Graph Entity,Protocol,Serves as primary node representation for Protocol
service,Processed_Network_dataset,Network_dataset_15.csv,str,Graph Entity,Service,Serves as primary node representation for Service
duration,Processed_Network_dataset,Network_dataset_15.csv,float64,Graph Attribute,Node Feature Vector,Numerical telemetry or performance metric for entity
src_bytes,Processed_Network_dataset,Network_dataset_15.csv,int64,Graph Attribute,Node Feature Vector,Numerical telemetry or performance metric for entity
dst_bytes,Processed_Network_dataset,Network_dataset_15.csv,int64,Graph Attribute,Node Feature Vector,Numerical telemetry or performance metric for entity
conn_state,Processed_Network_dataset,Network_dataset_15.csv,str,Graph Entity,Event,Serves as primary node representation for Event
missed_bytes,Processed_Network_dataset,Network_dataset_15.csv,int64,Graph Attribute,Node Feature Vector,Numerical telemetry or performance metric for entity
src_pkts,Processed_Network_dataset,Network_dataset_15.csv,int64,Metadata Attribute,Temporal / Ground Truth Label,Provides temporal context or security ground-truth label
src_ip_bytes,Processed_Network_dataset,Network_dataset_15.csv,int64,Graph Entity,Source IP,Serves as primary node representation for Source IP
dst_pkts,Processed_Network_dataset,Network_dataset_15.csv,int64,Metadata Attribute,Temporal / Ground Truth Label,Provides temporal context or security ground-truth label
dst_ip_bytes,Processed_Network_dataset,Network_dataset_15.csv,int64,Graph Entity,Destination IP,Serves as primary node representation for Destination IP
dns_query,Processed_Network_dataset,Network_dataset_15.csv,str,Ignored Attribute,Unmapped,"Constant, redundant or uninformative telemetry attribute"
dns_qclass,Processed_Network_dataset,Network_dataset_15.csv,int64,Metadata Attribute,Temporal / Ground Truth Label,Provides temporal context or security ground-truth label
dns_qtype,Processed_Network_dataset,Network_dataset_15.csv,int64,Metadata Attribute,Temporal / Ground Truth Label,Provides temporal context or security ground-truth label
dns_rcode,Processed_Network_dataset,Network_dataset_15.csv,int64,Ignored Attribute,Unmapped,"Constant, redundant or uninformative telemetry attribute"
dns_AA,Processed_Network_dataset,Network_dataset_15.csv,str,Ignored Attribute,Unmapped,"Constant, redundant or uninformative telemetry attribute"
dns_RD,Processed_Network_dataset,Network_dataset_15.csv,str,Ignored Attribute,Unmapped,"Constant, redundant or uninformative telemetry attribute"
dns_RA,Processed_Network_dataset,Network_dataset_15.csv,str,Ignored Attribute,Unmapped,"Constant, redundant or uninformative telemetry attribute"
dns_rejected,Processed_Network_dataset,Network_dataset_15.csv,str,Ignored Attribute,Unmapped,"Constant, redundant or uninformative telemetry attribute"
ssl_version,Processed_Network_dataset,Network_dataset_15.csv,str,Ignored Attribute,Unmapped,"Constant, redundant or uninformative telemetry attribute"
ssl_cipher,Processed_Network_dataset,Network_dataset_15.csv,str,Ignored Attribute,Unmapped,"Constant, redundant or uninformative telemetry attribute"
ssl_resumed,Processed_Network_dataset,Network_dataset_15.csv,str,Ignored Attribute,Unmapped,"Constant, redundant or uninformative telemetry attribute"
ssl_established,Processed_Network_dataset,Network_dataset_15.csv,str,Ignored Attribute,Unmapped,"Constant, redundant or uninformative telemetry attribute"
ssl_subject,Processed_Network_dataset,Network_dataset_15.csv,str,Ignored Attribute,Unmapped,"Constant, redundant or uninformative telemetry attribute"
ssl_issuer,Processed_Network_dataset,Network_dataset_15.csv,str,Ignored Attribute,Unmapped,"Constant, redundant or uninformative telemetry attribute"
http_trans_depth,Processed_Network_dataset,Network_dataset_15.csv,str,Ignored Attribute,Unmapped,"Constant, redundant or uninformative telemetry attribute"
http_method,Processed_Network_dataset,Network_dataset_15.csv,str,Ignored Attribute,Unmapped,"Constant, redundant or uninformative telemetry attribute"
http_uri,Processed_Network_dataset,Network_dataset_15.csv,str,Ignored Attribute,Unmapped,"Constant, redundant or uninformative telemetry attribute"
http_referrer,Processed_Network_dataset,Network_dataset_15.csv,str,Ignored Attribute,Unmapped,"Constant, redundant or uninformative telemetry attribute"
http_version,Processed_Network_dataset,Network_dataset_15.csv,str,Ignored Attribute,Unmapped,"Constant, redundant or uninformative telemetry attribute"
http_request_body_len,Processed_Network_dataset,Network_dataset_15.csv,int64,Ignored Attribute,Unmapped,"Constant, redundant or uninformative telemetry attribute"
http_response_body_len,Processed_Network_dataset,Network_dataset_15.csv,int64,Ignored Attribute,Unmapped,"Constant, redundant or uninformative telemetry attribute"
http_status_code,Processed_Network_dataset,Network_dataset_15.csv,int64,Relationship Attribute,Edge Property / Relationship,Defines dynamic interaction or connection property
http_user_agent,Processed_Network_dataset,Network_dataset_15.csv,str,Graph Entity,User,Serves as primary node representation for User
http_orig_mime_types,Processed_Network_dataset,Network_dataset_15.csv,str,Metadata Attribute,Temporal / Ground Truth Label,Provides temporal context or security ground-truth label
http_resp_mime_types,Processed_Network_dataset,Network_dataset_15.csv,str,Metadata Attribute,Temporal / Ground Truth Label,Provides temporal context or security ground-truth label
weird_name,Processed_Network_dataset,Network_dataset_15.csv,str,Graph Entity,Event,Serves as primary node representation for Event
weird_addl,Processed_Network_dataset,Network_dataset_15.csv,str,Ignored Attribute,Unmapped,"Constant, redundant or uninformative telemetry attribute"
weird_notice,Processed_Network_dataset,Network_dataset_15.csv,str,Ignored Attribute,Unmapped,"Constant, redundant or uninformative telemetry attribute"
label,Processed_Network_dataset,Network_dataset_15.csv,int64,Graph Entity,Event,Serves as primary node representation for Event
type,Processed_Network_dataset,Network_dataset_15.csv,str,Graph Entity,Event,Serves as primary node representation for Event
ts,Processed_Network_dataset,Network_dataset_16.csv,int64,Metadata Attribute,Temporal / Ground Truth Label,Provides temporal context or security ground-truth label
src_ip,Processed_Network_dataset,Network_dataset_16.csv,str,Graph Entity,Source IP,Serves as primary node representation for Source IP
src_port,Processed_Network_dataset,Network_dataset_16.csv,int64,Relationship Attribute,Edge Property / Relationship,Defines dynamic interaction or connection property
dst_ip,Processed_Network_dataset,Network_dataset_16.csv,str,Graph Entity,Destination IP,Serves as primary node representation for Destination IP
dst_port,Processed_Network_dataset,Network_dataset_16.csv,int64,Relationship Attribute,Edge Property / Relationship,Defines dynamic interaction or connection property
proto,Processed_Network_dataset,Network_dataset_16.csv,str,Graph Entity,Protocol,Serves as primary node representation for Protocol
service,Processed_Network_dataset,Network_dataset_16.csv,str,Graph Entity,Service,Serves as primary node representation for Service
duration,Processed_Network_dataset,Network_dataset_16.csv,float64,Graph Attribute,Node Feature Vector,Numerical telemetry or performance metric for entity
src_bytes,Processed_Network_dataset,Network_dataset_16.csv,int64,Graph Attribute,Node Feature Vector,Numerical telemetry or performance metric for entity
dst_bytes,Processed_Network_dataset,Network_dataset_16.csv,int64,Graph Attribute,Node Feature Vector,Numerical telemetry or performance metric for entity
conn_state,Processed_Network_dataset,Network_dataset_16.csv,str,Graph Entity,Event,Serves as primary node representation for Event
missed_bytes,Processed_Network_dataset,Network_dataset_16.csv,int64,Graph Attribute,Node Feature Vector,Numerical telemetry or performance metric for entity
src_pkts,Processed_Network_dataset,Network_dataset_16.csv,int64,Metadata Attribute,Temporal / Ground Truth Label,Provides temporal context or security ground-truth label
src_ip_bytes,Processed_Network_dataset,Network_dataset_16.csv,int64,Graph Entity,Source IP,Serves as primary node representation for Source IP
dst_pkts,Processed_Network_dataset,Network_dataset_16.csv,int64,Metadata Attribute,Temporal / Ground Truth Label,Provides temporal context or security ground-truth label
dst_ip_bytes,Processed_Network_dataset,Network_dataset_16.csv,int64,Graph Entity,Destination IP,Serves as primary node representation for Destination IP
dns_query,Processed_Network_dataset,Network_dataset_16.csv,str,Ignored Attribute,Unmapped,"Constant, redundant or uninformative telemetry attribute"
dns_qclass,Processed_Network_dataset,Network_dataset_16.csv,int64,Metadata Attribute,Temporal / Ground Truth Label,Provides temporal context or security ground-truth label
dns_qtype,Processed_Network_dataset,Network_dataset_16.csv,int64,Metadata Attribute,Temporal / Ground Truth Label,Provides temporal context or security ground-truth label
dns_rcode,Processed_Network_dataset,Network_dataset_16.csv,int64,Ignored Attribute,Unmapped,"Constant, redundant or uninformative telemetry attribute"
dns_AA,Processed_Network_dataset,Network_dataset_16.csv,str,Ignored Attribute,Unmapped,"Constant, redundant or uninformative telemetry attribute"
dns_RD,Processed_Network_dataset,Network_dataset_16.csv,str,Ignored Attribute,Unmapped,"Constant, redundant or uninformative telemetry attribute"
dns_RA,Processed_Network_dataset,Network_dataset_16.csv,str,Ignored Attribute,Unmapped,"Constant, redundant or uninformative telemetry attribute"
dns_rejected,Processed_Network_dataset,Network_dataset_16.csv,str,Ignored Attribute,Unmapped,"Constant, redundant or uninformative telemetry attribute"
ssl_version,Processed_Network_dataset,Network_dataset_16.csv,str,Ignored Attribute,Unmapped,"Constant, redundant or uninformative telemetry attribute"
ssl_cipher,Processed_Network_dataset,Network_dataset_16.csv,str,Ignored Attribute,Unmapped,"Constant, redundant or uninformative telemetry attribute"
ssl_resumed,Processed_Network_dataset,Network_dataset_16.csv,str,Ignored Attribute,Unmapped,"Constant, redundant or uninformative telemetry attribute"
ssl_established,Processed_Network_dataset,Network_dataset_16.csv,str,Ignored Attribute,Unmapped,"Constant, redundant or uninformative telemetry attribute"
ssl_subject,Processed_Network_dataset,Network_dataset_16.csv,str,Ignored Attribute,Unmapped,"Constant, redundant or uninformative telemetry attribute"
ssl_issuer,Processed_Network_dataset,Network_dataset_16.csv,str,Ignored Attribute,Unmapped,"Constant, redundant or uninformative telemetry attribute"
http_trans_depth,Processed_Network_dataset,Network_dataset_16.csv,str,Ignored Attribute,Unmapped,"Constant, redundant or uninformative telemetry attribute"
http_method,Processed_Network_dataset,Network_dataset_16.csv,str,Ignored Attribute,Unmapped,"Constant, redundant or uninformative telemetry attribute"
http_uri,Processed_Network_dataset,Network_dataset_16.csv,str,Ignored Attribute,Unmapped,"Constant, redundant or uninformative telemetry attribute"
http_referrer,Processed_Network_dataset,Network_dataset_16.csv,str,Ignored Attribute,Unmapped,"Constant, redundant or uninformative telemetry attribute"
http_version,Processed_Network_dataset,Network_dataset_16.csv,str,Ignored Attribute,Unmapped,"Constant, redundant or uninformative telemetry attribute"
http_request_body_len,Processed_Network_dataset,Network_dataset_16.csv,int64,Ignored Attribute,Unmapped,"Constant, redundant or uninformative telemetry attribute"
http_response_body_len,Processed_Network_dataset,Network_dataset_16.csv,int64,Ignored Attribute,Unmapped,"Constant, redundant or uninformative telemetry attribute"
http_status_code,Processed_Network_dataset,Network_dataset_16.csv,int64,Relationship Attribute,Edge Property / Relationship,Defines dynamic interaction or connection property
http_user_agent,Processed_Network_dataset,Network_dataset_16.csv,str,Graph Entity,User,Serves as primary node representation for User
http_orig_mime_types,Processed_Network_dataset,Network_dataset_16.csv,str,Metadata Attribute,Temporal / Ground Truth Label,Provides temporal context or security ground-truth label
http_resp_mime_types,Processed_Network_dataset,Network_dataset_16.csv,str,Metadata Attribute,Temporal / Ground Truth Label,Provides temporal context or security ground-truth label
weird_name,Processed_Network_dataset,Network_dataset_16.csv,str,Graph Entity,Event,Serves as primary node representation for Event
weird_addl,Processed_Network_dataset,Network_dataset_16.csv,str,Ignored Attribute,Unmapped,"Constant, redundant or uninformative telemetry attribute"
weird_notice,Processed_Network_dataset,Network_dataset_16.csv,str,Ignored Attribute,Unmapped,"Constant, redundant or uninformative telemetry attribute"
label,Processed_Network_dataset,Network_dataset_16.csv,int64,Graph Entity,Event,Serves as primary node representation for Event
type,Processed_Network_dataset,Network_dataset_16.csv,str,Graph Entity,Event,Serves as primary node representation for Event
ts,Processed_Network_dataset,Network_dataset_17.csv,int64,Metadata Attribute,Temporal / Ground Truth Label,Provides temporal context or security ground-truth label
src_ip,Processed_Network_dataset,Network_dataset_17.csv,str,Graph Entity,Source IP,Serves as primary node representation for Source IP
src_port,Processed_Network_dataset,Network_dataset_17.csv,int64,Relationship Attribute,Edge Property / Relationship,Defines dynamic interaction or connection property
dst_ip,Processed_Network_dataset,Network_dataset_17.csv,str,Graph Entity,Destination IP,Serves as primary node representation for Destination IP
dst_port,Processed_Network_dataset,Network_dataset_17.csv,int64,Relationship Attribute,Edge Property / Relationship,Defines dynamic interaction or connection property
proto,Processed_Network_dataset,Network_dataset_17.csv,str,Graph Entity,Protocol,Serves as primary node representation for Protocol
service,Processed_Network_dataset,Network_dataset_17.csv,str,Graph Entity,Service,Serves as primary node representation for Service
duration,Processed_Network_dataset,Network_dataset_17.csv,float64,Graph Attribute,Node Feature Vector,Numerical telemetry or performance metric for entity
src_bytes,Processed_Network_dataset,Network_dataset_17.csv,int64,Graph Attribute,Node Feature Vector,Numerical telemetry or performance metric for entity
dst_bytes,Processed_Network_dataset,Network_dataset_17.csv,int64,Graph Attribute,Node Feature Vector,Numerical telemetry or performance metric for entity
conn_state,Processed_Network_dataset,Network_dataset_17.csv,str,Graph Entity,Event,Serves as primary node representation for Event
missed_bytes,Processed_Network_dataset,Network_dataset_17.csv,int64,Graph Attribute,Node Feature Vector,Numerical telemetry or performance metric for entity
src_pkts,Processed_Network_dataset,Network_dataset_17.csv,int64,Metadata Attribute,Temporal / Ground Truth Label,Provides temporal context or security ground-truth label
src_ip_bytes,Processed_Network_dataset,Network_dataset_17.csv,int64,Graph Entity,Source IP,Serves as primary node representation for Source IP
dst_pkts,Processed_Network_dataset,Network_dataset_17.csv,int64,Metadata Attribute,Temporal / Ground Truth Label,Provides temporal context or security ground-truth label
dst_ip_bytes,Processed_Network_dataset,Network_dataset_17.csv,int64,Graph Entity,Destination IP,Serves as primary node representation for Destination IP
dns_query,Processed_Network_dataset,Network_dataset_17.csv,str,Ignored Attribute,Unmapped,"Constant, redundant or uninformative telemetry attribute"
dns_qclass,Processed_Network_dataset,Network_dataset_17.csv,int64,Metadata Attribute,Temporal / Ground Truth Label,Provides temporal context or security ground-truth label
dns_qtype,Processed_Network_dataset,Network_dataset_17.csv,int64,Metadata Attribute,Temporal / Ground Truth Label,Provides temporal context or security ground-truth label
dns_rcode,Processed_Network_dataset,Network_dataset_17.csv,int64,Ignored Attribute,Unmapped,"Constant, redundant or uninformative telemetry attribute"
dns_AA,Processed_Network_dataset,Network_dataset_17.csv,str,Ignored Attribute,Unmapped,"Constant, redundant or uninformative telemetry attribute"
dns_RD,Processed_Network_dataset,Network_dataset_17.csv,str,Ignored Attribute,Unmapped,"Constant, redundant or uninformative telemetry attribute"
dns_RA,Processed_Network_dataset,Network_dataset_17.csv,str,Ignored Attribute,Unmapped,"Constant, redundant or uninformative telemetry attribute"
dns_rejected,Processed_Network_dataset,Network_dataset_17.csv,str,Ignored Attribute,Unmapped,"Constant, redundant or uninformative telemetry attribute"
ssl_version,Processed_Network_dataset,Network_dataset_17.csv,str,Ignored Attribute,Unmapped,"Constant, redundant or uninformative telemetry attribute"
ssl_cipher,Processed_Network_dataset,Network_dataset_17.csv,str,Ignored Attribute,Unmapped,"Constant, redundant or uninformative telemetry attribute"
ssl_resumed,Processed_Network_dataset,Network_dataset_17.csv,str,Ignored Attribute,Unmapped,"Constant, redundant or uninformative telemetry attribute"
ssl_established,Processed_Network_dataset,Network_dataset_17.csv,str,Ignored Attribute,Unmapped,"Constant, redundant or uninformative telemetry attribute"
ssl_subject,Processed_Network_dataset,Network_dataset_17.csv,str,Ignored Attribute,Unmapped,"Constant, redundant or uninformative telemetry attribute"
ssl_issuer,Processed_Network_dataset,Network_dataset_17.csv,str,Ignored Attribute,Unmapped,"Constant, redundant or uninformative telemetry attribute"
http_trans_depth,Processed_Network_dataset,Network_dataset_17.csv,str,Ignored Attribute,Unmapped,"Constant, redundant or uninformative telemetry attribute"
http_method,Processed_Network_dataset,Network_dataset_17.csv,str,Ignored Attribute,Unmapped,"Constant, redundant or uninformative telemetry attribute"
http_uri,Processed_Network_dataset,Network_dataset_17.csv,str,Ignored Attribute,Unmapped,"Constant, redundant or uninformative telemetry attribute"
http_referrer,Processed_Network_dataset,Network_dataset_17.csv,str,Ignored Attribute,Unmapped,"Constant, redundant or uninformative telemetry attribute"
http_version,Processed_Network_dataset,Network_dataset_17.csv,str,Ignored Attribute,Unmapped,"Constant, redundant or uninformative telemetry attribute"
http_request_body_len,Processed_Network_dataset,Network_dataset_17.csv,int64,Ignored Attribute,Unmapped,"Constant, redundant or uninformative telemetry attribute"
http_response_body_len,Processed_Network_dataset,Network_dataset_17.csv,int64,Ignored Attribute,Unmapped,"Constant, redundant or uninformative telemetry attribute"
http_status_code,Processed_Network_dataset,Network_dataset_17.csv,int64,Relationship Attribute,Edge Property / Relationship,Defines dynamic interaction or connection property
http_user_agent,Processed_Network_dataset,Network_dataset_17.csv,str,Graph Entity,User,Serves as primary node representation for User
http_orig_mime_types,Processed_Network_dataset,Network_dataset_17.csv,str,Metadata Attribute,Temporal / Ground Truth Label,Provides temporal context or security ground-truth label
http_resp_mime_types,Processed_Network_dataset,Network_dataset_17.csv,str,Metadata Attribute,Temporal / Ground Truth Label,Provides temporal context or security ground-truth label
weird_name,Processed_Network_dataset,Network_dataset_17.csv,str,Graph Entity,Event,Serves as primary node representation for Event
weird_addl,Processed_Network_dataset,Network_dataset_17.csv,str,Ignored Attribute,Unmapped,"Constant, redundant or uninformative telemetry attribute"
weird_notice,Processed_Network_dataset,Network_dataset_17.csv,str,Ignored Attribute,Unmapped,"Constant, redundant or uninformative telemetry attribute"
label,Processed_Network_dataset,Network_dataset_17.csv,int64,Graph Entity,Event,Serves as primary node representation for Event
type,Processed_Network_dataset,Network_dataset_17.csv,str,Graph Entity,Event,Serves as primary node representation for Event
ts,Processed_Network_dataset,Network_dataset_18.csv,int64,Metadata Attribute,Temporal / Ground Truth Label,Provides temporal context or security ground-truth label
src_ip,Processed_Network_dataset,Network_dataset_18.csv,str,Graph Entity,Source IP,Serves as primary node representation for Source IP
src_port,Processed_Network_dataset,Network_dataset_18.csv,int64,Relationship Attribute,Edge Property / Relationship,Defines dynamic interaction or connection property
dst_ip,Processed_Network_dataset,Network_dataset_18.csv,str,Graph Entity,Destination IP,Serves as primary node representation for Destination IP
dst_port,Processed_Network_dataset,Network_dataset_18.csv,int64,Relationship Attribute,Edge Property / Relationship,Defines dynamic interaction or connection property
proto,Processed_Network_dataset,Network_dataset_18.csv,str,Graph Entity,Protocol,Serves as primary node representation for Protocol
service,Processed_Network_dataset,Network_dataset_18.csv,str,Graph Entity,Service,Serves as primary node representation for Service
duration,Processed_Network_dataset,Network_dataset_18.csv,float64,Graph Attribute,Node Feature Vector,Numerical telemetry or performance metric for entity
src_bytes,Processed_Network_dataset,Network_dataset_18.csv,int64,Graph Attribute,Node Feature Vector,Numerical telemetry or performance metric for entity
dst_bytes,Processed_Network_dataset,Network_dataset_18.csv,int64,Graph Attribute,Node Feature Vector,Numerical telemetry or performance metric for entity
conn_state,Processed_Network_dataset,Network_dataset_18.csv,str,Graph Entity,Event,Serves as primary node representation for Event
missed_bytes,Processed_Network_dataset,Network_dataset_18.csv,int64,Graph Attribute,Node Feature Vector,Numerical telemetry or performance metric for entity
src_pkts,Processed_Network_dataset,Network_dataset_18.csv,int64,Metadata Attribute,Temporal / Ground Truth Label,Provides temporal context or security ground-truth label
src_ip_bytes,Processed_Network_dataset,Network_dataset_18.csv,int64,Graph Entity,Source IP,Serves as primary node representation for Source IP
dst_pkts,Processed_Network_dataset,Network_dataset_18.csv,int64,Metadata Attribute,Temporal / Ground Truth Label,Provides temporal context or security ground-truth label
dst_ip_bytes,Processed_Network_dataset,Network_dataset_18.csv,int64,Graph Entity,Destination IP,Serves as primary node representation for Destination IP
dns_query,Processed_Network_dataset,Network_dataset_18.csv,str,Ignored Attribute,Unmapped,"Constant, redundant or uninformative telemetry attribute"
dns_qclass,Processed_Network_dataset,Network_dataset_18.csv,int64,Metadata Attribute,Temporal / Ground Truth Label,Provides temporal context or security ground-truth label
dns_qtype,Processed_Network_dataset,Network_dataset_18.csv,int64,Metadata Attribute,Temporal / Ground Truth Label,Provides temporal context or security ground-truth label
dns_rcode,Processed_Network_dataset,Network_dataset_18.csv,int64,Ignored Attribute,Unmapped,"Constant, redundant or uninformative telemetry attribute"
dns_AA,Processed_Network_dataset,Network_dataset_18.csv,str,Ignored Attribute,Unmapped,"Constant, redundant or uninformative telemetry attribute"
dns_RD,Processed_Network_dataset,Network_dataset_18.csv,str,Ignored Attribute,Unmapped,"Constant, redundant or uninformative telemetry attribute"
dns_RA,Processed_Network_dataset,Network_dataset_18.csv,str,Ignored Attribute,Unmapped,"Constant, redundant or uninformative telemetry attribute"
dns_rejected,Processed_Network_dataset,Network_dataset_18.csv,str,Ignored Attribute,Unmapped,"Constant, redundant or uninformative telemetry attribute"
ssl_version,Processed_Network_dataset,Network_dataset_18.csv,str,Ignored Attribute,Unmapped,"Constant, redundant or uninformative telemetry attribute"
ssl_cipher,Processed_Network_dataset,Network_dataset_18.csv,str,Ignored Attribute,Unmapped,"Constant, redundant or uninformative telemetry attribute"
ssl_resumed,Processed_Network_dataset,Network_dataset_18.csv,str,Ignored Attribute,Unmapped,"Constant, redundant or uninformative telemetry attribute"
ssl_established,Processed_Network_dataset,Network_dataset_18.csv,str,Ignored Attribute,Unmapped,"Constant, redundant or uninformative telemetry attribute"
ssl_subject,Processed_Network_dataset,Network_dataset_18.csv,str,Ignored Attribute,Unmapped,"Constant, redundant or uninformative telemetry attribute"
ssl_issuer,Processed_Network_dataset,Network_dataset_18.csv,str,Ignored Attribute,Unmapped,"Constant, redundant or uninformative telemetry attribute"
http_trans_depth,Processed_Network_dataset,Network_dataset_18.csv,str,Ignored Attribute,Unmapped,"Constant, redundant or uninformative telemetry attribute"
http_method,Processed_Network_dataset,Network_dataset_18.csv,str,Ignored Attribute,Unmapped,"Constant, redundant or uninformative telemetry attribute"
http_uri,Processed_Network_dataset,Network_dataset_18.csv,str,Ignored Attribute,Unmapped,"Constant, redundant or uninformative telemetry attribute"
http_referrer,Processed_Network_dataset,Network_dataset_18.csv,str,Ignored Attribute,Unmapped,"Constant, redundant or uninformative telemetry attribute"
http_version,Processed_Network_dataset,Network_dataset_18.csv,str,Ignored Attribute,Unmapped,"Constant, redundant or uninformative telemetry attribute"
http_request_body_len,Processed_Network_dataset,Network_dataset_18.csv,int64,Ignored Attribute,Unmapped,"Constant, redundant or uninformative telemetry attribute"
http_response_body_len,Processed_Network_dataset,Network_dataset_18.csv,int64,Ignored Attribute,Unmapped,"Constant, redundant or uninformative telemetry attribute"
http_status_code,Processed_Network_dataset,Network_dataset_18.csv,int64,Relationship Attribute,Edge Property / Relationship,Defines dynamic interaction or connection property
http_user_agent,Processed_Network_dataset,Network_dataset_18.csv,str,Graph Entity,User,Serves as primary node representation for User
http_orig_mime_types,Processed_Network_dataset,Network_dataset_18.csv,str,Metadata Attribute,Temporal / Ground Truth Label,Provides temporal context or security ground-truth label
http_resp_mime_types,Processed_Network_dataset,Network_dataset_18.csv,str,Metadata Attribute,Temporal / Ground Truth Label,Provides temporal context or security ground-truth label
weird_name,Processed_Network_dataset,Network_dataset_18.csv,str,Graph Entity,Event,Serves as primary node representation for Event
weird_addl,Processed_Network_dataset,Network_dataset_18.csv,str,Ignored Attribute,Unmapped,"Constant, redundant or uninformative telemetry attribute"
weird_notice,Processed_Network_dataset,Network_dataset_18.csv,str,Ignored Attribute,Unmapped,"Constant, redundant or uninformative telemetry attribute"
label,Processed_Network_dataset,Network_dataset_18.csv,int64,Graph Entity,Event,Serves as primary node representation for Event
type,Processed_Network_dataset,Network_dataset_18.csv,str,Graph Entity,Event,Serves as primary node representation for Event
ts,Processed_Network_dataset,Network_dataset_19.csv,int64,Metadata Attribute,Temporal / Ground Truth Label,Provides temporal context or security ground-truth label
src_ip,Processed_Network_dataset,Network_dataset_19.csv,str,Graph Entity,Source IP,Serves as primary node representation for Source IP
src_port,Processed_Network_dataset,Network_dataset_19.csv,int64,Relationship Attribute,Edge Property / Relationship,Defines dynamic interaction or connection property
dst_ip,Processed_Network_dataset,Network_dataset_19.csv,str,Graph Entity,Destination IP,Serves as primary node representation for Destination IP
dst_port,Processed_Network_dataset,Network_dataset_19.csv,int64,Relationship Attribute,Edge Property / Relationship,Defines dynamic interaction or connection property
proto,Processed_Network_dataset,Network_dataset_19.csv,str,Graph Entity,Protocol,Serves as primary node representation for Protocol
service,Processed_Network_dataset,Network_dataset_19.csv,str,Graph Entity,Service,Serves as primary node representation for Service
duration,Processed_Network_dataset,Network_dataset_19.csv,float64,Graph Attribute,Node Feature Vector,Numerical telemetry or performance metric for entity
src_bytes,Processed_Network_dataset,Network_dataset_19.csv,int64,Graph Attribute,Node Feature Vector,Numerical telemetry or performance metric for entity
dst_bytes,Processed_Network_dataset,Network_dataset_19.csv,int64,Graph Attribute,Node Feature Vector,Numerical telemetry or performance metric for entity
conn_state,Processed_Network_dataset,Network_dataset_19.csv,str,Graph Entity,Event,Serves as primary node representation for Event
missed_bytes,Processed_Network_dataset,Network_dataset_19.csv,int64,Graph Attribute,Node Feature Vector,Numerical telemetry or performance metric for entity
src_pkts,Processed_Network_dataset,Network_dataset_19.csv,int64,Metadata Attribute,Temporal / Ground Truth Label,Provides temporal context or security ground-truth label
src_ip_bytes,Processed_Network_dataset,Network_dataset_19.csv,int64,Graph Entity,Source IP,Serves as primary node representation for Source IP
dst_pkts,Processed_Network_dataset,Network_dataset_19.csv,int64,Metadata Attribute,Temporal / Ground Truth Label,Provides temporal context or security ground-truth label
dst_ip_bytes,Processed_Network_dataset,Network_dataset_19.csv,int64,Graph Entity,Destination IP,Serves as primary node representation for Destination IP
dns_query,Processed_Network_dataset,Network_dataset_19.csv,str,Ignored Attribute,Unmapped,"Constant, redundant or uninformative telemetry attribute"
dns_qclass,Processed_Network_dataset,Network_dataset_19.csv,int64,Metadata Attribute,Temporal / Ground Truth Label,Provides temporal context or security ground-truth label
dns_qtype,Processed_Network_dataset,Network_dataset_19.csv,int64,Metadata Attribute,Temporal / Ground Truth Label,Provides temporal context or security ground-truth label
dns_rcode,Processed_Network_dataset,Network_dataset_19.csv,int64,Ignored Attribute,Unmapped,"Constant, redundant or uninformative telemetry attribute"
dns_AA,Processed_Network_dataset,Network_dataset_19.csv,str,Ignored Attribute,Unmapped,"Constant, redundant or uninformative telemetry attribute"
dns_RD,Processed_Network_dataset,Network_dataset_19.csv,str,Ignored Attribute,Unmapped,"Constant, redundant or uninformative telemetry attribute"
dns_RA,Processed_Network_dataset,Network_dataset_19.csv,str,Ignored Attribute,Unmapped,"Constant, redundant or uninformative telemetry attribute"
dns_rejected,Processed_Network_dataset,Network_dataset_19.csv,str,Ignored Attribute,Unmapped,"Constant, redundant or uninformative telemetry attribute"
ssl_version,Processed_Network_dataset,Network_dataset_19.csv,str,Ignored Attribute,Unmapped,"Constant, redundant or uninformative telemetry attribute"
ssl_cipher,Processed_Network_dataset,Network_dataset_19.csv,str,Ignored Attribute,Unmapped,"Constant, redundant or uninformative telemetry attribute"
ssl_resumed,Processed_Network_dataset,Network_dataset_19.csv,str,Ignored Attribute,Unmapped,"Constant, redundant or uninformative telemetry attribute"
ssl_established,Processed_Network_dataset,Network_dataset_19.csv,str,Ignored Attribute,Unmapped,"Constant, redundant or uninformative telemetry attribute"
ssl_subject,Processed_Network_dataset,Network_dataset_19.csv,str,Ignored Attribute,Unmapped,"Constant, redundant or uninformative telemetry attribute"
ssl_issuer,Processed_Network_dataset,Network_dataset_19.csv,str,Ignored Attribute,Unmapped,"Constant, redundant or uninformative telemetry attribute"
http_trans_depth,Processed_Network_dataset,Network_dataset_19.csv,str,Ignored Attribute,Unmapped,"Constant, redundant or uninformative telemetry attribute"
http_method,Processed_Network_dataset,Network_dataset_19.csv,str,Ignored Attribute,Unmapped,"Constant, redundant or uninformative telemetry attribute"
http_uri,Processed_Network_dataset,Network_dataset_19.csv,str,Ignored Attribute,Unmapped,"Constant, redundant or uninformative telemetry attribute"
http_referrer,Processed_Network_dataset,Network_dataset_19.csv,str,Ignored Attribute,Unmapped,"Constant, redundant or uninformative telemetry attribute"
http_version,Processed_Network_dataset,Network_dataset_19.csv,str,Ignored Attribute,Unmapped,"Constant, redundant or uninformative telemetry attribute"
http_request_body_len,Processed_Network_dataset,Network_dataset_19.csv,int64,Ignored Attribute,Unmapped,"Constant, redundant or uninformative telemetry attribute"
http_response_body_len,Processed_Network_dataset,Network_dataset_19.csv,int64,Ignored Attribute,Unmapped,"Constant, redundant or uninformative telemetry attribute"
http_status_code,Processed_Network_dataset,Network_dataset_19.csv,int64,Relationship Attribute,Edge Property / Relationship,Defines dynamic interaction or connection property
http_user_agent,Processed_Network_dataset,Network_dataset_19.csv,str,Graph Entity,User,Serves as primary node representation for User
http_orig_mime_types,Processed_Network_dataset,Network_dataset_19.csv,str,Metadata Attribute,Temporal / Ground Truth Label,Provides temporal context or security ground-truth label
http_resp_mime_types,Processed_Network_dataset,Network_dataset_19.csv,str,Metadata Attribute,Temporal / Ground Truth Label,Provides temporal context or security ground-truth label
weird_name,Processed_Network_dataset,Network_dataset_19.csv,str,Graph Entity,Event,Serves as primary node representation for Event
weird_addl,Processed_Network_dataset,Network_dataset_19.csv,str,Ignored Attribute,Unmapped,"Constant, redundant or uninformative telemetry attribute"
weird_notice,Processed_Network_dataset,Network_dataset_19.csv,str,Ignored Attribute,Unmapped,"Constant, redundant or uninformative telemetry attribute"
label,Processed_Network_dataset,Network_dataset_19.csv,int64,Graph Entity,Event,Serves as primary node representation for Event
type,Processed_Network_dataset,Network_dataset_19.csv,str,Graph Entity,Event,Serves as primary node representation for Event
ts,Processed_Network_dataset,Network_dataset_2.csv,int64,Metadata Attribute,Temporal / Ground Truth Label,Provides temporal context or security ground-truth label
src_ip,Processed_Network_dataset,Network_dataset_2.csv,str,Graph Entity,Source IP,Serves as primary node representation for Source IP
src_port,Processed_Network_dataset,Network_dataset_2.csv,int64,Relationship Attribute,Edge Property / Relationship,Defines dynamic interaction or connection property
dst_ip,Processed_Network_dataset,Network_dataset_2.csv,str,Graph Entity,Destination IP,Serves as primary node representation for Destination IP
dst_port,Processed_Network_dataset,Network_dataset_2.csv,int64,Relationship Attribute,Edge Property / Relationship,Defines dynamic interaction or connection property
proto,Processed_Network_dataset,Network_dataset_2.csv,str,Graph Entity,Protocol,Serves as primary node representation for Protocol
service,Processed_Network_dataset,Network_dataset_2.csv,str,Graph Entity,Service,Serves as primary node representation for Service
duration,Processed_Network_dataset,Network_dataset_2.csv,float64,Graph Attribute,Node Feature Vector,Numerical telemetry or performance metric for entity
src_bytes,Processed_Network_dataset,Network_dataset_2.csv,int64,Graph Attribute,Node Feature Vector,Numerical telemetry or performance metric for entity
dst_bytes,Processed_Network_dataset,Network_dataset_2.csv,int64,Graph Attribute,Node Feature Vector,Numerical telemetry or performance metric for entity
conn_state,Processed_Network_dataset,Network_dataset_2.csv,str,Graph Entity,Event,Serves as primary node representation for Event
missed_bytes,Processed_Network_dataset,Network_dataset_2.csv,int64,Graph Attribute,Node Feature Vector,Numerical telemetry or performance metric for entity
src_pkts,Processed_Network_dataset,Network_dataset_2.csv,int64,Metadata Attribute,Temporal / Ground Truth Label,Provides temporal context or security ground-truth label
src_ip_bytes,Processed_Network_dataset,Network_dataset_2.csv,int64,Graph Entity,Source IP,Serves as primary node representation for Source IP
dst_pkts,Processed_Network_dataset,Network_dataset_2.csv,int64,Metadata Attribute,Temporal / Ground Truth Label,Provides temporal context or security ground-truth label
dst_ip_bytes,Processed_Network_dataset,Network_dataset_2.csv,int64,Graph Entity,Destination IP,Serves as primary node representation for Destination IP
dns_query,Processed_Network_dataset,Network_dataset_2.csv,str,Ignored Attribute,Unmapped,"Constant, redundant or uninformative telemetry attribute"
dns_qclass,Processed_Network_dataset,Network_dataset_2.csv,int64,Metadata Attribute,Temporal / Ground Truth Label,Provides temporal context or security ground-truth label
dns_qtype,Processed_Network_dataset,Network_dataset_2.csv,int64,Metadata Attribute,Temporal / Ground Truth Label,Provides temporal context or security ground-truth label
dns_rcode,Processed_Network_dataset,Network_dataset_2.csv,int64,Ignored Attribute,Unmapped,"Constant, redundant or uninformative telemetry attribute"
dns_AA,Processed_Network_dataset,Network_dataset_2.csv,str,Ignored Attribute,Unmapped,"Constant, redundant or uninformative telemetry attribute"
dns_RD,Processed_Network_dataset,Network_dataset_2.csv,str,Ignored Attribute,Unmapped,"Constant, redundant or uninformative telemetry attribute"
dns_RA,Processed_Network_dataset,Network_dataset_2.csv,str,Ignored Attribute,Unmapped,"Constant, redundant or uninformative telemetry attribute"
dns_rejected,Processed_Network_dataset,Network_dataset_2.csv,str,Ignored Attribute,Unmapped,"Constant, redundant or uninformative telemetry attribute"
ssl_version,Processed_Network_dataset,Network_dataset_2.csv,str,Ignored Attribute,Unmapped,"Constant, redundant or uninformative telemetry attribute"
ssl_cipher,Processed_Network_dataset,Network_dataset_2.csv,str,Ignored Attribute,Unmapped,"Constant, redundant or uninformative telemetry attribute"
ssl_resumed,Processed_Network_dataset,Network_dataset_2.csv,str,Ignored Attribute,Unmapped,"Constant, redundant or uninformative telemetry attribute"
ssl_established,Processed_Network_dataset,Network_dataset_2.csv,str,Ignored Attribute,Unmapped,"Constant, redundant or uninformative telemetry attribute"
ssl_subject,Processed_Network_dataset,Network_dataset_2.csv,str,Ignored Attribute,Unmapped,"Constant, redundant or uninformative telemetry attribute"
ssl_issuer,Processed_Network_dataset,Network_dataset_2.csv,str,Ignored Attribute,Unmapped,"Constant, redundant or uninformative telemetry attribute"
http_trans_depth,Processed_Network_dataset,Network_dataset_2.csv,str,Ignored Attribute,Unmapped,"Constant, redundant or uninformative telemetry attribute"
http_method,Processed_Network_dataset,Network_dataset_2.csv,str,Ignored Attribute,Unmapped,"Constant, redundant or uninformative telemetry attribute"
http_uri,Processed_Network_dataset,Network_dataset_2.csv,str,Ignored Attribute,Unmapped,"Constant, redundant or uninformative telemetry attribute"
http_referrer,Processed_Network_dataset,Network_dataset_2.csv,str,Ignored Attribute,Unmapped,"Constant, redundant or uninformative telemetry attribute"
http_version,Processed_Network_dataset,Network_dataset_2.csv,str,Ignored Attribute,Unmapped,"Constant, redundant or uninformative telemetry attribute"
http_request_body_len,Processed_Network_dataset,Network_dataset_2.csv,int64,Ignored Attribute,Unmapped,"Constant, redundant or uninformative telemetry attribute"
http_response_body_len,Processed_Network_dataset,Network_dataset_2.csv,int64,Ignored Attribute,Unmapped,"Constant, redundant or uninformative telemetry attribute"
http_status_code,Processed_Network_dataset,Network_dataset_2.csv,int64,Relationship Attribute,Edge Property / Relationship,Defines dynamic interaction or connection property
http_user_agent,Processed_Network_dataset,Network_dataset_2.csv,str,Graph Entity,User,Serves as primary node representation for User
http_orig_mime_types,Processed_Network_dataset,Network_dataset_2.csv,str,Metadata Attribute,Temporal / Ground Truth Label,Provides temporal context or security ground-truth label
http_resp_mime_types,Processed_Network_dataset,Network_dataset_2.csv,str,Metadata Attribute,Temporal / Ground Truth Label,Provides temporal context or security ground-truth label
weird_name,Processed_Network_dataset,Network_dataset_2.csv,str,Graph Entity,Event,Serves as primary node representation for Event
weird_addl,Processed_Network_dataset,Network_dataset_2.csv,str,Ignored Attribute,Unmapped,"Constant, redundant or uninformative telemetry attribute"
weird_notice,Processed_Network_dataset,Network_dataset_2.csv,str,Ignored Attribute,Unmapped,"Constant, redundant or uninformative telemetry attribute"
label,Processed_Network_dataset,Network_dataset_2.csv,int64,Graph Entity,Event,Serves as primary node representation for Event
type,Processed_Network_dataset,Network_dataset_2.csv,str,Graph Entity,Event,Serves as primary node representation for Event
ts,Processed_Network_dataset,Network_dataset_20.csv,int64,Metadata Attribute,Temporal / Ground Truth Label,Provides temporal context or security ground-truth label
src_ip,Processed_Network_dataset,Network_dataset_20.csv,str,Graph Entity,Source IP,Serves as primary node representation for Source IP
src_port,Processed_Network_dataset,Network_dataset_20.csv,int64,Relationship Attribute,Edge Property / Relationship,Defines dynamic interaction or connection property
dst_ip,Processed_Network_dataset,Network_dataset_20.csv,str,Graph Entity,Destination IP,Serves as primary node representation for Destination IP
dst_port,Processed_Network_dataset,Network_dataset_20.csv,int64,Relationship Attribute,Edge Property / Relationship,Defines dynamic interaction or connection property
proto,Processed_Network_dataset,Network_dataset_20.csv,str,Graph Entity,Protocol,Serves as primary node representation for Protocol
service,Processed_Network_dataset,Network_dataset_20.csv,str,Graph Entity,Service,Serves as primary node representation for Service
duration,Processed_Network_dataset,Network_dataset_20.csv,float64,Graph Attribute,Node Feature Vector,Numerical telemetry or performance metric for entity
src_bytes,Processed_Network_dataset,Network_dataset_20.csv,int64,Graph Attribute,Node Feature Vector,Numerical telemetry or performance metric for entity
dst_bytes,Processed_Network_dataset,Network_dataset_20.csv,int64,Graph Attribute,Node Feature Vector,Numerical telemetry or performance metric for entity
conn_state,Processed_Network_dataset,Network_dataset_20.csv,str,Graph Entity,Event,Serves as primary node representation for Event
missed_bytes,Processed_Network_dataset,Network_dataset_20.csv,int64,Graph Attribute,Node Feature Vector,Numerical telemetry or performance metric for entity
src_pkts,Processed_Network_dataset,Network_dataset_20.csv,int64,Metadata Attribute,Temporal / Ground Truth Label,Provides temporal context or security ground-truth label
src_ip_bytes,Processed_Network_dataset,Network_dataset_20.csv,int64,Graph Entity,Source IP,Serves as primary node representation for Source IP
dst_pkts,Processed_Network_dataset,Network_dataset_20.csv,int64,Metadata Attribute,Temporal / Ground Truth Label,Provides temporal context or security ground-truth label
dst_ip_bytes,Processed_Network_dataset,Network_dataset_20.csv,int64,Graph Entity,Destination IP,Serves as primary node representation for Destination IP
dns_query,Processed_Network_dataset,Network_dataset_20.csv,str,Ignored Attribute,Unmapped,"Constant, redundant or uninformative telemetry attribute"
dns_qclass,Processed_Network_dataset,Network_dataset_20.csv,int64,Metadata Attribute,Temporal / Ground Truth Label,Provides temporal context or security ground-truth label
dns_qtype,Processed_Network_dataset,Network_dataset_20.csv,int64,Metadata Attribute,Temporal / Ground Truth Label,Provides temporal context or security ground-truth label
dns_rcode,Processed_Network_dataset,Network_dataset_20.csv,int64,Ignored Attribute,Unmapped,"Constant, redundant or uninformative telemetry attribute"
dns_AA,Processed_Network_dataset,Network_dataset_20.csv,str,Ignored Attribute,Unmapped,"Constant, redundant or uninformative telemetry attribute"
dns_RD,Processed_Network_dataset,Network_dataset_20.csv,str,Ignored Attribute,Unmapped,"Constant, redundant or uninformative telemetry attribute"
dns_RA,Processed_Network_dataset,Network_dataset_20.csv,str,Ignored Attribute,Unmapped,"Constant, redundant or uninformative telemetry attribute"
dns_rejected,Processed_Network_dataset,Network_dataset_20.csv,str,Ignored Attribute,Unmapped,"Constant, redundant or uninformative telemetry attribute"
ssl_version,Processed_Network_dataset,Network_dataset_20.csv,str,Ignored Attribute,Unmapped,"Constant, redundant or uninformative telemetry attribute"
ssl_cipher,Processed_Network_dataset,Network_dataset_20.csv,str,Ignored Attribute,Unmapped,"Constant, redundant or uninformative telemetry attribute"
ssl_resumed,Processed_Network_dataset,Network_dataset_20.csv,str,Ignored Attribute,Unmapped,"Constant, redundant or uninformative telemetry attribute"
ssl_established,Processed_Network_dataset,Network_dataset_20.csv,str,Ignored Attribute,Unmapped,"Constant, redundant or uninformative telemetry attribute"
ssl_subject,Processed_Network_dataset,Network_dataset_20.csv,str,Ignored Attribute,Unmapped,"Constant, redundant or uninformative telemetry attribute"
ssl_issuer,Processed_Network_dataset,Network_dataset_20.csv,str,Ignored Attribute,Unmapped,"Constant, redundant or uninformative telemetry attribute"
http_trans_depth,Processed_Network_dataset,Network_dataset_20.csv,str,Ignored Attribute,Unmapped,"Constant, redundant or uninformative telemetry attribute"
http_method,Processed_Network_dataset,Network_dataset_20.csv,str,Ignored Attribute,Unmapped,"Constant, redundant or uninformative telemetry attribute"
http_uri,Processed_Network_dataset,Network_dataset_20.csv,str,Ignored Attribute,Unmapped,"Constant, redundant or uninformative telemetry attribute"
http_referrer,Processed_Network_dataset,Network_dataset_20.csv,str,Ignored Attribute,Unmapped,"Constant, redundant or uninformative telemetry attribute"
http_version,Processed_Network_dataset,Network_dataset_20.csv,str,Ignored Attribute,Unmapped,"Constant, redundant or uninformative telemetry attribute"
http_request_body_len,Processed_Network_dataset,Network_dataset_20.csv,int64,Ignored Attribute,Unmapped,"Constant, redundant or uninformative telemetry attribute"
http_response_body_len,Processed_Network_dataset,Network_dataset_20.csv,int64,Ignored Attribute,Unmapped,"Constant, redundant or uninformative telemetry attribute"
http_status_code,Processed_Network_dataset,Network_dataset_20.csv,int64,Relationship Attribute,Edge Property / Relationship,Defines dynamic interaction or connection property
http_user_agent,Processed_Network_dataset,Network_dataset_20.csv,str,Graph Entity,User,Serves as primary node representation for User
http_orig_mime_types,Processed_Network_dataset,Network_dataset_20.csv,str,Metadata Attribute,Temporal / Ground Truth Label,Provides temporal context or security ground-truth label
http_resp_mime_types,Processed_Network_dataset,Network_dataset_20.csv,str,Metadata Attribute,Temporal / Ground Truth Label,Provides temporal context or security ground-truth label
weird_name,Processed_Network_dataset,Network_dataset_20.csv,str,Graph Entity,Event,Serves as primary node representation for Event
weird_addl,Processed_Network_dataset,Network_dataset_20.csv,str,Ignored Attribute,Unmapped,"Constant, redundant or uninformative telemetry attribute"
weird_notice,Processed_Network_dataset,Network_dataset_20.csv,str,Ignored Attribute,Unmapped,"Constant, redundant or uninformative telemetry attribute"
label,Processed_Network_dataset,Network_dataset_20.csv,int64,Graph Entity,Event,Serves as primary node representation for Event
type,Processed_Network_dataset,Network_dataset_20.csv,str,Graph Entity,Event,Serves as primary node representation for Event
ts,Processed_Network_dataset,Network_dataset_21.csv,int64,Metadata Attribute,Temporal / Ground Truth Label,Provides temporal context or security ground-truth label
src_ip,Processed_Network_dataset,Network_dataset_21.csv,str,Graph Entity,Source IP,Serves as primary node representation for Source IP
src_port,Processed_Network_dataset,Network_dataset_21.csv,int64,Relationship Attribute,Edge Property / Relationship,Defines dynamic interaction or connection property
dst_ip,Processed_Network_dataset,Network_dataset_21.csv,str,Graph Entity,Destination IP,Serves as primary node representation for Destination IP
dst_port,Processed_Network_dataset,Network_dataset_21.csv,int64,Relationship Attribute,Edge Property / Relationship,Defines dynamic interaction or connection property
proto,Processed_Network_dataset,Network_dataset_21.csv,str,Graph Entity,Protocol,Serves as primary node representation for Protocol
service,Processed_Network_dataset,Network_dataset_21.csv,str,Graph Entity,Service,Serves as primary node representation for Service
duration,Processed_Network_dataset,Network_dataset_21.csv,float64,Graph Attribute,Node Feature Vector,Numerical telemetry or performance metric for entity
src_bytes,Processed_Network_dataset,Network_dataset_21.csv,int64,Graph Attribute,Node Feature Vector,Numerical telemetry or performance metric for entity
dst_bytes,Processed_Network_dataset,Network_dataset_21.csv,int64,Graph Attribute,Node Feature Vector,Numerical telemetry or performance metric for entity
conn_state,Processed_Network_dataset,Network_dataset_21.csv,str,Graph Entity,Event,Serves as primary node representation for Event
missed_bytes,Processed_Network_dataset,Network_dataset_21.csv,int64,Graph Attribute,Node Feature Vector,Numerical telemetry or performance metric for entity
src_pkts,Processed_Network_dataset,Network_dataset_21.csv,int64,Metadata Attribute,Temporal / Ground Truth Label,Provides temporal context or security ground-truth label
src_ip_bytes,Processed_Network_dataset,Network_dataset_21.csv,int64,Graph Entity,Source IP,Serves as primary node representation for Source IP
dst_pkts,Processed_Network_dataset,Network_dataset_21.csv,int64,Metadata Attribute,Temporal / Ground Truth Label,Provides temporal context or security ground-truth label
dst_ip_bytes,Processed_Network_dataset,Network_dataset_21.csv,int64,Graph Entity,Destination IP,Serves as primary node representation for Destination IP
dns_query,Processed_Network_dataset,Network_dataset_21.csv,str,Ignored Attribute,Unmapped,"Constant, redundant or uninformative telemetry attribute"
dns_qclass,Processed_Network_dataset,Network_dataset_21.csv,int64,Metadata Attribute,Temporal / Ground Truth Label,Provides temporal context or security ground-truth label
dns_qtype,Processed_Network_dataset,Network_dataset_21.csv,int64,Metadata Attribute,Temporal / Ground Truth Label,Provides temporal context or security ground-truth label
dns_rcode,Processed_Network_dataset,Network_dataset_21.csv,int64,Ignored Attribute,Unmapped,"Constant, redundant or uninformative telemetry attribute"
dns_AA,Processed_Network_dataset,Network_dataset_21.csv,str,Ignored Attribute,Unmapped,"Constant, redundant or uninformative telemetry attribute"
dns_RD,Processed_Network_dataset,Network_dataset_21.csv,str,Ignored Attribute,Unmapped,"Constant, redundant or uninformative telemetry attribute"
dns_RA,Processed_Network_dataset,Network_dataset_21.csv,str,Ignored Attribute,Unmapped,"Constant, redundant or uninformative telemetry attribute"
dns_rejected,Processed_Network_dataset,Network_dataset_21.csv,str,Ignored Attribute,Unmapped,"Constant, redundant or uninformative telemetry attribute"
ssl_version,Processed_Network_dataset,Network_dataset_21.csv,str,Ignored Attribute,Unmapped,"Constant, redundant or uninformative telemetry attribute"
ssl_cipher,Processed_Network_dataset,Network_dataset_21.csv,str,Ignored Attribute,Unmapped,"Constant, redundant or uninformative telemetry attribute"
ssl_resumed,Processed_Network_dataset,Network_dataset_21.csv,str,Ignored Attribute,Unmapped,"Constant, redundant or uninformative telemetry attribute"
ssl_established,Processed_Network_dataset,Network_dataset_21.csv,str,Ignored Attribute,Unmapped,"Constant, redundant or uninformative telemetry attribute"
ssl_subject,Processed_Network_dataset,Network_dataset_21.csv,str,Ignored Attribute,Unmapped,"Constant, redundant or uninformative telemetry attribute"
ssl_issuer,Processed_Network_dataset,Network_dataset_21.csv,str,Ignored Attribute,Unmapped,"Constant, redundant or uninformative telemetry attribute"
http_trans_depth,Processed_Network_dataset,Network_dataset_21.csv,str,Ignored Attribute,Unmapped,"Constant, redundant or uninformative telemetry attribute"
http_method,Processed_Network_dataset,Network_dataset_21.csv,str,Ignored Attribute,Unmapped,"Constant, redundant or uninformative telemetry attribute"
http_uri,Processed_Network_dataset,Network_dataset_21.csv,str,Ignored Attribute,Unmapped,"Constant, redundant or uninformative telemetry attribute"
http_referrer,Processed_Network_dataset,Network_dataset_21.csv,str,Ignored Attribute,Unmapped,"Constant, redundant or uninformative telemetry attribute"
http_version,Processed_Network_dataset,Network_dataset_21.csv,str,Ignored Attribute,Unmapped,"Constant, redundant or uninformative telemetry attribute"
http_request_body_len,Processed_Network_dataset,Network_dataset_21.csv,int64,Ignored Attribute,Unmapped,"Constant, redundant or uninformative telemetry attribute"
http_response_body_len,Processed_Network_dataset,Network_dataset_21.csv,int64,Ignored Attribute,Unmapped,"Constant, redundant or uninformative telemetry attribute"
http_status_code,Processed_Network_dataset,Network_dataset_21.csv,int64,Relationship Attribute,Edge Property / Relationship,Defines dynamic interaction or connection property
http_user_agent,Processed_Network_dataset,Network_dataset_21.csv,str,Graph Entity,User,Serves as primary node representation for User
http_orig_mime_types,Processed_Network_dataset,Network_dataset_21.csv,str,Metadata Attribute,Temporal / Ground Truth Label,Provides temporal context or security ground-truth label
http_resp_mime_types,Processed_Network_dataset,Network_dataset_21.csv,str,Metadata Attribute,Temporal / Ground Truth Label,Provides temporal context or security ground-truth label
weird_name,Processed_Network_dataset,Network_dataset_21.csv,str,Graph Entity,Event,Serves as primary node representation for Event
weird_addl,Processed_Network_dataset,Network_dataset_21.csv,str,Ignored Attribute,Unmapped,"Constant, redundant or uninformative telemetry attribute"
weird_notice,Processed_Network_dataset,Network_dataset_21.csv,str,Ignored Attribute,Unmapped,"Constant, redundant or uninformative telemetry attribute"
label,Processed_Network_dataset,Network_dataset_21.csv,int64,Graph Entity,Event,Serves as primary node representation for Event
type,Processed_Network_dataset,Network_dataset_21.csv,str,Graph Entity,Event,Serves as primary node representation for Event
ts,Processed_Network_dataset,Network_dataset_22.csv,int64,Metadata Attribute,Temporal / Ground Truth Label,Provides temporal context or security ground-truth label
src_ip,Processed_Network_dataset,Network_dataset_22.csv,str,Graph Entity,Source IP,Serves as primary node representation for Source IP
src_port,Processed_Network_dataset,Network_dataset_22.csv,int64,Relationship Attribute,Edge Property / Relationship,Defines dynamic interaction or connection property
dst_ip,Processed_Network_dataset,Network_dataset_22.csv,str,Graph Entity,Destination IP,Serves as primary node representation for Destination IP
dst_port,Processed_Network_dataset,Network_dataset_22.csv,int64,Relationship Attribute,Edge Property / Relationship,Defines dynamic interaction or connection property
proto,Processed_Network_dataset,Network_dataset_22.csv,str,Graph Entity,Protocol,Serves as primary node representation for Protocol
service,Processed_Network_dataset,Network_dataset_22.csv,str,Graph Entity,Service,Serves as primary node representation for Service
duration,Processed_Network_dataset,Network_dataset_22.csv,float64,Graph Attribute,Node Feature Vector,Numerical telemetry or performance metric for entity
src_bytes,Processed_Network_dataset,Network_dataset_22.csv,int64,Graph Attribute,Node Feature Vector,Numerical telemetry or performance metric for entity
dst_bytes,Processed_Network_dataset,Network_dataset_22.csv,int64,Graph Attribute,Node Feature Vector,Numerical telemetry or performance metric for entity
conn_state,Processed_Network_dataset,Network_dataset_22.csv,str,Graph Entity,Event,Serves as primary node representation for Event
missed_bytes,Processed_Network_dataset,Network_dataset_22.csv,int64,Graph Attribute,Node Feature Vector,Numerical telemetry or performance metric for entity
src_pkts,Processed_Network_dataset,Network_dataset_22.csv,int64,Metadata Attribute,Temporal / Ground Truth Label,Provides temporal context or security ground-truth label
src_ip_bytes,Processed_Network_dataset,Network_dataset_22.csv,int64,Graph Entity,Source IP,Serves as primary node representation for Source IP
dst_pkts,Processed_Network_dataset,Network_dataset_22.csv,int64,Metadata Attribute,Temporal / Ground Truth Label,Provides temporal context or security ground-truth label
dst_ip_bytes,Processed_Network_dataset,Network_dataset_22.csv,int64,Graph Entity,Destination IP,Serves as primary node representation for Destination IP
dns_query,Processed_Network_dataset,Network_dataset_22.csv,str,Ignored Attribute,Unmapped,"Constant, redundant or uninformative telemetry attribute"
dns_qclass,Processed_Network_dataset,Network_dataset_22.csv,int64,Metadata Attribute,Temporal / Ground Truth Label,Provides temporal context or security ground-truth label
dns_qtype,Processed_Network_dataset,Network_dataset_22.csv,int64,Metadata Attribute,Temporal / Ground Truth Label,Provides temporal context or security ground-truth label
dns_rcode,Processed_Network_dataset,Network_dataset_22.csv,int64,Ignored Attribute,Unmapped,"Constant, redundant or uninformative telemetry attribute"
dns_AA,Processed_Network_dataset,Network_dataset_22.csv,str,Ignored Attribute,Unmapped,"Constant, redundant or uninformative telemetry attribute"
dns_RD,Processed_Network_dataset,Network_dataset_22.csv,str,Ignored Attribute,Unmapped,"Constant, redundant or uninformative telemetry attribute"
dns_RA,Processed_Network_dataset,Network_dataset_22.csv,str,Ignored Attribute,Unmapped,"Constant, redundant or uninformative telemetry attribute"
dns_rejected,Processed_Network_dataset,Network_dataset_22.csv,str,Ignored Attribute,Unmapped,"Constant, redundant or uninformative telemetry attribute"
ssl_version,Processed_Network_dataset,Network_dataset_22.csv,str,Ignored Attribute,Unmapped,"Constant, redundant or uninformative telemetry attribute"
ssl_cipher,Processed_Network_dataset,Network_dataset_22.csv,str,Ignored Attribute,Unmapped,"Constant, redundant or uninformative telemetry attribute"
ssl_resumed,Processed_Network_dataset,Network_dataset_22.csv,str,Ignored Attribute,Unmapped,"Constant, redundant or uninformative telemetry attribute"
ssl_established,Processed_Network_dataset,Network_dataset_22.csv,str,Ignored Attribute,Unmapped,"Constant, redundant or uninformative telemetry attribute"
ssl_subject,Processed_Network_dataset,Network_dataset_22.csv,str,Ignored Attribute,Unmapped,"Constant, redundant or uninformative telemetry attribute"
ssl_issuer,Processed_Network_dataset,Network_dataset_22.csv,str,Ignored Attribute,Unmapped,"Constant, redundant or uninformative telemetry attribute"
http_trans_depth,Processed_Network_dataset,Network_dataset_22.csv,str,Ignored Attribute,Unmapped,"Constant, redundant or uninformative telemetry attribute"
http_method,Processed_Network_dataset,Network_dataset_22.csv,str,Ignored Attribute,Unmapped,"Constant, redundant or uninformative telemetry attribute"
http_uri,Processed_Network_dataset,Network_dataset_22.csv,str,Ignored Attribute,Unmapped,"Constant, redundant or uninformative telemetry attribute"
http_referrer,Processed_Network_dataset,Network_dataset_22.csv,str,Ignored Attribute,Unmapped,"Constant, redundant or uninformative telemetry attribute"
http_version,Processed_Network_dataset,Network_dataset_22.csv,str,Ignored Attribute,Unmapped,"Constant, redundant or uninformative telemetry attribute"
http_request_body_len,Processed_Network_dataset,Network_dataset_22.csv,int64,Ignored Attribute,Unmapped,"Constant, redundant or uninformative telemetry attribute"
http_response_body_len,Processed_Network_dataset,Network_dataset_22.csv,int64,Ignored Attribute,Unmapped,"Constant, redundant or uninformative telemetry attribute"
http_status_code,Processed_Network_dataset,Network_dataset_22.csv,int64,Relationship Attribute,Edge Property / Relationship,Defines dynamic interaction or connection property
http_user_agent,Processed_Network_dataset,Network_dataset_22.csv,str,Graph Entity,User,Serves as primary node representation for User
http_orig_mime_types,Processed_Network_dataset,Network_dataset_22.csv,str,Metadata Attribute,Temporal / Ground Truth Label,Provides temporal context or security ground-truth label
http_resp_mime_types,Processed_Network_dataset,Network_dataset_22.csv,str,Metadata Attribute,Temporal / Ground Truth Label,Provides temporal context or security ground-truth label
weird_name,Processed_Network_dataset,Network_dataset_22.csv,str,Graph Entity,Event,Serves as primary node representation for Event
weird_addl,Processed_Network_dataset,Network_dataset_22.csv,str,Ignored Attribute,Unmapped,"Constant, redundant or uninformative telemetry attribute"
weird_notice,Processed_Network_dataset,Network_dataset_22.csv,str,Ignored Attribute,Unmapped,"Constant, redundant or uninformative telemetry attribute"
label,Processed_Network_dataset,Network_dataset_22.csv,int64,Graph Entity,Event,Serves as primary node representation for Event
type,Processed_Network_dataset,Network_dataset_22.csv,str,Graph Entity,Event,Serves as primary node representation for Event
ts,Processed_Network_dataset,Network_dataset_23.csv,int64,Metadata Attribute,Temporal / Ground Truth Label,Provides temporal context or security ground-truth label
src_ip,Processed_Network_dataset,Network_dataset_23.csv,str,Graph Entity,Source IP,Serves as primary node representation for Source IP
src_port,Processed_Network_dataset,Network_dataset_23.csv,int64,Relationship Attribute,Edge Property / Relationship,Defines dynamic interaction or connection property
dst_ip,Processed_Network_dataset,Network_dataset_23.csv,str,Graph Entity,Destination IP,Serves as primary node representation for Destination IP
dst_port,Processed_Network_dataset,Network_dataset_23.csv,int64,Relationship Attribute,Edge Property / Relationship,Defines dynamic interaction or connection property
proto,Processed_Network_dataset,Network_dataset_23.csv,str,Graph Entity,Protocol,Serves as primary node representation for Protocol
service,Processed_Network_dataset,Network_dataset_23.csv,str,Graph Entity,Service,Serves as primary node representation for Service
duration,Processed_Network_dataset,Network_dataset_23.csv,float64,Graph Attribute,Node Feature Vector,Numerical telemetry or performance metric for entity
src_bytes,Processed_Network_dataset,Network_dataset_23.csv,int64,Graph Attribute,Node Feature Vector,Numerical telemetry or performance metric for entity
dst_bytes,Processed_Network_dataset,Network_dataset_23.csv,int64,Graph Attribute,Node Feature Vector,Numerical telemetry or performance metric for entity
conn_state,Processed_Network_dataset,Network_dataset_23.csv,str,Graph Entity,Event,Serves as primary node representation for Event
missed_bytes,Processed_Network_dataset,Network_dataset_23.csv,int64,Graph Attribute,Node Feature Vector,Numerical telemetry or performance metric for entity
src_pkts,Processed_Network_dataset,Network_dataset_23.csv,int64,Metadata Attribute,Temporal / Ground Truth Label,Provides temporal context or security ground-truth label
src_ip_bytes,Processed_Network_dataset,Network_dataset_23.csv,int64,Graph Entity,Source IP,Serves as primary node representation for Source IP
dst_pkts,Processed_Network_dataset,Network_dataset_23.csv,int64,Metadata Attribute,Temporal / Ground Truth Label,Provides temporal context or security ground-truth label
dst_ip_bytes,Processed_Network_dataset,Network_dataset_23.csv,int64,Graph Entity,Destination IP,Serves as primary node representation for Destination IP
dns_query,Processed_Network_dataset,Network_dataset_23.csv,str,Ignored Attribute,Unmapped,"Constant, redundant or uninformative telemetry attribute"
dns_qclass,Processed_Network_dataset,Network_dataset_23.csv,int64,Metadata Attribute,Temporal / Ground Truth Label,Provides temporal context or security ground-truth label
dns_qtype,Processed_Network_dataset,Network_dataset_23.csv,int64,Metadata Attribute,Temporal / Ground Truth Label,Provides temporal context or security ground-truth label
dns_rcode,Processed_Network_dataset,Network_dataset_23.csv,int64,Ignored Attribute,Unmapped,"Constant, redundant or uninformative telemetry attribute"
dns_AA,Processed_Network_dataset,Network_dataset_23.csv,str,Ignored Attribute,Unmapped,"Constant, redundant or uninformative telemetry attribute"
dns_RD,Processed_Network_dataset,Network_dataset_23.csv,str,Ignored Attribute,Unmapped,"Constant, redundant or uninformative telemetry attribute"
dns_RA,Processed_Network_dataset,Network_dataset_23.csv,str,Ignored Attribute,Unmapped,"Constant, redundant or uninformative telemetry attribute"
dns_rejected,Processed_Network_dataset,Network_dataset_23.csv,str,Ignored Attribute,Unmapped,"Constant, redundant or uninformative telemetry attribute"
ssl_version,Processed_Network_dataset,Network_dataset_23.csv,str,Ignored Attribute,Unmapped,"Constant, redundant or uninformative telemetry attribute"
ssl_cipher,Processed_Network_dataset,Network_dataset_23.csv,str,Ignored Attribute,Unmapped,"Constant, redundant or uninformative telemetry attribute"
ssl_resumed,Processed_Network_dataset,Network_dataset_23.csv,str,Ignored Attribute,Unmapped,"Constant, redundant or uninformative telemetry attribute"
ssl_established,Processed_Network_dataset,Network_dataset_23.csv,str,Ignored Attribute,Unmapped,"Constant, redundant or uninformative telemetry attribute"
ssl_subject,Processed_Network_dataset,Network_dataset_23.csv,str,Ignored Attribute,Unmapped,"Constant, redundant or uninformative telemetry attribute"
ssl_issuer,Processed_Network_dataset,Network_dataset_23.csv,str,Ignored Attribute,Unmapped,"Constant, redundant or uninformative telemetry attribute"
http_trans_depth,Processed_Network_dataset,Network_dataset_23.csv,str,Ignored Attribute,Unmapped,"Constant, redundant or uninformative telemetry attribute"
http_method,Processed_Network_dataset,Network_dataset_23.csv,str,Ignored Attribute,Unmapped,"Constant, redundant or uninformative telemetry attribute"
http_uri,Processed_Network_dataset,Network_dataset_23.csv,str,Ignored Attribute,Unmapped,"Constant, redundant or uninformative telemetry attribute"
http_referrer,Processed_Network_dataset,Network_dataset_23.csv,str,Ignored Attribute,Unmapped,"Constant, redundant or uninformative telemetry attribute"
http_version,Processed_Network_dataset,Network_dataset_23.csv,str,Ignored Attribute,Unmapped,"Constant, redundant or uninformative telemetry attribute"
http_request_body_len,Processed_Network_dataset,Network_dataset_23.csv,int64,Ignored Attribute,Unmapped,"Constant, redundant or uninformative telemetry attribute"
http_response_body_len,Processed_Network_dataset,Network_dataset_23.csv,int64,Ignored Attribute,Unmapped,"Constant, redundant or uninformative telemetry attribute"
http_status_code,Processed_Network_dataset,Network_dataset_23.csv,int64,Relationship Attribute,Edge Property / Relationship,Defines dynamic interaction or connection property
http_user_agent,Processed_Network_dataset,Network_dataset_23.csv,str,Graph Entity,User,Serves as primary node representation for User
http_orig_mime_types,Processed_Network_dataset,Network_dataset_23.csv,str,Metadata Attribute,Temporal / Ground Truth Label,Provides temporal context or security ground-truth label
http_resp_mime_types,Processed_Network_dataset,Network_dataset_23.csv,str,Metadata Attribute,Temporal / Ground Truth Label,Provides temporal context or security ground-truth label
weird_name,Processed_Network_dataset,Network_dataset_23.csv,str,Graph Entity,Event,Serves as primary node representation for Event
weird_addl,Processed_Network_dataset,Network_dataset_23.csv,str,Ignored Attribute,Unmapped,"Constant, redundant or uninformative telemetry attribute"
weird_notice,Processed_Network_dataset,Network_dataset_23.csv,str,Ignored Attribute,Unmapped,"Constant, redundant or uninformative telemetry attribute"
label,Processed_Network_dataset,Network_dataset_23.csv,int64,Graph Entity,Event,Serves as primary node representation for Event
type,Processed_Network_dataset,Network_dataset_23.csv,str,Graph Entity,Event,Serves as primary node representation for Event
ts,Processed_Network_dataset,Network_dataset_3.csv,int64,Metadata Attribute,Temporal / Ground Truth Label,Provides temporal context or security ground-truth label
src_ip,Processed_Network_dataset,Network_dataset_3.csv,str,Graph Entity,Source IP,Serves as primary node representation for Source IP
src_port,Processed_Network_dataset,Network_dataset_3.csv,int64,Relationship Attribute,Edge Property / Relationship,Defines dynamic interaction or connection property
dst_ip,Processed_Network_dataset,Network_dataset_3.csv,str,Graph Entity,Destination IP,Serves as primary node representation for Destination IP
dst_port,Processed_Network_dataset,Network_dataset_3.csv,int64,Relationship Attribute,Edge Property / Relationship,Defines dynamic interaction or connection property
proto,Processed_Network_dataset,Network_dataset_3.csv,str,Graph Entity,Protocol,Serves as primary node representation for Protocol
service,Processed_Network_dataset,Network_dataset_3.csv,str,Graph Entity,Service,Serves as primary node representation for Service
duration,Processed_Network_dataset,Network_dataset_3.csv,int64,Graph Attribute,Node Feature Vector,Numerical telemetry or performance metric for entity
src_bytes,Processed_Network_dataset,Network_dataset_3.csv,int64,Graph Attribute,Node Feature Vector,Numerical telemetry or performance metric for entity
dst_bytes,Processed_Network_dataset,Network_dataset_3.csv,int64,Graph Attribute,Node Feature Vector,Numerical telemetry or performance metric for entity
conn_state,Processed_Network_dataset,Network_dataset_3.csv,str,Graph Entity,Event,Serves as primary node representation for Event
missed_bytes,Processed_Network_dataset,Network_dataset_3.csv,int64,Graph Attribute,Node Feature Vector,Numerical telemetry or performance metric for entity
src_pkts,Processed_Network_dataset,Network_dataset_3.csv,int64,Metadata Attribute,Temporal / Ground Truth Label,Provides temporal context or security ground-truth label
src_ip_bytes,Processed_Network_dataset,Network_dataset_3.csv,int64,Graph Entity,Source IP,Serves as primary node representation for Source IP
dst_pkts,Processed_Network_dataset,Network_dataset_3.csv,int64,Metadata Attribute,Temporal / Ground Truth Label,Provides temporal context or security ground-truth label
dst_ip_bytes,Processed_Network_dataset,Network_dataset_3.csv,int64,Graph Entity,Destination IP,Serves as primary node representation for Destination IP
dns_query,Processed_Network_dataset,Network_dataset_3.csv,str,Ignored Attribute,Unmapped,"Constant, redundant or uninformative telemetry attribute"
dns_qclass,Processed_Network_dataset,Network_dataset_3.csv,int64,Metadata Attribute,Temporal / Ground Truth Label,Provides temporal context or security ground-truth label
dns_qtype,Processed_Network_dataset,Network_dataset_3.csv,int64,Metadata Attribute,Temporal / Ground Truth Label,Provides temporal context or security ground-truth label
dns_rcode,Processed_Network_dataset,Network_dataset_3.csv,int64,Ignored Attribute,Unmapped,"Constant, redundant or uninformative telemetry attribute"
dns_AA,Processed_Network_dataset,Network_dataset_3.csv,str,Ignored Attribute,Unmapped,"Constant, redundant or uninformative telemetry attribute"
dns_RD,Processed_Network_dataset,Network_dataset_3.csv,str,Ignored Attribute,Unmapped,"Constant, redundant or uninformative telemetry attribute"
dns_RA,Processed_Network_dataset,Network_dataset_3.csv,str,Ignored Attribute,Unmapped,"Constant, redundant or uninformative telemetry attribute"
dns_rejected,Processed_Network_dataset,Network_dataset_3.csv,str,Ignored Attribute,Unmapped,"Constant, redundant or uninformative telemetry attribute"
ssl_version,Processed_Network_dataset,Network_dataset_3.csv,str,Ignored Attribute,Unmapped,"Constant, redundant or uninformative telemetry attribute"
ssl_cipher,Processed_Network_dataset,Network_dataset_3.csv,str,Ignored Attribute,Unmapped,"Constant, redundant or uninformative telemetry attribute"
ssl_resumed,Processed_Network_dataset,Network_dataset_3.csv,str,Ignored Attribute,Unmapped,"Constant, redundant or uninformative telemetry attribute"
ssl_established,Processed_Network_dataset,Network_dataset_3.csv,str,Ignored Attribute,Unmapped,"Constant, redundant or uninformative telemetry attribute"
ssl_subject,Processed_Network_dataset,Network_dataset_3.csv,str,Ignored Attribute,Unmapped,"Constant, redundant or uninformative telemetry attribute"
ssl_issuer,Processed_Network_dataset,Network_dataset_3.csv,str,Ignored Attribute,Unmapped,"Constant, redundant or uninformative telemetry attribute"
http_trans_depth,Processed_Network_dataset,Network_dataset_3.csv,str,Ignored Attribute,Unmapped,"Constant, redundant or uninformative telemetry attribute"
http_method,Processed_Network_dataset,Network_dataset_3.csv,str,Ignored Attribute,Unmapped,"Constant, redundant or uninformative telemetry attribute"
http_uri,Processed_Network_dataset,Network_dataset_3.csv,str,Ignored Attribute,Unmapped,"Constant, redundant or uninformative telemetry attribute"
http_referrer,Processed_Network_dataset,Network_dataset_3.csv,str,Ignored Attribute,Unmapped,"Constant, redundant or uninformative telemetry attribute"
http_version,Processed_Network_dataset,Network_dataset_3.csv,str,Ignored Attribute,Unmapped,"Constant, redundant or uninformative telemetry attribute"
http_request_body_len,Processed_Network_dataset,Network_dataset_3.csv,int64,Ignored Attribute,Unmapped,"Constant, redundant or uninformative telemetry attribute"
http_response_body_len,Processed_Network_dataset,Network_dataset_3.csv,int64,Ignored Attribute,Unmapped,"Constant, redundant or uninformative telemetry attribute"
http_status_code,Processed_Network_dataset,Network_dataset_3.csv,int64,Relationship Attribute,Edge Property / Relationship,Defines dynamic interaction or connection property
http_user_agent,Processed_Network_dataset,Network_dataset_3.csv,str,Graph Entity,User,Serves as primary node representation for User
http_orig_mime_types,Processed_Network_dataset,Network_dataset_3.csv,str,Metadata Attribute,Temporal / Ground Truth Label,Provides temporal context or security ground-truth label
http_resp_mime_types,Processed_Network_dataset,Network_dataset_3.csv,str,Metadata Attribute,Temporal / Ground Truth Label,Provides temporal context or security ground-truth label
weird_name,Processed_Network_dataset,Network_dataset_3.csv,str,Graph Entity,Event,Serves as primary node representation for Event
weird_addl,Processed_Network_dataset,Network_dataset_3.csv,str,Ignored Attribute,Unmapped,"Constant, redundant or uninformative telemetry attribute"
weird_notice,Processed_Network_dataset,Network_dataset_3.csv,str,Ignored Attribute,Unmapped,"Constant, redundant or uninformative telemetry attribute"
label,Processed_Network_dataset,Network_dataset_3.csv,int64,Graph Entity,Event,Serves as primary node representation for Event
type,Processed_Network_dataset,Network_dataset_3.csv,str,Graph Entity,Event,Serves as primary node representation for Event
ts,Processed_Network_dataset,Network_dataset_4.csv,int64,Metadata Attribute,Temporal / Ground Truth Label,Provides temporal context or security ground-truth label
src_ip,Processed_Network_dataset,Network_dataset_4.csv,str,Graph Entity,Source IP,Serves as primary node representation for Source IP
src_port,Processed_Network_dataset,Network_dataset_4.csv,int64,Relationship Attribute,Edge Property / Relationship,Defines dynamic interaction or connection property
dst_ip,Processed_Network_dataset,Network_dataset_4.csv,str,Graph Entity,Destination IP,Serves as primary node representation for Destination IP
dst_port,Processed_Network_dataset,Network_dataset_4.csv,int64,Relationship Attribute,Edge Property / Relationship,Defines dynamic interaction or connection property
proto,Processed_Network_dataset,Network_dataset_4.csv,str,Graph Entity,Protocol,Serves as primary node representation for Protocol
service,Processed_Network_dataset,Network_dataset_4.csv,str,Graph Entity,Service,Serves as primary node representation for Service
duration,Processed_Network_dataset,Network_dataset_4.csv,float64,Graph Attribute,Node Feature Vector,Numerical telemetry or performance metric for entity
src_bytes,Processed_Network_dataset,Network_dataset_4.csv,int64,Graph Attribute,Node Feature Vector,Numerical telemetry or performance metric for entity
dst_bytes,Processed_Network_dataset,Network_dataset_4.csv,int64,Graph Attribute,Node Feature Vector,Numerical telemetry or performance metric for entity
conn_state,Processed_Network_dataset,Network_dataset_4.csv,str,Graph Entity,Event,Serves as primary node representation for Event
missed_bytes,Processed_Network_dataset,Network_dataset_4.csv,int64,Graph Attribute,Node Feature Vector,Numerical telemetry or performance metric for entity
src_pkts,Processed_Network_dataset,Network_dataset_4.csv,int64,Metadata Attribute,Temporal / Ground Truth Label,Provides temporal context or security ground-truth label
src_ip_bytes,Processed_Network_dataset,Network_dataset_4.csv,int64,Graph Entity,Source IP,Serves as primary node representation for Source IP
dst_pkts,Processed_Network_dataset,Network_dataset_4.csv,int64,Metadata Attribute,Temporal / Ground Truth Label,Provides temporal context or security ground-truth label
dst_ip_bytes,Processed_Network_dataset,Network_dataset_4.csv,int64,Graph Entity,Destination IP,Serves as primary node representation for Destination IP
dns_query,Processed_Network_dataset,Network_dataset_4.csv,str,Ignored Attribute,Unmapped,"Constant, redundant or uninformative telemetry attribute"
dns_qclass,Processed_Network_dataset,Network_dataset_4.csv,int64,Metadata Attribute,Temporal / Ground Truth Label,Provides temporal context or security ground-truth label
dns_qtype,Processed_Network_dataset,Network_dataset_4.csv,int64,Metadata Attribute,Temporal / Ground Truth Label,Provides temporal context or security ground-truth label
dns_rcode,Processed_Network_dataset,Network_dataset_4.csv,int64,Ignored Attribute,Unmapped,"Constant, redundant or uninformative telemetry attribute"
dns_AA,Processed_Network_dataset,Network_dataset_4.csv,str,Ignored Attribute,Unmapped,"Constant, redundant or uninformative telemetry attribute"
dns_RD,Processed_Network_dataset,Network_dataset_4.csv,str,Ignored Attribute,Unmapped,"Constant, redundant or uninformative telemetry attribute"
dns_RA,Processed_Network_dataset,Network_dataset_4.csv,str,Ignored Attribute,Unmapped,"Constant, redundant or uninformative telemetry attribute"
dns_rejected,Processed_Network_dataset,Network_dataset_4.csv,str,Ignored Attribute,Unmapped,"Constant, redundant or uninformative telemetry attribute"
ssl_version,Processed_Network_dataset,Network_dataset_4.csv,str,Ignored Attribute,Unmapped,"Constant, redundant or uninformative telemetry attribute"
ssl_cipher,Processed_Network_dataset,Network_dataset_4.csv,str,Ignored Attribute,Unmapped,"Constant, redundant or uninformative telemetry attribute"
ssl_resumed,Processed_Network_dataset,Network_dataset_4.csv,str,Ignored Attribute,Unmapped,"Constant, redundant or uninformative telemetry attribute"
ssl_established,Processed_Network_dataset,Network_dataset_4.csv,str,Ignored Attribute,Unmapped,"Constant, redundant or uninformative telemetry attribute"
ssl_subject,Processed_Network_dataset,Network_dataset_4.csv,str,Ignored Attribute,Unmapped,"Constant, redundant or uninformative telemetry attribute"
ssl_issuer,Processed_Network_dataset,Network_dataset_4.csv,str,Ignored Attribute,Unmapped,"Constant, redundant or uninformative telemetry attribute"
http_trans_depth,Processed_Network_dataset,Network_dataset_4.csv,str,Ignored Attribute,Unmapped,"Constant, redundant or uninformative telemetry attribute"
http_method,Processed_Network_dataset,Network_dataset_4.csv,str,Ignored Attribute,Unmapped,"Constant, redundant or uninformative telemetry attribute"
http_uri,Processed_Network_dataset,Network_dataset_4.csv,str,Ignored Attribute,Unmapped,"Constant, redundant or uninformative telemetry attribute"
http_referrer,Processed_Network_dataset,Network_dataset_4.csv,str,Ignored Attribute,Unmapped,"Constant, redundant or uninformative telemetry attribute"
http_version,Processed_Network_dataset,Network_dataset_4.csv,str,Ignored Attribute,Unmapped,"Constant, redundant or uninformative telemetry attribute"
http_request_body_len,Processed_Network_dataset,Network_dataset_4.csv,int64,Ignored Attribute,Unmapped,"Constant, redundant or uninformative telemetry attribute"
http_response_body_len,Processed_Network_dataset,Network_dataset_4.csv,int64,Ignored Attribute,Unmapped,"Constant, redundant or uninformative telemetry attribute"
http_status_code,Processed_Network_dataset,Network_dataset_4.csv,int64,Relationship Attribute,Edge Property / Relationship,Defines dynamic interaction or connection property
http_user_agent,Processed_Network_dataset,Network_dataset_4.csv,str,Graph Entity,User,Serves as primary node representation for User
http_orig_mime_types,Processed_Network_dataset,Network_dataset_4.csv,str,Metadata Attribute,Temporal / Ground Truth Label,Provides temporal context or security ground-truth label
http_resp_mime_types,Processed_Network_dataset,Network_dataset_4.csv,str,Metadata Attribute,Temporal / Ground Truth Label,Provides temporal context or security ground-truth label
weird_name,Processed_Network_dataset,Network_dataset_4.csv,str,Graph Entity,Event,Serves as primary node representation for Event
weird_addl,Processed_Network_dataset,Network_dataset_4.csv,str,Ignored Attribute,Unmapped,"Constant, redundant or uninformative telemetry attribute"
weird_notice,Processed_Network_dataset,Network_dataset_4.csv,str,Ignored Attribute,Unmapped,"Constant, redundant or uninformative telemetry attribute"
label,Processed_Network_dataset,Network_dataset_4.csv,int64,Graph Entity,Event,Serves as primary node representation for Event
type,Processed_Network_dataset,Network_dataset_4.csv,str,Graph Entity,Event,Serves as primary node representation for Event
ts,Processed_Network_dataset,Network_dataset_5.csv,int64,Metadata Attribute,Temporal / Ground Truth Label,Provides temporal context or security ground-truth label
src_ip,Processed_Network_dataset,Network_dataset_5.csv,str,Graph Entity,Source IP,Serves as primary node representation for Source IP
src_port,Processed_Network_dataset,Network_dataset_5.csv,int64,Relationship Attribute,Edge Property / Relationship,Defines dynamic interaction or connection property
dst_ip,Processed_Network_dataset,Network_dataset_5.csv,str,Graph Entity,Destination IP,Serves as primary node representation for Destination IP
dst_port,Processed_Network_dataset,Network_dataset_5.csv,int64,Relationship Attribute,Edge Property / Relationship,Defines dynamic interaction or connection property
proto,Processed_Network_dataset,Network_dataset_5.csv,str,Graph Entity,Protocol,Serves as primary node representation for Protocol
service,Processed_Network_dataset,Network_dataset_5.csv,str,Graph Entity,Service,Serves as primary node representation for Service
duration,Processed_Network_dataset,Network_dataset_5.csv,float64,Graph Attribute,Node Feature Vector,Numerical telemetry or performance metric for entity
src_bytes,Processed_Network_dataset,Network_dataset_5.csv,int64,Graph Attribute,Node Feature Vector,Numerical telemetry or performance metric for entity
dst_bytes,Processed_Network_dataset,Network_dataset_5.csv,int64,Graph Attribute,Node Feature Vector,Numerical telemetry or performance metric for entity
conn_state,Processed_Network_dataset,Network_dataset_5.csv,str,Graph Entity,Event,Serves as primary node representation for Event
missed_bytes,Processed_Network_dataset,Network_dataset_5.csv,int64,Graph Attribute,Node Feature Vector,Numerical telemetry or performance metric for entity
src_pkts,Processed_Network_dataset,Network_dataset_5.csv,int64,Metadata Attribute,Temporal / Ground Truth Label,Provides temporal context or security ground-truth label
src_ip_bytes,Processed_Network_dataset,Network_dataset_5.csv,int64,Graph Entity,Source IP,Serves as primary node representation for Source IP
dst_pkts,Processed_Network_dataset,Network_dataset_5.csv,int64,Metadata Attribute,Temporal / Ground Truth Label,Provides temporal context or security ground-truth label
dst_ip_bytes,Processed_Network_dataset,Network_dataset_5.csv,int64,Graph Entity,Destination IP,Serves as primary node representation for Destination IP
dns_query,Processed_Network_dataset,Network_dataset_5.csv,str,Ignored Attribute,Unmapped,"Constant, redundant or uninformative telemetry attribute"
dns_qclass,Processed_Network_dataset,Network_dataset_5.csv,int64,Metadata Attribute,Temporal / Ground Truth Label,Provides temporal context or security ground-truth label
dns_qtype,Processed_Network_dataset,Network_dataset_5.csv,int64,Metadata Attribute,Temporal / Ground Truth Label,Provides temporal context or security ground-truth label
dns_rcode,Processed_Network_dataset,Network_dataset_5.csv,int64,Ignored Attribute,Unmapped,"Constant, redundant or uninformative telemetry attribute"
dns_AA,Processed_Network_dataset,Network_dataset_5.csv,str,Ignored Attribute,Unmapped,"Constant, redundant or uninformative telemetry attribute"
dns_RD,Processed_Network_dataset,Network_dataset_5.csv,str,Ignored Attribute,Unmapped,"Constant, redundant or uninformative telemetry attribute"
dns_RA,Processed_Network_dataset,Network_dataset_5.csv,str,Ignored Attribute,Unmapped,"Constant, redundant or uninformative telemetry attribute"
dns_rejected,Processed_Network_dataset,Network_dataset_5.csv,str,Ignored Attribute,Unmapped,"Constant, redundant or uninformative telemetry attribute"
ssl_version,Processed_Network_dataset,Network_dataset_5.csv,str,Ignored Attribute,Unmapped,"Constant, redundant or uninformative telemetry attribute"
ssl_cipher,Processed_Network_dataset,Network_dataset_5.csv,str,Ignored Attribute,Unmapped,"Constant, redundant or uninformative telemetry attribute"
ssl_resumed,Processed_Network_dataset,Network_dataset_5.csv,str,Ignored Attribute,Unmapped,"Constant, redundant or uninformative telemetry attribute"
ssl_established,Processed_Network_dataset,Network_dataset_5.csv,str,Ignored Attribute,Unmapped,"Constant, redundant or uninformative telemetry attribute"
ssl_subject,Processed_Network_dataset,Network_dataset_5.csv,str,Ignored Attribute,Unmapped,"Constant, redundant or uninformative telemetry attribute"
ssl_issuer,Processed_Network_dataset,Network_dataset_5.csv,str,Ignored Attribute,Unmapped,"Constant, redundant or uninformative telemetry attribute"
http_trans_depth,Processed_Network_dataset,Network_dataset_5.csv,str,Ignored Attribute,Unmapped,"Constant, redundant or uninformative telemetry attribute"
http_method,Processed_Network_dataset,Network_dataset_5.csv,str,Ignored Attribute,Unmapped,"Constant, redundant or uninformative telemetry attribute"
http_uri,Processed_Network_dataset,Network_dataset_5.csv,str,Ignored Attribute,Unmapped,"Constant, redundant or uninformative telemetry attribute"
http_referrer,Processed_Network_dataset,Network_dataset_5.csv,str,Ignored Attribute,Unmapped,"Constant, redundant or uninformative telemetry attribute"
http_version,Processed_Network_dataset,Network_dataset_5.csv,str,Ignored Attribute,Unmapped,"Constant, redundant or uninformative telemetry attribute"
http_request_body_len,Processed_Network_dataset,Network_dataset_5.csv,int64,Ignored Attribute,Unmapped,"Constant, redundant or uninformative telemetry attribute"
http_response_body_len,Processed_Network_dataset,Network_dataset_5.csv,int64,Ignored Attribute,Unmapped,"Constant, redundant or uninformative telemetry attribute"
http_status_code,Processed_Network_dataset,Network_dataset_5.csv,int64,Relationship Attribute,Edge Property / Relationship,Defines dynamic interaction or connection property
http_user_agent,Processed_Network_dataset,Network_dataset_5.csv,str,Graph Entity,User,Serves as primary node representation for User
http_orig_mime_types,Processed_Network_dataset,Network_dataset_5.csv,str,Metadata Attribute,Temporal / Ground Truth Label,Provides temporal context or security ground-truth label
http_resp_mime_types,Processed_Network_dataset,Network_dataset_5.csv,str,Metadata Attribute,Temporal / Ground Truth Label,Provides temporal context or security ground-truth label
weird_name,Processed_Network_dataset,Network_dataset_5.csv,str,Graph Entity,Event,Serves as primary node representation for Event
weird_addl,Processed_Network_dataset,Network_dataset_5.csv,str,Ignored Attribute,Unmapped,"Constant, redundant or uninformative telemetry attribute"
weird_notice,Processed_Network_dataset,Network_dataset_5.csv,str,Ignored Attribute,Unmapped,"Constant, redundant or uninformative telemetry attribute"
label,Processed_Network_dataset,Network_dataset_5.csv,int64,Graph Entity,Event,Serves as primary node representation for Event
type,Processed_Network_dataset,Network_dataset_5.csv,str,Graph Entity,Event,Serves as primary node representation for Event
ts,Processed_Network_dataset,Network_dataset_6.csv,int64,Metadata Attribute,Temporal / Ground Truth Label,Provides temporal context or security ground-truth label
uid,Processed_Network_dataset,Network_dataset_6.csv,str,Graph Entity,Session,Serves as primary node representation for Session
src_ip,Processed_Network_dataset,Network_dataset_6.csv,str,Graph Entity,Source IP,Serves as primary node representation for Source IP
src_port,Processed_Network_dataset,Network_dataset_6.csv,int64,Relationship Attribute,Edge Property / Relationship,Defines dynamic interaction or connection property
dst_ip,Processed_Network_dataset,Network_dataset_6.csv,str,Graph Entity,Destination IP,Serves as primary node representation for Destination IP
dst_port,Processed_Network_dataset,Network_dataset_6.csv,int64,Relationship Attribute,Edge Property / Relationship,Defines dynamic interaction or connection property
proto,Processed_Network_dataset,Network_dataset_6.csv,str,Graph Entity,Protocol,Serves as primary node representation for Protocol
service,Processed_Network_dataset,Network_dataset_6.csv,str,Graph Entity,Service,Serves as primary node representation for Service
duration,Processed_Network_dataset,Network_dataset_6.csv,float64,Graph Attribute,Node Feature Vector,Numerical telemetry or performance metric for entity
src_bytes,Processed_Network_dataset,Network_dataset_6.csv,int64,Graph Attribute,Node Feature Vector,Numerical telemetry or performance metric for entity
dst_bytes,Processed_Network_dataset,Network_dataset_6.csv,int64,Graph Attribute,Node Feature Vector,Numerical telemetry or performance metric for entity
conn_state,Processed_Network_dataset,Network_dataset_6.csv,str,Graph Entity,Event,Serves as primary node representation for Event
missed_bytes,Processed_Network_dataset,Network_dataset_6.csv,int64,Graph Attribute,Node Feature Vector,Numerical telemetry or performance metric for entity
src_pkts,Processed_Network_dataset,Network_dataset_6.csv,int64,Metadata Attribute,Temporal / Ground Truth Label,Provides temporal context or security ground-truth label
src_ip_bytes,Processed_Network_dataset,Network_dataset_6.csv,int64,Graph Entity,Source IP,Serves as primary node representation for Source IP
dst_pkts,Processed_Network_dataset,Network_dataset_6.csv,int64,Metadata Attribute,Temporal / Ground Truth Label,Provides temporal context or security ground-truth label
dst_ip_bytes,Processed_Network_dataset,Network_dataset_6.csv,int64,Graph Entity,Destination IP,Serves as primary node representation for Destination IP
dns_query,Processed_Network_dataset,Network_dataset_6.csv,str,Ignored Attribute,Unmapped,"Constant, redundant or uninformative telemetry attribute"
dns_qclass,Processed_Network_dataset,Network_dataset_6.csv,int64,Metadata Attribute,Temporal / Ground Truth Label,Provides temporal context or security ground-truth label
dns_qtype,Processed_Network_dataset,Network_dataset_6.csv,int64,Metadata Attribute,Temporal / Ground Truth Label,Provides temporal context or security ground-truth label
dns_rcode,Processed_Network_dataset,Network_dataset_6.csv,int64,Ignored Attribute,Unmapped,"Constant, redundant or uninformative telemetry attribute"
dns_AA,Processed_Network_dataset,Network_dataset_6.csv,str,Ignored Attribute,Unmapped,"Constant, redundant or uninformative telemetry attribute"
dns_RD,Processed_Network_dataset,Network_dataset_6.csv,str,Ignored Attribute,Unmapped,"Constant, redundant or uninformative telemetry attribute"
dns_RA,Processed_Network_dataset,Network_dataset_6.csv,str,Ignored Attribute,Unmapped,"Constant, redundant or uninformative telemetry attribute"
dns_rejected,Processed_Network_dataset,Network_dataset_6.csv,str,Ignored Attribute,Unmapped,"Constant, redundant or uninformative telemetry attribute"
ssl_version,Processed_Network_dataset,Network_dataset_6.csv,str,Ignored Attribute,Unmapped,"Constant, redundant or uninformative telemetry attribute"
ssl_cipher,Processed_Network_dataset,Network_dataset_6.csv,str,Ignored Attribute,Unmapped,"Constant, redundant or uninformative telemetry attribute"
ssl_resumed,Processed_Network_dataset,Network_dataset_6.csv,str,Ignored Attribute,Unmapped,"Constant, redundant or uninformative telemetry attribute"
ssl_established,Processed_Network_dataset,Network_dataset_6.csv,str,Ignored Attribute,Unmapped,"Constant, redundant or uninformative telemetry attribute"
ssl_subject,Processed_Network_dataset,Network_dataset_6.csv,str,Ignored Attribute,Unmapped,"Constant, redundant or uninformative telemetry attribute"
ssl_issuer,Processed_Network_dataset,Network_dataset_6.csv,str,Ignored Attribute,Unmapped,"Constant, redundant or uninformative telemetry attribute"
http_trans_depth,Processed_Network_dataset,Network_dataset_6.csv,str,Ignored Attribute,Unmapped,"Constant, redundant or uninformative telemetry attribute"
http_method,Processed_Network_dataset,Network_dataset_6.csv,str,Ignored Attribute,Unmapped,"Constant, redundant or uninformative telemetry attribute"
http_uri,Processed_Network_dataset,Network_dataset_6.csv,str,Ignored Attribute,Unmapped,"Constant, redundant or uninformative telemetry attribute"
http_referrer,Processed_Network_dataset,Network_dataset_6.csv,str,Ignored Attribute,Unmapped,"Constant, redundant or uninformative telemetry attribute"
http_version,Processed_Network_dataset,Network_dataset_6.csv,str,Ignored Attribute,Unmapped,"Constant, redundant or uninformative telemetry attribute"
http_request_body_len,Processed_Network_dataset,Network_dataset_6.csv,int64,Ignored Attribute,Unmapped,"Constant, redundant or uninformative telemetry attribute"
http_response_body_len,Processed_Network_dataset,Network_dataset_6.csv,int64,Ignored Attribute,Unmapped,"Constant, redundant or uninformative telemetry attribute"
http_status_code,Processed_Network_dataset,Network_dataset_6.csv,int64,Relationship Attribute,Edge Property / Relationship,Defines dynamic interaction or connection property
http_user_agent,Processed_Network_dataset,Network_dataset_6.csv,str,Graph Entity,User,Serves as primary node representation for User
http_orig_mime_types,Processed_Network_dataset,Network_dataset_6.csv,str,Metadata Attribute,Temporal / Ground Truth Label,Provides temporal context or security ground-truth label
http_resp_mime_types,Processed_Network_dataset,Network_dataset_6.csv,str,Metadata Attribute,Temporal / Ground Truth Label,Provides temporal context or security ground-truth label
weird_name,Processed_Network_dataset,Network_dataset_6.csv,str,Graph Entity,Event,Serves as primary node representation for Event
weird_addl,Processed_Network_dataset,Network_dataset_6.csv,str,Ignored Attribute,Unmapped,"Constant, redundant or uninformative telemetry attribute"
weird_notice,Processed_Network_dataset,Network_dataset_6.csv,str,Ignored Attribute,Unmapped,"Constant, redundant or uninformative telemetry attribute"
label,Processed_Network_dataset,Network_dataset_6.csv,int64,Graph Entity,Event,Serves as primary node representation for Event
type,Processed_Network_dataset,Network_dataset_6.csv,str,Graph Entity,Event,Serves as primary node representation for Event
ts,Processed_Network_dataset,Network_dataset_7.csv,int64,Metadata Attribute,Temporal / Ground Truth Label,Provides temporal context or security ground-truth label
src_ip,Processed_Network_dataset,Network_dataset_7.csv,str,Graph Entity,Source IP,Serves as primary node representation for Source IP
src_port,Processed_Network_dataset,Network_dataset_7.csv,int64,Relationship Attribute,Edge Property / Relationship,Defines dynamic interaction or connection property
dst_ip,Processed_Network_dataset,Network_dataset_7.csv,str,Graph Entity,Destination IP,Serves as primary node representation for Destination IP
dst_port,Processed_Network_dataset,Network_dataset_7.csv,int64,Relationship Attribute,Edge Property / Relationship,Defines dynamic interaction or connection property
proto,Processed_Network_dataset,Network_dataset_7.csv,str,Graph Entity,Protocol,Serves as primary node representation for Protocol
service,Processed_Network_dataset,Network_dataset_7.csv,str,Graph Entity,Service,Serves as primary node representation for Service
duration,Processed_Network_dataset,Network_dataset_7.csv,float64,Graph Attribute,Node Feature Vector,Numerical telemetry or performance metric for entity
src_bytes,Processed_Network_dataset,Network_dataset_7.csv,int64,Graph Attribute,Node Feature Vector,Numerical telemetry or performance metric for entity
dst_bytes,Processed_Network_dataset,Network_dataset_7.csv,int64,Graph Attribute,Node Feature Vector,Numerical telemetry or performance metric for entity
conn_state,Processed_Network_dataset,Network_dataset_7.csv,str,Graph Entity,Event,Serves as primary node representation for Event
missed_bytes,Processed_Network_dataset,Network_dataset_7.csv,int64,Graph Attribute,Node Feature Vector,Numerical telemetry or performance metric for entity
src_pkts,Processed_Network_dataset,Network_dataset_7.csv,int64,Metadata Attribute,Temporal / Ground Truth Label,Provides temporal context or security ground-truth label
src_ip_bytes,Processed_Network_dataset,Network_dataset_7.csv,int64,Graph Entity,Source IP,Serves as primary node representation for Source IP
dst_pkts,Processed_Network_dataset,Network_dataset_7.csv,int64,Metadata Attribute,Temporal / Ground Truth Label,Provides temporal context or security ground-truth label
dst_ip_bytes,Processed_Network_dataset,Network_dataset_7.csv,int64,Graph Entity,Destination IP,Serves as primary node representation for Destination IP
dns_query,Processed_Network_dataset,Network_dataset_7.csv,str,Ignored Attribute,Unmapped,"Constant, redundant or uninformative telemetry attribute"
dns_qclass,Processed_Network_dataset,Network_dataset_7.csv,int64,Metadata Attribute,Temporal / Ground Truth Label,Provides temporal context or security ground-truth label
dns_qtype,Processed_Network_dataset,Network_dataset_7.csv,int64,Metadata Attribute,Temporal / Ground Truth Label,Provides temporal context or security ground-truth label
dns_rcode,Processed_Network_dataset,Network_dataset_7.csv,int64,Ignored Attribute,Unmapped,"Constant, redundant or uninformative telemetry attribute"
dns_AA,Processed_Network_dataset,Network_dataset_7.csv,str,Ignored Attribute,Unmapped,"Constant, redundant or uninformative telemetry attribute"
dns_RD,Processed_Network_dataset,Network_dataset_7.csv,str,Ignored Attribute,Unmapped,"Constant, redundant or uninformative telemetry attribute"
dns_RA,Processed_Network_dataset,Network_dataset_7.csv,str,Ignored Attribute,Unmapped,"Constant, redundant or uninformative telemetry attribute"
dns_rejected,Processed_Network_dataset,Network_dataset_7.csv,str,Ignored Attribute,Unmapped,"Constant, redundant or uninformative telemetry attribute"
ssl_version,Processed_Network_dataset,Network_dataset_7.csv,str,Ignored Attribute,Unmapped,"Constant, redundant or uninformative telemetry attribute"
ssl_cipher,Processed_Network_dataset,Network_dataset_7.csv,str,Ignored Attribute,Unmapped,"Constant, redundant or uninformative telemetry attribute"
ssl_resumed,Processed_Network_dataset,Network_dataset_7.csv,str,Ignored Attribute,Unmapped,"Constant, redundant or uninformative telemetry attribute"
ssl_established,Processed_Network_dataset,Network_dataset_7.csv,str,Ignored Attribute,Unmapped,"Constant, redundant or uninformative telemetry attribute"
ssl_subject,Processed_Network_dataset,Network_dataset_7.csv,str,Ignored Attribute,Unmapped,"Constant, redundant or uninformative telemetry attribute"
ssl_issuer,Processed_Network_dataset,Network_dataset_7.csv,str,Ignored Attribute,Unmapped,"Constant, redundant or uninformative telemetry attribute"
http_trans_depth,Processed_Network_dataset,Network_dataset_7.csv,str,Ignored Attribute,Unmapped,"Constant, redundant or uninformative telemetry attribute"
http_method,Processed_Network_dataset,Network_dataset_7.csv,str,Ignored Attribute,Unmapped,"Constant, redundant or uninformative telemetry attribute"
http_uri,Processed_Network_dataset,Network_dataset_7.csv,str,Ignored Attribute,Unmapped,"Constant, redundant or uninformative telemetry attribute"
http_referrer,Processed_Network_dataset,Network_dataset_7.csv,str,Ignored Attribute,Unmapped,"Constant, redundant or uninformative telemetry attribute"
http_version,Processed_Network_dataset,Network_dataset_7.csv,str,Ignored Attribute,Unmapped,"Constant, redundant or uninformative telemetry attribute"
http_request_body_len,Processed_Network_dataset,Network_dataset_7.csv,int64,Ignored Attribute,Unmapped,"Constant, redundant or uninformative telemetry attribute"
http_response_body_len,Processed_Network_dataset,Network_dataset_7.csv,int64,Ignored Attribute,Unmapped,"Constant, redundant or uninformative telemetry attribute"
http_status_code,Processed_Network_dataset,Network_dataset_7.csv,int64,Relationship Attribute,Edge Property / Relationship,Defines dynamic interaction or connection property
http_user_agent,Processed_Network_dataset,Network_dataset_7.csv,str,Graph Entity,User,Serves as primary node representation for User
http_orig_mime_types,Processed_Network_dataset,Network_dataset_7.csv,str,Metadata Attribute,Temporal / Ground Truth Label,Provides temporal context or security ground-truth label
http_resp_mime_types,Processed_Network_dataset,Network_dataset_7.csv,str,Metadata Attribute,Temporal / Ground Truth Label,Provides temporal context or security ground-truth label
weird_name,Processed_Network_dataset,Network_dataset_7.csv,str,Graph Entity,Event,Serves as primary node representation for Event
weird_addl,Processed_Network_dataset,Network_dataset_7.csv,str,Ignored Attribute,Unmapped,"Constant, redundant or uninformative telemetry attribute"
weird_notice,Processed_Network_dataset,Network_dataset_7.csv,str,Ignored Attribute,Unmapped,"Constant, redundant or uninformative telemetry attribute"
label,Processed_Network_dataset,Network_dataset_7.csv,int64,Graph Entity,Event,Serves as primary node representation for Event
type,Processed_Network_dataset,Network_dataset_7.csv,str,Graph Entity,Event,Serves as primary node representation for Event
ts,Processed_Network_dataset,Network_dataset_8.csv,int64,Metadata Attribute,Temporal / Ground Truth Label,Provides temporal context or security ground-truth label
src_ip,Processed_Network_dataset,Network_dataset_8.csv,str,Graph Entity,Source IP,Serves as primary node representation for Source IP
src_port,Processed_Network_dataset,Network_dataset_8.csv,int64,Relationship Attribute,Edge Property / Relationship,Defines dynamic interaction or connection property
dst_ip,Processed_Network_dataset,Network_dataset_8.csv,str,Graph Entity,Destination IP,Serves as primary node representation for Destination IP
dst_port,Processed_Network_dataset,Network_dataset_8.csv,int64,Relationship Attribute,Edge Property / Relationship,Defines dynamic interaction or connection property
proto,Processed_Network_dataset,Network_dataset_8.csv,str,Graph Entity,Protocol,Serves as primary node representation for Protocol
service,Processed_Network_dataset,Network_dataset_8.csv,str,Graph Entity,Service,Serves as primary node representation for Service
duration,Processed_Network_dataset,Network_dataset_8.csv,float64,Graph Attribute,Node Feature Vector,Numerical telemetry or performance metric for entity
src_bytes,Processed_Network_dataset,Network_dataset_8.csv,int64,Graph Attribute,Node Feature Vector,Numerical telemetry or performance metric for entity
dst_bytes,Processed_Network_dataset,Network_dataset_8.csv,int64,Graph Attribute,Node Feature Vector,Numerical telemetry or performance metric for entity
conn_state,Processed_Network_dataset,Network_dataset_8.csv,str,Graph Entity,Event,Serves as primary node representation for Event
missed_bytes,Processed_Network_dataset,Network_dataset_8.csv,int64,Graph Attribute,Node Feature Vector,Numerical telemetry or performance metric for entity
src_pkts,Processed_Network_dataset,Network_dataset_8.csv,int64,Metadata Attribute,Temporal / Ground Truth Label,Provides temporal context or security ground-truth label
src_ip_bytes,Processed_Network_dataset,Network_dataset_8.csv,int64,Graph Entity,Source IP,Serves as primary node representation for Source IP
dst_pkts,Processed_Network_dataset,Network_dataset_8.csv,int64,Metadata Attribute,Temporal / Ground Truth Label,Provides temporal context or security ground-truth label
dst_ip_bytes,Processed_Network_dataset,Network_dataset_8.csv,int64,Graph Entity,Destination IP,Serves as primary node representation for Destination IP
dns_query,Processed_Network_dataset,Network_dataset_8.csv,str,Ignored Attribute,Unmapped,"Constant, redundant or uninformative telemetry attribute"
dns_qclass,Processed_Network_dataset,Network_dataset_8.csv,int64,Metadata Attribute,Temporal / Ground Truth Label,Provides temporal context or security ground-truth label
dns_qtype,Processed_Network_dataset,Network_dataset_8.csv,int64,Metadata Attribute,Temporal / Ground Truth Label,Provides temporal context or security ground-truth label
dns_rcode,Processed_Network_dataset,Network_dataset_8.csv,int64,Ignored Attribute,Unmapped,"Constant, redundant or uninformative telemetry attribute"
dns_AA,Processed_Network_dataset,Network_dataset_8.csv,str,Ignored Attribute,Unmapped,"Constant, redundant or uninformative telemetry attribute"
dns_RD,Processed_Network_dataset,Network_dataset_8.csv,str,Ignored Attribute,Unmapped,"Constant, redundant or uninformative telemetry attribute"
dns_RA,Processed_Network_dataset,Network_dataset_8.csv,str,Ignored Attribute,Unmapped,"Constant, redundant or uninformative telemetry attribute"
dns_rejected,Processed_Network_dataset,Network_dataset_8.csv,str,Ignored Attribute,Unmapped,"Constant, redundant or uninformative telemetry attribute"
ssl_version,Processed_Network_dataset,Network_dataset_8.csv,str,Ignored Attribute,Unmapped,"Constant, redundant or uninformative telemetry attribute"
ssl_cipher,Processed_Network_dataset,Network_dataset_8.csv,str,Ignored Attribute,Unmapped,"Constant, redundant or uninformative telemetry attribute"
ssl_resumed,Processed_Network_dataset,Network_dataset_8.csv,str,Ignored Attribute,Unmapped,"Constant, redundant or uninformative telemetry attribute"
ssl_established,Processed_Network_dataset,Network_dataset_8.csv,str,Ignored Attribute,Unmapped,"Constant, redundant or uninformative telemetry attribute"
ssl_subject,Processed_Network_dataset,Network_dataset_8.csv,str,Ignored Attribute,Unmapped,"Constant, redundant or uninformative telemetry attribute"
ssl_issuer,Processed_Network_dataset,Network_dataset_8.csv,str,Ignored Attribute,Unmapped,"Constant, redundant or uninformative telemetry attribute"
http_trans_depth,Processed_Network_dataset,Network_dataset_8.csv,str,Ignored Attribute,Unmapped,"Constant, redundant or uninformative telemetry attribute"
http_method,Processed_Network_dataset,Network_dataset_8.csv,str,Ignored Attribute,Unmapped,"Constant, redundant or uninformative telemetry attribute"
http_uri,Processed_Network_dataset,Network_dataset_8.csv,str,Ignored Attribute,Unmapped,"Constant, redundant or uninformative telemetry attribute"
http_referrer,Processed_Network_dataset,Network_dataset_8.csv,str,Ignored Attribute,Unmapped,"Constant, redundant or uninformative telemetry attribute"
http_version,Processed_Network_dataset,Network_dataset_8.csv,str,Ignored Attribute,Unmapped,"Constant, redundant or uninformative telemetry attribute"
http_request_body_len,Processed_Network_dataset,Network_dataset_8.csv,int64,Ignored Attribute,Unmapped,"Constant, redundant or uninformative telemetry attribute"
http_response_body_len,Processed_Network_dataset,Network_dataset_8.csv,int64,Ignored Attribute,Unmapped,"Constant, redundant or uninformative telemetry attribute"
http_status_code,Processed_Network_dataset,Network_dataset_8.csv,int64,Relationship Attribute,Edge Property / Relationship,Defines dynamic interaction or connection property
http_user_agent,Processed_Network_dataset,Network_dataset_8.csv,str,Graph Entity,User,Serves as primary node representation for User
http_orig_mime_types,Processed_Network_dataset,Network_dataset_8.csv,str,Metadata Attribute,Temporal / Ground Truth Label,Provides temporal context or security ground-truth label
http_resp_mime_types,Processed_Network_dataset,Network_dataset_8.csv,str,Metadata Attribute,Temporal / Ground Truth Label,Provides temporal context or security ground-truth label
weird_name,Processed_Network_dataset,Network_dataset_8.csv,str,Graph Entity,Event,Serves as primary node representation for Event
weird_addl,Processed_Network_dataset,Network_dataset_8.csv,str,Ignored Attribute,Unmapped,"Constant, redundant or uninformative telemetry attribute"
weird_notice,Processed_Network_dataset,Network_dataset_8.csv,str,Ignored Attribute,Unmapped,"Constant, redundant or uninformative telemetry attribute"
label,Processed_Network_dataset,Network_dataset_8.csv,int64,Graph Entity,Event,Serves as primary node representation for Event
type,Processed_Network_dataset,Network_dataset_8.csv,str,Graph Entity,Event,Serves as primary node representation for Event
ts,Processed_Network_dataset,Network_dataset_9.csv,int64,Metadata Attribute,Temporal / Ground Truth Label,Provides temporal context or security ground-truth label
src_ip,Processed_Network_dataset,Network_dataset_9.csv,str,Graph Entity,Source IP,Serves as primary node representation for Source IP
src_port,Processed_Network_dataset,Network_dataset_9.csv,int64,Relationship Attribute,Edge Property / Relationship,Defines dynamic interaction or connection property
dst_ip,Processed_Network_dataset,Network_dataset_9.csv,str,Graph Entity,Destination IP,Serves as primary node representation for Destination IP
dst_port,Processed_Network_dataset,Network_dataset_9.csv,int64,Relationship Attribute,Edge Property / Relationship,Defines dynamic interaction or connection property
proto,Processed_Network_dataset,Network_dataset_9.csv,str,Graph Entity,Protocol,Serves as primary node representation for Protocol
service,Processed_Network_dataset,Network_dataset_9.csv,str,Graph Entity,Service,Serves as primary node representation for Service
duration,Processed_Network_dataset,Network_dataset_9.csv,float64,Graph Attribute,Node Feature Vector,Numerical telemetry or performance metric for entity
src_bytes,Processed_Network_dataset,Network_dataset_9.csv,int64,Graph Attribute,Node Feature Vector,Numerical telemetry or performance metric for entity
dst_bytes,Processed_Network_dataset,Network_dataset_9.csv,int64,Graph Attribute,Node Feature Vector,Numerical telemetry or performance metric for entity
conn_state,Processed_Network_dataset,Network_dataset_9.csv,str,Graph Entity,Event,Serves as primary node representation for Event
missed_bytes,Processed_Network_dataset,Network_dataset_9.csv,int64,Graph Attribute,Node Feature Vector,Numerical telemetry or performance metric for entity
src_pkts,Processed_Network_dataset,Network_dataset_9.csv,int64,Metadata Attribute,Temporal / Ground Truth Label,Provides temporal context or security ground-truth label
src_ip_bytes,Processed_Network_dataset,Network_dataset_9.csv,int64,Graph Entity,Source IP,Serves as primary node representation for Source IP
dst_pkts,Processed_Network_dataset,Network_dataset_9.csv,int64,Metadata Attribute,Temporal / Ground Truth Label,Provides temporal context or security ground-truth label
dst_ip_bytes,Processed_Network_dataset,Network_dataset_9.csv,int64,Graph Entity,Destination IP,Serves as primary node representation for Destination IP
dns_query,Processed_Network_dataset,Network_dataset_9.csv,str,Ignored Attribute,Unmapped,"Constant, redundant or uninformative telemetry attribute"
dns_qclass,Processed_Network_dataset,Network_dataset_9.csv,int64,Metadata Attribute,Temporal / Ground Truth Label,Provides temporal context or security ground-truth label
dns_qtype,Processed_Network_dataset,Network_dataset_9.csv,int64,Metadata Attribute,Temporal / Ground Truth Label,Provides temporal context or security ground-truth label
dns_rcode,Processed_Network_dataset,Network_dataset_9.csv,int64,Ignored Attribute,Unmapped,"Constant, redundant or uninformative telemetry attribute"
dns_AA,Processed_Network_dataset,Network_dataset_9.csv,str,Ignored Attribute,Unmapped,"Constant, redundant or uninformative telemetry attribute"
dns_RD,Processed_Network_dataset,Network_dataset_9.csv,str,Ignored Attribute,Unmapped,"Constant, redundant or uninformative telemetry attribute"
dns_RA,Processed_Network_dataset,Network_dataset_9.csv,str,Ignored Attribute,Unmapped,"Constant, redundant or uninformative telemetry attribute"
dns_rejected,Processed_Network_dataset,Network_dataset_9.csv,str,Ignored Attribute,Unmapped,"Constant, redundant or uninformative telemetry attribute"
ssl_version,Processed_Network_dataset,Network_dataset_9.csv,str,Ignored Attribute,Unmapped,"Constant, redundant or uninformative telemetry attribute"
ssl_cipher,Processed_Network_dataset,Network_dataset_9.csv,str,Ignored Attribute,Unmapped,"Constant, redundant or uninformative telemetry attribute"
ssl_resumed,Processed_Network_dataset,Network_dataset_9.csv,str,Ignored Attribute,Unmapped,"Constant, redundant or uninformative telemetry attribute"
ssl_established,Processed_Network_dataset,Network_dataset_9.csv,str,Ignored Attribute,Unmapped,"Constant, redundant or uninformative telemetry attribute"
ssl_subject,Processed_Network_dataset,Network_dataset_9.csv,str,Ignored Attribute,Unmapped,"Constant, redundant or uninformative telemetry attribute"
ssl_issuer,Processed_Network_dataset,Network_dataset_9.csv,str,Ignored Attribute,Unmapped,"Constant, redundant or uninformative telemetry attribute"
http_trans_depth,Processed_Network_dataset,Network_dataset_9.csv,str,Ignored Attribute,Unmapped,"Constant, redundant or uninformative telemetry attribute"
http_method,Processed_Network_dataset,Network_dataset_9.csv,str,Ignored Attribute,Unmapped,"Constant, redundant or uninformative telemetry attribute"
http_uri,Processed_Network_dataset,Network_dataset_9.csv,str,Ignored Attribute,Unmapped,"Constant, redundant or uninformative telemetry attribute"
http_referrer,Processed_Network_dataset,Network_dataset_9.csv,str,Ignored Attribute,Unmapped,"Constant, redundant or uninformative telemetry attribute"
http_version,Processed_Network_dataset,Network_dataset_9.csv,str,Ignored Attribute,Unmapped,"Constant, redundant or uninformative telemetry attribute"
http_request_body_len,Processed_Network_dataset,Network_dataset_9.csv,int64,Ignored Attribute,Unmapped,"Constant, redundant or uninformative telemetry attribute"
http_response_body_len,Processed_Network_dataset,Network_dataset_9.csv,int64,Ignored Attribute,Unmapped,"Constant, redundant or uninformative telemetry attribute"
http_status_code,Processed_Network_dataset,Network_dataset_9.csv,int64,Relationship Attribute,Edge Property / Relationship,Defines dynamic interaction or connection property
http_user_agent,Processed_Network_dataset,Network_dataset_9.csv,str,Graph Entity,User,Serves as primary node representation for User
http_orig_mime_types,Processed_Network_dataset,Network_dataset_9.csv,str,Metadata Attribute,Temporal / Ground Truth Label,Provides temporal context or security ground-truth label
http_resp_mime_types,Processed_Network_dataset,Network_dataset_9.csv,str,Metadata Attribute,Temporal / Ground Truth Label,Provides temporal context or security ground-truth label
weird_name,Processed_Network_dataset,Network_dataset_9.csv,str,Graph Entity,Event,Serves as primary node representation for Event
weird_addl,Processed_Network_dataset,Network_dataset_9.csv,str,Ignored Attribute,Unmapped,"Constant, redundant or uninformative telemetry attribute"
weird_notice,Processed_Network_dataset,Network_dataset_9.csv,str,Ignored Attribute,Unmapped,"Constant, redundant or uninformative telemetry attribute"
label,Processed_Network_dataset,Network_dataset_9.csv,int64,Graph Entity,Event,Serves as primary node representation for Event
type,Processed_Network_dataset,Network_dataset_9.csv,str,Graph Entity,Event,Serves as primary node representation for Event
ts,Processed_Windows_dataset,windows10_dataset.csv,int64,Metadata Attribute,Temporal / Ground Truth Label,Provides temporal context or security ground-truth label
Processor_DPC_Rate,Processed_Windows_dataset,windows10_dataset.csv,int64,Ignored Attribute,Unmapped,"Constant, redundant or uninformative telemetry attribute"
Processor_pct_ Idle_Time,Processed_Windows_dataset,windows10_dataset.csv,float64,Metadata Attribute,Temporal / Ground Truth Label,Provides temporal context or security ground-truth label
Processor_pct_ C3_Time,Processed_Windows_dataset,windows10_dataset.csv,int64,Metadata Attribute,Temporal / Ground Truth Label,Provides temporal context or security ground-truth label
Processor_pct_ Interrupt_Time,Processed_Windows_dataset,windows10_dataset.csv,float64,Metadata Attribute,Temporal / Ground Truth Label,Provides temporal context or security ground-truth label
Processor_pct_ C2_Time,Processed_Windows_dataset,windows10_dataset.csv,int64,Metadata Attribute,Temporal / Ground Truth Label,Provides temporal context or security ground-truth label
Processor_pct_ User_Time,Processed_Windows_dataset,windows10_dataset.csv,float64,Graph Entity,User,Serves as primary node representation for User
Processor_pct_ C1_Time,Processed_Windows_dataset,windows10_dataset.csv,float64,Metadata Attribute,Temporal / Ground Truth Label,Provides temporal context or security ground-truth label
Processor_pct_ Processor_Time,Processed_Windows_dataset,windows10_dataset.csv,float64,Metadata Attribute,Temporal / Ground Truth Label,Provides temporal context or security ground-truth label
Processor_C1_ransitions_sec,Processed_Windows_dataset,windows10_dataset.csv,float64,Ignored Attribute,Unmapped,"Constant, redundant or uninformative telemetry attribute"
Processor_pct_ DPC_Time,Processed_Windows_dataset,windows10_dataset.csv,float64,Metadata Attribute,Temporal / Ground Truth Label,Provides temporal context or security ground-truth label
Processor_C2_ransitions_sec,Processed_Windows_dataset,windows10_dataset.csv,int64,Ignored Attribute,Unmapped,"Constant, redundant or uninformative telemetry attribute"
Processor_pct_ Privileged_Time,Processed_Windows_dataset,windows10_dataset.csv,float64,Metadata Attribute,Temporal / Ground Truth Label,Provides temporal context or security ground-truth label
Processor_C3_ransitions_sec,Processed_Windows_dataset,windows10_dataset.csv,int64,Ignored Attribute,Unmapped,"Constant, redundant or uninformative telemetry attribute"
Processor_DPCs_Queued_sec,Processed_Windows_dataset,windows10_dataset.csv,float64,Ignored Attribute,Unmapped,"Constant, redundant or uninformative telemetry attribute"
Processor_Interrupts_sec,Processed_Windows_dataset,windows10_dataset.csv,float64,Metadata Attribute,Temporal / Ground Truth Label,Provides temporal context or security ground-truth label
Process_Pool_Paged Bytes,Processed_Windows_dataset,windows10_dataset.csv,int64,Graph Attribute,Node Feature Vector,Numerical telemetry or performance metric for entity
Process_IO Read_Operations_sec,Processed_Windows_dataset,windows10_dataset.csv,float64,Graph Attribute,Node Feature Vector,Numerical telemetry or performance metric for entity
Process_Working_Set_ Private,Processed_Windows_dataset,windows10_dataset.csv,int64,Ignored Attribute,Unmapped,"Constant, redundant or uninformative telemetry attribute"
Process_Working_Set_Peak,Processed_Windows_dataset,windows10_dataset.csv,int64,Ignored Attribute,Unmapped,"Constant, redundant or uninformative telemetry attribute"
Process_IO_Write Operations_sec,Processed_Windows_dataset,windows10_dataset.csv,float64,Graph Attribute,Node Feature Vector,Numerical telemetry or performance metric for entity
Process_Page_File Bytes,Processed_Windows_dataset,windows10_dataset.csv,int64,Graph Attribute,Node Feature Vector,Numerical telemetry or performance metric for entity
Process_pct_ User_Time,Processed_Windows_dataset,windows10_dataset.csv,float64,Graph Entity,User,Serves as primary node representation for User
Process_Virtual_Bytes Peak,Processed_Windows_dataset,windows10_dataset.csv,float64,Graph Attribute,Node Feature Vector,Numerical telemetry or performance metric for entity
Process_Page_File Bytes Peak,Processed_Windows_dataset,windows10_dataset.csv,int64,Graph Attribute,Node Feature Vector,Numerical telemetry or performance metric for entity
Process_IO_Other_Bytes_sec,Processed_Windows_dataset,windows10_dataset.csv,float64,Graph Attribute,Node Feature Vector,Numerical telemetry or performance metric for entity
Process_Private_Bytes,Processed_Windows_dataset,windows10_dataset.csv,int64,Graph Attribute,Node Feature Vector,Numerical telemetry or performance metric for entity
Process_IO_Write_Bytes_sec,Processed_Windows_dataset,windows10_dataset.csv,float64,Graph Attribute,Node Feature Vector,Numerical telemetry or performance metric for entity
Process_Elapsed_Time,Processed_Windows_dataset,windows10_dataset.csv,int64,Metadata Attribute,Temporal / Ground Truth Label,Provides temporal context or security ground-truth label
Process_Virtual_Bytes,Processed_Windows_dataset,windows10_dataset.csv,float64,Graph Attribute,Node Feature Vector,Numerical telemetry or performance metric for entity
Process_pct_ Processor_Time,Processed_Windows_dataset,windows10_dataset.csv,float64,Metadata Attribute,Temporal / Ground Truth Label,Provides temporal context or security ground-truth label
Process_Creating Process ID,Processed_Windows_dataset,windows10_dataset.csv,int64,Ignored Attribute,Unmapped,"Constant, redundant or uninformative telemetry attribute"
Process_Pool Nonpaged Bytes,Processed_Windows_dataset,windows10_dataset.csv,int64,Graph Attribute,Node Feature Vector,Numerical telemetry or performance metric for entity
Process_Working Set,Processed_Windows_dataset,windows10_dataset.csv,int64,Ignored Attribute,Unmapped,"Constant, redundant or uninformative telemetry attribute"
Process_Page Faults_sec,Processed_Windows_dataset,windows10_dataset.csv,float64,Metadata Attribute,Temporal / Ground Truth Label,Provides temporal context or security ground-truth label
Process_ID Process,Processed_Windows_dataset,windows10_dataset.csv,int64,Ignored Attribute,Unmapped,"Constant, redundant or uninformative telemetry attribute"
Process_IO Other Operations_sec,Processed_Windows_dataset,windows10_dataset.csv,float64,Ignored Attribute,Unmapped,"Constant, redundant or uninformative telemetry attribute"
Process_IO Data Operations_sec,Processed_Windows_dataset,windows10_dataset.csv,float64,Ignored Attribute,Unmapped,"Constant, redundant or uninformative telemetry attribute"
Process_Thread Count,Processed_Windows_dataset,windows10_dataset.csv,int64,Graph Attribute,Node Feature Vector,Numerical telemetry or performance metric for entity
Process_pct_ Privileged_Time,Processed_Windows_dataset,windows10_dataset.csv,float64,Metadata Attribute,Temporal / Ground Truth Label,Provides temporal context or security ground-truth label
Process_IO Data Bytes_sec,Processed_Windows_dataset,windows10_dataset.csv,float64,Graph Attribute,Node Feature Vector,Numerical telemetry or performance metric for entity
Process_IO Read Bytes_sec,Processed_Windows_dataset,windows10_dataset.csv,float64,Graph Attribute,Node Feature Vector,Numerical telemetry or performance metric for entity
Process_Priority Base,Processed_Windows_dataset,windows10_dataset.csv,int64,Ignored Attribute,Unmapped,"Constant, redundant or uninformative telemetry attribute"
Process_Handle Count,Processed_Windows_dataset,windows10_dataset.csv,int64,Graph Entity,Session,Serves as primary node representation for Session
Network_I(Intel R _82574L_GNC)TCP_APS,Processed_Windows_dataset,windows10_dataset.csv,int64,Ignored Attribute,Unmapped,"Constant, redundant or uninformative telemetry attribute"
Network_I(Intel R _82574L_GNC) Packets Received Unknown,Processed_Windows_dataset,windows10_dataset.csv,int64,Metadata Attribute,Temporal / Ground Truth Label,Provides temporal context or security ground-truth label
Network_I(Intel R _82574L_GNC) Bytes Received sec,Processed_Windows_dataset,windows10_dataset.csv,float64,Graph Attribute,Node Feature Vector,Numerical telemetry or performance metric for entity
Network_I(Intel R _82574L_GNC) Bytes Sent sec,Processed_Windows_dataset,windows10_dataset.csv,float64,Graph Attribute,Node Feature Vector,Numerical telemetry or performance metric for entity
Network_I(Intel R _82574L_GNC) Packets Outbound Errors,Processed_Windows_dataset,windows10_dataset.csv,int64,Metadata Attribute,Temporal / Ground Truth Label,Provides temporal context or security ground-truth label
Network_I(Intel R _82574L_GNC) Packets Received Discarded,Processed_Windows_dataset,windows10_dataset.csv,int64,Metadata Attribute,Temporal / Ground Truth Label,Provides temporal context or security ground-truth label
Network_I(Intel R _82574L_GNC) Bytes Total sec,Processed_Windows_dataset,windows10_dataset.csv,float64,Graph Attribute,Node Feature Vector,Numerical telemetry or performance metric for entity
Network_I(Intel R _82574L_GNC) Packets Outbound Discarded,Processed_Windows_dataset,windows10_dataset.csv,int64,Metadata Attribute,Temporal / Ground Truth Label,Provides temporal context or security ground-truth label
Network_I(Intel R _82574L_GNC) TCP RSC Exceptions sec,Processed_Windows_dataset,windows10_dataset.csv,int64,Ignored Attribute,Unmapped,"Constant, redundant or uninformative telemetry attribute"
Network_I(Intel R _82574L_GNC) Packets Sent Unicast sec,Processed_Windows_dataset,windows10_dataset.csv,float64,Metadata Attribute,Temporal / Ground Truth Label,Provides temporal context or security ground-truth label
Network_I(Intel R _82574L_GNC) Output Queue Length,Processed_Windows_dataset,windows10_dataset.csv,int64,Ignored Attribute,Unmapped,"Constant, redundant or uninformative telemetry attribute"
Network_I(Intel R _82574L_GNC) Packets Received sec,Processed_Windows_dataset,windows10_dataset.csv,float64,Metadata Attribute,Temporal / Ground Truth Label,Provides temporal context or security ground-truth label
Network_I(Intel R _82574L_GNC) Current Bandwidth,Processed_Windows_dataset,windows10_dataset.csv,int64,Ignored Attribute,Unmapped,"Constant, redundant or uninformative telemetry attribute"
Network_I(Intel R _82574L_GNC) Packets sec,Processed_Windows_dataset,windows10_dataset.csv,float64,Metadata Attribute,Temporal / Ground Truth Label,Provides temporal context or security ground-truth label
Network_I(Intel R _82574L_GNC) TCP Active RSC Connections,Processed_Windows_dataset,windows10_dataset.csv,int64,Ignored Attribute,Unmapped,"Constant, redundant or uninformative telemetry attribute"
Network_I(Intel R _82574L_GNC) Packets Sent sec,Processed_Windows_dataset,windows10_dataset.csv,float64,Metadata Attribute,Temporal / Ground Truth Label,Provides temporal context or security ground-truth label
Network_I(Intel R _82574L_GNC) Packets Received Unicast sec,Processed_Windows_dataset,windows10_dataset.csv,float64,Metadata Attribute,Temporal / Ground Truth Label,Provides temporal context or security ground-truth label
Network_I(Intel R _82574L_GNC) Packets Sent Non-Unicast sec,Processed_Windows_dataset,windows10_dataset.csv,int64,Metadata Attribute,Temporal / Ground Truth Label,Provides temporal context or security ground-truth label
Network_I(Intel R _82574L_GNC) Packets Received Non-Unicast sec,Processed_Windows_dataset,windows10_dataset.csv,int64,Metadata Attribute,Temporal / Ground Truth Label,Provides temporal context or security ground-truth label
Network_I(Intel R _82574L_GNC) TCP RSC Coalesced Packets sec,Processed_Windows_dataset,windows10_dataset.csv,int64,Metadata Attribute,Temporal / Ground Truth Label,Provides temporal context or security ground-truth label
Network_I(Intel R _82574L_GNC) Offloaded Connections,Processed_Windows_dataset,windows10_dataset.csv,int64,Ignored Attribute,Unmapped,"Constant, redundant or uninformative telemetry attribute"
Network_I(Intel R _82574L_GNC) Packets Received Errors,Processed_Windows_dataset,windows10_dataset.csv,int64,Metadata Attribute,Temporal / Ground Truth Label,Provides temporal context or security ground-truth label
Memory Pool Paged Bytes,Processed_Windows_dataset,windows10_dataset.csv,int64,Graph Attribute,Node Feature Vector,Numerical telemetry or performance metric for entity
Memory Free & Zero Page List Bytes,Processed_Windows_dataset,windows10_dataset.csv,int64,Graph Attribute,Node Feature Vector,Numerical telemetry or performance metric for entity
Memory Cache Bytes Peak,Processed_Windows_dataset,windows10_dataset.csv,int64,Graph Attribute,Node Feature Vector,Numerical telemetry or performance metric for entity
Memory System Code Resident Bytes,Processed_Windows_dataset,windows10_dataset.csv,int64,Graph Attribute,Node Feature Vector,Numerical telemetry or performance metric for entity
Memory Available Bytes,Processed_Windows_dataset,windows10_dataset.csv,int64,Graph Attribute,Node Feature Vector,Numerical telemetry or performance metric for entity
Memory Commit Limit,Processed_Windows_dataset,windows10_dataset.csv,int64,Graph Attribute,Node Feature Vector,Numerical telemetry or performance metric for entity
Memory Transition Pages RePurposed sec,Processed_Windows_dataset,windows10_dataset.csv,float64,Graph Attribute,Node Feature Vector,Numerical telemetry or performance metric for entity
Memory Pages Output sec,Processed_Windows_dataset,windows10_dataset.csv,float64,Graph Attribute,Node Feature Vector,Numerical telemetry or performance metric for entity
Memory Page Reads sec,Processed_Windows_dataset,windows10_dataset.csv,float64,Graph Attribute,Node Feature Vector,Numerical telemetry or performance metric for entity
Memory Demand Zero Faults sec,Processed_Windows_dataset,windows10_dataset.csv,float64,Metadata Attribute,Temporal / Ground Truth Label,Provides temporal context or security ground-truth label
Memory Available KBytes,Processed_Windows_dataset,windows10_dataset.csv,int64,Graph Attribute,Node Feature Vector,Numerical telemetry or performance metric for entity
Memory Pages sec,Processed_Windows_dataset,windows10_dataset.csv,float64,Graph Attribute,Node Feature Vector,Numerical telemetry or performance metric for entity
Memory Cache Bytes,Processed_Windows_dataset,windows10_dataset.csv,int64,Graph Attribute,Node Feature Vector,Numerical telemetry or performance metric for entity
Memory Pool Nonpaged Bytes,Processed_Windows_dataset,windows10_dataset.csv,int64,Graph Attribute,Node Feature Vector,Numerical telemetry or performance metric for entity
Memory Page Faults sec,Processed_Windows_dataset,windows10_dataset.csv,float64,Metadata Attribute,Temporal / Ground Truth Label,Provides temporal context or security ground-truth label
Memory Transition Faults sec,Processed_Windows_dataset,windows10_dataset.csv,float64,Metadata Attribute,Temporal / Ground Truth Label,Provides temporal context or security ground-truth label
Memory System Cache Resident Bytes,Processed_Windows_dataset,windows10_dataset.csv,int64,Graph Attribute,Node Feature Vector,Numerical telemetry or performance metric for entity
Memory Long-Term Average Standby Cache Lifetime (s),Processed_Windows_dataset,windows10_dataset.csv,int64,Metadata Attribute,Temporal / Ground Truth Label,Provides temporal context or security ground-truth label
Memory Standby Cache Reserve Bytes,Processed_Windows_dataset,windows10_dataset.csv,int64,Graph Attribute,Node Feature Vector,Numerical telemetry or performance metric for entity
Memory Page Writes sec,Processed_Windows_dataset,windows10_dataset.csv,float64,Graph Attribute,Node Feature Vector,Numerical telemetry or performance metric for entity
Memory System Code Total Bytes,Processed_Windows_dataset,windows10_dataset.csv,int64,Graph Attribute,Node Feature Vector,Numerical telemetry or performance metric for entity
Memory Standby Cache Core Bytes,Processed_Windows_dataset,windows10_dataset.csv,int64,Graph Attribute,Node Feature Vector,Numerical telemetry or performance metric for entity
Memory System Driver Resident Bytes,Processed_Windows_dataset,windows10_dataset.csv,int64,Graph Attribute,Node Feature Vector,Numerical telemetry or performance metric for entity
Memory Standby Cache Normal Priority Bytes,Processed_Windows_dataset,windows10_dataset.csv,int64,Graph Attribute,Node Feature Vector,Numerical telemetry or performance metric for entity
Memory Pool Paged Allocs,Processed_Windows_dataset,windows10_dataset.csv,int64,Graph Attribute,Node Feature Vector,Numerical telemetry or performance metric for entity
Memory Pool Nonpaged Allocs,Processed_Windows_dataset,windows10_dataset.csv,int64,Graph Attribute,Node Feature Vector,Numerical telemetry or performance metric for entity
Memory pct_ Committed Bytes In Use,Processed_Windows_dataset,windows10_dataset.csv,float64,Graph Attribute,Node Feature Vector,Numerical telemetry or performance metric for entity
Memory Free System Page Table Entries,Processed_Windows_dataset,windows10_dataset.csv,int64,Graph Entity,Host,Serves as primary node representation for Host
Memory Available MBytes,Processed_Windows_dataset,windows10_dataset.csv,int64,Graph Attribute,Node Feature Vector,Numerical telemetry or performance metric for entity
Memory Modified Page List Bytes,Processed_Windows_dataset,windows10_dataset.csv,int64,Graph Attribute,Node Feature Vector,Numerical telemetry or performance metric for entity
Memory Cache Faults sec,Processed_Windows_dataset,windows10_dataset.csv,float64,Metadata Attribute,Temporal / Ground Truth Label,Provides temporal context or security ground-truth label
Memory Committed Bytes,Processed_Windows_dataset,windows10_dataset.csv,int64,Graph Attribute,Node Feature Vector,Numerical telemetry or performance metric for entity
Memory System Driver Total Bytes,Processed_Windows_dataset,windows10_dataset.csv,int64,Graph Attribute,Node Feature Vector,Numerical telemetry or performance metric for entity
Memory Pages Input sec,Processed_Windows_dataset,windows10_dataset.csv,float64,Graph Attribute,Node Feature Vector,Numerical telemetry or performance metric for entity
Memory Pool Paged Resident Bytes,Processed_Windows_dataset,windows10_dataset.csv,int64,Graph Attribute,Node Feature Vector,Numerical telemetry or performance metric for entity
Memory Write Copies sec,Processed_Windows_dataset,windows10_dataset.csv,float64,Graph Attribute,Node Feature Vector,Numerical telemetry or performance metric for entity
LogicalDisk(_Total) Avg  Disk Bytes Write,Processed_Windows_dataset,windows10_dataset.csv,float64,Graph Attribute,Node Feature Vector,Numerical telemetry or performance metric for entity
LogicalDisk(_Total) pct_ Idle Time,Processed_Windows_dataset,windows10_dataset.csv,float64,Metadata Attribute,Temporal / Ground Truth Label,Provides temporal context or security ground-truth label
LogicalDisk(_Total) Disk Reads sec,Processed_Windows_dataset,windows10_dataset.csv,float64,Graph Attribute,Node Feature Vector,Numerical telemetry or performance metric for entity
LogicalDisk(_Total) pct_ Free Space,Processed_Windows_dataset,windows10_dataset.csv,float64,Graph Attribute,Node Feature Vector,Numerical telemetry or performance metric for entity
LogicalDisk(_Total) Disk Read Bytes sec,Processed_Windows_dataset,windows10_dataset.csv,float64,Graph Attribute,Node Feature Vector,Numerical telemetry or performance metric for entity
LogicalDisk(_Total) Avg  Disk sec Read,Processed_Windows_dataset,windows10_dataset.csv,float64,Graph Attribute,Node Feature Vector,Numerical telemetry or performance metric for entity
LogicalDisk(_Total) Disk Writes sec,Processed_Windows_dataset,windows10_dataset.csv,float64,Graph Attribute,Node Feature Vector,Numerical telemetry or performance metric for entity
LogicalDisk(_Total) Current Disk Queue Length,Processed_Windows_dataset,windows10_dataset.csv,int64,Graph Attribute,Node Feature Vector,Numerical telemetry or performance metric for entity
LogicalDisk(_Total) Split IO Sec,Processed_Windows_dataset,windows10_dataset.csv,float64,Graph Attribute,Node Feature Vector,Numerical telemetry or performance metric for entity
LogicalDisk(_Total) Free Megabytes,Processed_Windows_dataset,windows10_dataset.csv,int64,Graph Attribute,Node Feature Vector,Numerical telemetry or performance metric for entity
LogicalDisk(_Total) Avg  Disk sec Write,Processed_Windows_dataset,windows10_dataset.csv,float64,Graph Attribute,Node Feature Vector,Numerical telemetry or performance metric for entity
LogicalDisk(_Total) Disk Bytes sec,Processed_Windows_dataset,windows10_dataset.csv,float64,Graph Attribute,Node Feature Vector,Numerical telemetry or performance metric for entity
LogicalDisk(_Total) Avg  Disk Read Queue Length,Processed_Windows_dataset,windows10_dataset.csv,float64,Graph Attribute,Node Feature Vector,Numerical telemetry or performance metric for entity
LogicalDisk(_Total) pct_ Disk Time,Processed_Windows_dataset,windows10_dataset.csv,float64,Metadata Attribute,Temporal / Ground Truth Label,Provides temporal context or security ground-truth label
LogicalDisk(_Total) Avg  Disk Bytes Read,Processed_Windows_dataset,windows10_dataset.csv,float64,Graph Attribute,Node Feature Vector,Numerical telemetry or performance metric for entity
LogicalDisk(_Total) Avg  Disk Write Queue Length,Processed_Windows_dataset,windows10_dataset.csv,float64,Graph Attribute,Node Feature Vector,Numerical telemetry or performance metric for entity
LogicalDisk(_Total) Avg  Disk Queue Length,Processed_Windows_dataset,windows10_dataset.csv,float64,Graph Attribute,Node Feature Vector,Numerical telemetry or performance metric for entity
LogicalDisk(_Total) pct_ Disk Read Time,Processed_Windows_dataset,windows10_dataset.csv,float64,Metadata Attribute,Temporal / Ground Truth Label,Provides temporal context or security ground-truth label
LogicalDisk(_Total) Disk Write Bytes sec,Processed_Windows_dataset,windows10_dataset.csv,float64,Graph Attribute,Node Feature Vector,Numerical telemetry or performance metric for entity
LogicalDisk(_Total) Disk Transfers sec,Processed_Windows_dataset,windows10_dataset.csv,float64,Graph Attribute,Node Feature Vector,Numerical telemetry or performance metric for entity
LogicalDisk(_Total) Avg  Disk Bytes Transfer,Processed_Windows_dataset,windows10_dataset.csv,float64,Graph Attribute,Node Feature Vector,Numerical telemetry or performance metric for entity
LogicalDisk(_Total) pct_ Disk Write Time,Processed_Windows_dataset,windows10_dataset.csv,float64,Metadata Attribute,Temporal / Ground Truth Label,Provides temporal context or security ground-truth label
LogicalDisk(_Total) Avg  Disk sec Transfer,Processed_Windows_dataset,windows10_dataset.csv,float64,Graph Attribute,Node Feature Vector,Numerical telemetry or performance metric for entity
label,Processed_Windows_dataset,windows10_dataset.csv,int64,Graph Entity,Event,Serves as primary node representation for Event
type,Processed_Windows_dataset,windows10_dataset.csv,str,Graph Entity,Event,Serves as primary node representation for Event
ts,Processed_Windows_dataset,windows7_dataset.csv,int64,Metadata Attribute,Temporal / Ground Truth Label,Provides temporal context or security ground-truth label
Processor(_Total) DPC Rate,Processed_Windows_dataset,windows7_dataset.csv,int64,Ignored Attribute,Unmapped,"Constant, redundant or uninformative telemetry attribute"
Processor(_Total) pct_ Idle Time,Processed_Windows_dataset,windows7_dataset.csv,float64,Metadata Attribute,Temporal / Ground Truth Label,Provides temporal context or security ground-truth label
Processor(_Total) pct_ C3 Time,Processed_Windows_dataset,windows7_dataset.csv,int64,Metadata Attribute,Temporal / Ground Truth Label,Provides temporal context or security ground-truth label
Processor(_Total) pct_ Interrupt Time,Processed_Windows_dataset,windows7_dataset.csv,float64,Metadata Attribute,Temporal / Ground Truth Label,Provides temporal context or security ground-truth label
Processor(_Total) pct_ C2 Time,Processed_Windows_dataset,windows7_dataset.csv,int64,Metadata Attribute,Temporal / Ground Truth Label,Provides temporal context or security ground-truth label
Processor(_Total) pct_ User Time,Processed_Windows_dataset,windows7_dataset.csv,float64,Graph Entity,User,Serves as primary node representation for User
Processor(_Total) pct_ C1 Time,Processed_Windows_dataset,windows7_dataset.csv,float64,Metadata Attribute,Temporal / Ground Truth Label,Provides temporal context or security ground-truth label
Processor(_Total) pct_ Processor Time,Processed_Windows_dataset,windows7_dataset.csv,float64,Metadata Attribute,Temporal / Ground Truth Label,Provides temporal context or security ground-truth label
Processor(_Total) C1 Transitions sec,Processed_Windows_dataset,windows7_dataset.csv,float64,Ignored Attribute,Unmapped,"Constant, redundant or uninformative telemetry attribute"
Processor(_Total) pct_ DPC Time,Processed_Windows_dataset,windows7_dataset.csv,float64,Metadata Attribute,Temporal / Ground Truth Label,Provides temporal context or security ground-truth label
Processor(_Total) C2 Transitions sec,Processed_Windows_dataset,windows7_dataset.csv,int64,Ignored Attribute,Unmapped,"Constant, redundant or uninformative telemetry attribute"
Processor(_Total) pct_ Privileged Time,Processed_Windows_dataset,windows7_dataset.csv,float64,Metadata Attribute,Temporal / Ground Truth Label,Provides temporal context or security ground-truth label
Processor(_Total) C3 Transitions sec,Processed_Windows_dataset,windows7_dataset.csv,int64,Ignored Attribute,Unmapped,"Constant, redundant or uninformative telemetry attribute"
Processor(_Total) DPCs Queued sec,Processed_Windows_dataset,windows7_dataset.csv,float64,Ignored Attribute,Unmapped,"Constant, redundant or uninformative telemetry attribute"
Processor(_Total) Interrupts sec,Processed_Windows_dataset,windows7_dataset.csv,float64,Metadata Attribute,Temporal / Ground Truth Label,Provides temporal context or security ground-truth label
Process(_Total) Pool Paged Bytes,Processed_Windows_dataset,windows7_dataset.csv,int64,Graph Attribute,Node Feature Vector,Numerical telemetry or performance metric for entity
Process(_Total) IO Read Operations sec,Processed_Windows_dataset,windows7_dataset.csv,str,Graph Attribute,Node Feature Vector,Numerical telemetry or performance metric for entity
Process(_Total) Working Set - Private,Processed_Windows_dataset,windows7_dataset.csv,int64,Ignored Attribute,Unmapped,"Constant, redundant or uninformative telemetry attribute"
Process(_Total) Working Set Peak,Processed_Windows_dataset,windows7_dataset.csv,int64,Ignored Attribute,Unmapped,"Constant, redundant or uninformative telemetry attribute"
Process(_Total) IO Write Operations sec,Processed_Windows_dataset,windows7_dataset.csv,float64,Graph Attribute,Node Feature Vector,Numerical telemetry or performance metric for entity
Process(_Total) Page File Bytes,Processed_Windows_dataset,windows7_dataset.csv,int64,Graph Attribute,Node Feature Vector,Numerical telemetry or performance metric for entity
Process(_Total) pct_ User Time,Processed_Windows_dataset,windows7_dataset.csv,str,Graph Entity,User,Serves as primary node representation for User
Process(_Total) Virtual Bytes Peak,Processed_Windows_dataset,windows7_dataset.csv,int64,Graph Attribute,Node Feature Vector,Numerical telemetry or performance metric for entity
Process(_Total) Page File Bytes Peak,Processed_Windows_dataset,windows7_dataset.csv,int64,Graph Attribute,Node Feature Vector,Numerical telemetry or performance metric for entity
Process(_Total) IO Other Bytes sec,Processed_Windows_dataset,windows7_dataset.csv,float64,Graph Attribute,Node Feature Vector,Numerical telemetry or performance metric for entity
Process(_Total) Private Bytes,Processed_Windows_dataset,windows7_dataset.csv,int64,Graph Attribute,Node Feature Vector,Numerical telemetry or performance metric for entity
Process(_Total) IO Write Bytes sec,Processed_Windows_dataset,windows7_dataset.csv,float64,Graph Attribute,Node Feature Vector,Numerical telemetry or performance metric for entity
Process(_Total) Elapsed Time,Processed_Windows_dataset,windows7_dataset.csv,int64,Metadata Attribute,Temporal / Ground Truth Label,Provides temporal context or security ground-truth label
Process(_Total) Virtual Bytes,Processed_Windows_dataset,windows7_dataset.csv,int64,Graph Attribute,Node Feature Vector,Numerical telemetry or performance metric for entity
Process(_Total) pct_ Processor Time,Processed_Windows_dataset,windows7_dataset.csv,float64,Metadata Attribute,Temporal / Ground Truth Label,Provides temporal context or security ground-truth label
Process(_Total) Creating Process ID,Processed_Windows_dataset,windows7_dataset.csv,int64,Ignored Attribute,Unmapped,"Constant, redundant or uninformative telemetry attribute"
Process(_Total) Pool Nonpaged Bytes,Processed_Windows_dataset,windows7_dataset.csv,int64,Graph Attribute,Node Feature Vector,Numerical telemetry or performance metric for entity
Process(_Total) Working Set,Processed_Windows_dataset,windows7_dataset.csv,int64,Ignored Attribute,Unmapped,"Constant, redundant or uninformative telemetry attribute"
Process(_Total) Page Faults sec,Processed_Windows_dataset,windows7_dataset.csv,str,Metadata Attribute,Temporal / Ground Truth Label,Provides temporal context or security ground-truth label
Process(_Total) ID Process,Processed_Windows_dataset,windows7_dataset.csv,int64,Ignored Attribute,Unmapped,"Constant, redundant or uninformative telemetry attribute"
Process(_Total) IO Other Operations sec,Processed_Windows_dataset,windows7_dataset.csv,float64,Ignored Attribute,Unmapped,"Constant, redundant or uninformative telemetry attribute"
Process(_Total) IO Data Operations sec,Processed_Windows_dataset,windows7_dataset.csv,str,Ignored Attribute,Unmapped,"Constant, redundant or uninformative telemetry attribute"
Process(_Total) Thread Count,Processed_Windows_dataset,windows7_dataset.csv,int64,Graph Attribute,Node Feature Vector,Numerical telemetry or performance metric for entity
Process(_Total) pct_ Privileged Time,Processed_Windows_dataset,windows7_dataset.csv,float64,Metadata Attribute,Temporal / Ground Truth Label,Provides temporal context or security ground-truth label
Process(_Total) IO Data Bytes sec,Processed_Windows_dataset,windows7_dataset.csv,str,Graph Attribute,Node Feature Vector,Numerical telemetry or performance metric for entity
Process(_Total) IO Read Bytes sec,Processed_Windows_dataset,windows7_dataset.csv,str,Graph Attribute,Node Feature Vector,Numerical telemetry or performance metric for entity
Process(_Total) Priority Base,Processed_Windows_dataset,windows7_dataset.csv,int64,Ignored Attribute,Unmapped,"Constant, redundant or uninformative telemetry attribute"
Process(_Total) Handle Count,Processed_Windows_dataset,windows7_dataset.csv,int64,Graph Entity,Session,Serves as primary node representation for Session
Network_I(6TO4 Adapter) Packets Received Unknown,Processed_Windows_dataset,windows7_dataset.csv,int64,Metadata Attribute,Temporal / Ground Truth Label,Provides temporal context or security ground-truth label
Network_I(isatap{B4D100D3-}) Packets Received Unknown,Processed_Windows_dataset,windows7_dataset.csv,int64,Metadata Attribute,Temporal / Ground Truth Label,Provides temporal context or security ground-truth label
Network_I(Intel R _Pro_1000MT) Packets Received Unknown,Processed_Windows_dataset,windows7_dataset.csv,int64,Metadata Attribute,Temporal / Ground Truth Label,Provides temporal context or security ground-truth label
Network_I(6TO4 Adapter) Bytes Received sec,Processed_Windows_dataset,windows7_dataset.csv,int64,Graph Attribute,Node Feature Vector,Numerical telemetry or performance metric for entity
Network_I(isatap{B4D100D3-}) Bytes Received sec,Processed_Windows_dataset,windows7_dataset.csv,int64,Graph Attribute,Node Feature Vector,Numerical telemetry or performance metric for entity
Network_I(Intel R _Pro_1000MT) Bytes Received sec,Processed_Windows_dataset,windows7_dataset.csv,float64,Graph Attribute,Node Feature Vector,Numerical telemetry or performance metric for entity
Network_I(6TO4 Adapter) Bytes Sent sec,Processed_Windows_dataset,windows7_dataset.csv,int64,Graph Attribute,Node Feature Vector,Numerical telemetry or performance metric for entity
Network_I(isatap{B4D100D3-}) Bytes Sent sec,Processed_Windows_dataset,windows7_dataset.csv,int64,Graph Attribute,Node Feature Vector,Numerical telemetry or performance metric for entity
Network_I(Intel R _Pro_1000MT) Bytes Sent sec,Processed_Windows_dataset,windows7_dataset.csv,float64,Graph Attribute,Node Feature Vector,Numerical telemetry or performance metric for entity
Network_I(6TO4 Adapter) Packets Outbound Errors,Processed_Windows_dataset,windows7_dataset.csv,int64,Metadata Attribute,Temporal / Ground Truth Label,Provides temporal context or security ground-truth label
Network_I(isatap{B4D100D3-}) Packets Outbound Errors,Processed_Windows_dataset,windows7_dataset.csv,int64,Metadata Attribute,Temporal / Ground Truth Label,Provides temporal context or security ground-truth label
Network_I(Intel R _Pro_1000MT) Packets Outbound Errors,Processed_Windows_dataset,windows7_dataset.csv,int64,Metadata Attribute,Temporal / Ground Truth Label,Provides temporal context or security ground-truth label
Network_I(6TO4 Adapter) Packets Received Discarded,Processed_Windows_dataset,windows7_dataset.csv,int64,Metadata Attribute,Temporal / Ground Truth Label,Provides temporal context or security ground-truth label
Network_I(isatap{B4D100D3-}) Packets Received Discarded,Processed_Windows_dataset,windows7_dataset.csv,int64,Metadata Attribute,Temporal / Ground Truth Label,Provides temporal context or security ground-truth label
Network_I(Intel R _Pro_1000MT) Packets Received Discarded,Processed_Windows_dataset,windows7_dataset.csv,int64,Metadata Attribute,Temporal / Ground Truth Label,Provides temporal context or security ground-truth label
Network_I(6TO4 Adapter) Bytes Total sec,Processed_Windows_dataset,windows7_dataset.csv,int64,Graph Attribute,Node Feature Vector,Numerical telemetry or performance metric for entity
Network_I(isatap{B4D100D3-}) Bytes Total sec,Processed_Windows_dataset,windows7_dataset.csv,int64,Graph Attribute,Node Feature Vector,Numerical telemetry or performance metric for entity
Network_I(Intel R _Pro_1000MT) Bytes Total sec,Processed_Windows_dataset,windows7_dataset.csv,float64,Graph Attribute,Node Feature Vector,Numerical telemetry or performance metric for entity
Network_I(6TO4 Adapter) Packets Outbound Discarded,Processed_Windows_dataset,windows7_dataset.csv,int64,Metadata Attribute,Temporal / Ground Truth Label,Provides temporal context or security ground-truth label
Network_I(isatap{B4D100D3-}) Packets Outbound Discarded,Processed_Windows_dataset,windows7_dataset.csv,int64,Metadata Attribute,Temporal / Ground Truth Label,Provides temporal context or security ground-truth label
Network_I(Intel R _Pro_1000MT) Packets Outbound Discarded,Processed_Windows_dataset,windows7_dataset.csv,int64,Metadata Attribute,Temporal / Ground Truth Label,Provides temporal context or security ground-truth label
Network_I(6TO4 Adapter) Packets Sent Unicast sec,Processed_Windows_dataset,windows7_dataset.csv,int64,Metadata Attribute,Temporal / Ground Truth Label,Provides temporal context or security ground-truth label
Network_I(isatap{B4D100D3-}) Packets Sent Unicast sec,Processed_Windows_dataset,windows7_dataset.csv,int64,Metadata Attribute,Temporal / Ground Truth Label,Provides temporal context or security ground-truth label
Network_I(Intel R _Pro_1000MT) Packets Sent Unicast sec,Processed_Windows_dataset,windows7_dataset.csv,float64,Metadata Attribute,Temporal / Ground Truth Label,Provides temporal context or security ground-truth label
Network_I(6TO4 Adapter) Output Queue Length,Processed_Windows_dataset,windows7_dataset.csv,int64,Ignored Attribute,Unmapped,"Constant, redundant or uninformative telemetry attribute"
Network_I(isatap{B4D100D3-}) Output Queue Length,Processed_Windows_dataset,windows7_dataset.csv,int64,Ignored Attribute,Unmapped,"Constant, redundant or uninformative telemetry attribute"
Network_I(Intel R _Pro_1000MT) Output Queue Length,Processed_Windows_dataset,windows7_dataset.csv,int64,Ignored Attribute,Unmapped,"Constant, redundant or uninformative telemetry attribute"
Network_I(6TO4 Adapter) Packets Received sec,Processed_Windows_dataset,windows7_dataset.csv,int64,Metadata Attribute,Temporal / Ground Truth Label,Provides temporal context or security ground-truth label
Network_I(isatap{B4D100D3-}) Packets Received sec,Processed_Windows_dataset,windows7_dataset.csv,int64,Metadata Attribute,Temporal / Ground Truth Label,Provides temporal context or security ground-truth label
Network_I(Intel R _Pro_1000MT) Packets Received sec,Processed_Windows_dataset,windows7_dataset.csv,float64,Metadata Attribute,Temporal / Ground Truth Label,Provides temporal context or security ground-truth label
Network_I(6TO4 Adapter) Current Bandwidth,Processed_Windows_dataset,windows7_dataset.csv,int64,Ignored Attribute,Unmapped,"Constant, redundant or uninformative telemetry attribute"
Network_I(isatap{B4D100D3-}) Current Bandwidth,Processed_Windows_dataset,windows7_dataset.csv,int64,Ignored Attribute,Unmapped,"Constant, redundant or uninformative telemetry attribute"
Network_I(Intel R _Pro_1000MT) Current Bandwidth,Processed_Windows_dataset,windows7_dataset.csv,int64,Ignored Attribute,Unmapped,"Constant, redundant or uninformative telemetry attribute"
Network_I(6TO4 Adapter) Packets sec,Processed_Windows_dataset,windows7_dataset.csv,int64,Metadata Attribute,Temporal / Ground Truth Label,Provides temporal context or security ground-truth label
Network_I(isatap{B4D100D3-}) Packets sec,Processed_Windows_dataset,windows7_dataset.csv,int64,Metadata Attribute,Temporal / Ground Truth Label,Provides temporal context or security ground-truth label
Network_I(Intel R _Pro_1000MT) Packets sec,Processed_Windows_dataset,windows7_dataset.csv,float64,Metadata Attribute,Temporal / Ground Truth Label,Provides temporal context or security ground-truth label
Network_I(6TO4 Adapter) Packets Sent sec,Processed_Windows_dataset,windows7_dataset.csv,int64,Metadata Attribute,Temporal / Ground Truth Label,Provides temporal context or security ground-truth label
Network_I(isatap{B4D100D3-}) Packets Sent sec,Processed_Windows_dataset,windows7_dataset.csv,int64,Metadata Attribute,Temporal / Ground Truth Label,Provides temporal context or security ground-truth label
Network_I(Intel R _Pro_1000MT) Packets Sent sec,Processed_Windows_dataset,windows7_dataset.csv,float64,Metadata Attribute,Temporal / Ground Truth Label,Provides temporal context or security ground-truth label
Network_I(6TO4 Adapter) Packets Received Unicast sec,Processed_Windows_dataset,windows7_dataset.csv,int64,Metadata Attribute,Temporal / Ground Truth Label,Provides temporal context or security ground-truth label
Network_I(isatap{B4D100D3-}) Packets Received Unicast sec,Processed_Windows_dataset,windows7_dataset.csv,int64,Metadata Attribute,Temporal / Ground Truth Label,Provides temporal context or security ground-truth label
Network_I(Intel R _Pro_1000MT) Packets Received Unicast sec,Processed_Windows_dataset,windows7_dataset.csv,float64,Metadata Attribute,Temporal / Ground Truth Label,Provides temporal context or security ground-truth label
Network_I(6TO4 Adapter) Packets Sent Non-Unicast sec,Processed_Windows_dataset,windows7_dataset.csv,int64,Metadata Attribute,Temporal / Ground Truth Label,Provides temporal context or security ground-truth label
Network_I(isatap{B4D100D3-}) Packets Sent Non-Unicast sec,Processed_Windows_dataset,windows7_dataset.csv,int64,Metadata Attribute,Temporal / Ground Truth Label,Provides temporal context or security ground-truth label
Network_I(Intel R _Pro_1000MT) Packets Sent Non-Unicast sec,Processed_Windows_dataset,windows7_dataset.csv,int64,Metadata Attribute,Temporal / Ground Truth Label,Provides temporal context or security ground-truth label
Network_I(6TO4 Adapter) Packets Received Non-Unicast sec,Processed_Windows_dataset,windows7_dataset.csv,int64,Metadata Attribute,Temporal / Ground Truth Label,Provides temporal context or security ground-truth label
Network_I(isatap{B4D100D3-}) Packets Received Non-Unicast sec,Processed_Windows_dataset,windows7_dataset.csv,int64,Metadata Attribute,Temporal / Ground Truth Label,Provides temporal context or security ground-truth label
Network_I(Intel R _Pro_1000MT) Packets Received Non-Unicast sec,Processed_Windows_dataset,windows7_dataset.csv,int64,Metadata Attribute,Temporal / Ground Truth Label,Provides temporal context or security ground-truth label
Network_I(6TO4 Adapter) Offloaded Connections,Processed_Windows_dataset,windows7_dataset.csv,int64,Ignored Attribute,Unmapped,"Constant, redundant or uninformative telemetry attribute"
Network_I(isatap{B4D100D3-}) Offloaded Connections,Processed_Windows_dataset,windows7_dataset.csv,int64,Ignored Attribute,Unmapped,"Constant, redundant or uninformative telemetry attribute"
Network_I(Intel R _Pro_1000MT) Offloaded Connections,Processed_Windows_dataset,windows7_dataset.csv,int64,Ignored Attribute,Unmapped,"Constant, redundant or uninformative telemetry attribute"
Network_I(6TO4 Adapter) Packets Received Errors,Processed_Windows_dataset,windows7_dataset.csv,int64,Metadata Attribute,Temporal / Ground Truth Label,Provides temporal context or security ground-truth label
Network_I(isatap{B4D100D3-}) Packets Received Errors,Processed_Windows_dataset,windows7_dataset.csv,int64,Metadata Attribute,Temporal / Ground Truth Label,Provides temporal context or security ground-truth label
Network_I(Intel R _Pro_1000MT) Packets Received Errors,Processed_Windows_dataset,windows7_dataset.csv,int64,Metadata Attribute,Temporal / Ground Truth Label,Provides temporal context or security ground-truth label
Memory Pool Paged Bytes,Processed_Windows_dataset,windows7_dataset.csv,int64,Graph Attribute,Node Feature Vector,Numerical telemetry or performance metric for entity
Memory Free & Zero Page List Bytes,Processed_Windows_dataset,windows7_dataset.csv,int64,Graph Attribute,Node Feature Vector,Numerical telemetry or performance metric for entity
Memory Cache Bytes Peak,Processed_Windows_dataset,windows7_dataset.csv,int64,Graph Attribute,Node Feature Vector,Numerical telemetry or performance metric for entity
Memory System Code Resident Bytes,Processed_Windows_dataset,windows7_dataset.csv,int64,Graph Attribute,Node Feature Vector,Numerical telemetry or performance metric for entity
Memory Available Bytes,Processed_Windows_dataset,windows7_dataset.csv,int64,Graph Attribute,Node Feature Vector,Numerical telemetry or performance metric for entity
Memory Commit Limit,Processed_Windows_dataset,windows7_dataset.csv,int64,Graph Attribute,Node Feature Vector,Numerical telemetry or performance metric for entity
Memory Transition Pages RePurposed sec,Processed_Windows_dataset,windows7_dataset.csv,float64,Graph Attribute,Node Feature Vector,Numerical telemetry or performance metric for entity
Memory Pages Output sec,Processed_Windows_dataset,windows7_dataset.csv,float64,Graph Attribute,Node Feature Vector,Numerical telemetry or performance metric for entity
Memory Page Reads sec,Processed_Windows_dataset,windows7_dataset.csv,float64,Graph Attribute,Node Feature Vector,Numerical telemetry or performance metric for entity
Memory Demand Zero Faults sec,Processed_Windows_dataset,windows7_dataset.csv,float64,Metadata Attribute,Temporal / Ground Truth Label,Provides temporal context or security ground-truth label
Memory Available KBytes,Processed_Windows_dataset,windows7_dataset.csv,int64,Graph Attribute,Node Feature Vector,Numerical telemetry or performance metric for entity
Memory Pages sec,Processed_Windows_dataset,windows7_dataset.csv,float64,Graph Attribute,Node Feature Vector,Numerical telemetry or performance metric for entity
Memory Cache Bytes,Processed_Windows_dataset,windows7_dataset.csv,int64,Graph Attribute,Node Feature Vector,Numerical telemetry or performance metric for entity
Memory Pool Nonpaged Bytes,Processed_Windows_dataset,windows7_dataset.csv,int64,Graph Attribute,Node Feature Vector,Numerical telemetry or performance metric for entity
Memory Page Faults sec,Processed_Windows_dataset,windows7_dataset.csv,float64,Metadata Attribute,Temporal / Ground Truth Label,Provides temporal context or security ground-truth label
Memory Transition Faults sec,Processed_Windows_dataset,windows7_dataset.csv,float64,Metadata Attribute,Temporal / Ground Truth Label,Provides temporal context or security ground-truth label
Memory System Cache Resident Bytes,Processed_Windows_dataset,windows7_dataset.csv,int64,Graph Attribute,Node Feature Vector,Numerical telemetry or performance metric for entity
Memory Standby Cache Reserve Bytes,Processed_Windows_dataset,windows7_dataset.csv,int64,Graph Attribute,Node Feature Vector,Numerical telemetry or performance metric for entity
Memory Page Writes sec,Processed_Windows_dataset,windows7_dataset.csv,float64,Graph Attribute,Node Feature Vector,Numerical telemetry or performance metric for entity
Memory System Code Total Bytes,Processed_Windows_dataset,windows7_dataset.csv,int64,Graph Attribute,Node Feature Vector,Numerical telemetry or performance metric for entity
Memory Standby Cache Core Bytes,Processed_Windows_dataset,windows7_dataset.csv,int64,Graph Attribute,Node Feature Vector,Numerical telemetry or performance metric for entity
Memory System Driver Resident Bytes,Processed_Windows_dataset,windows7_dataset.csv,int64,Graph Attribute,Node Feature Vector,Numerical telemetry or performance metric for entity
Memory Standby Cache Normal Priority Bytes,Processed_Windows_dataset,windows7_dataset.csv,int64,Graph Attribute,Node Feature Vector,Numerical telemetry or performance metric for entity
Memory Pool Paged Allocs,Processed_Windows_dataset,windows7_dataset.csv,int64,Graph Attribute,Node Feature Vector,Numerical telemetry or performance metric for entity
Memory Pool Nonpaged Allocs,Processed_Windows_dataset,windows7_dataset.csv,int64,Graph Attribute,Node Feature Vector,Numerical telemetry or performance metric for entity
Memory pct_ Committed Bytes In Use,Processed_Windows_dataset,windows7_dataset.csv,float64,Graph Attribute,Node Feature Vector,Numerical telemetry or performance metric for entity
Memory Free System Page Table Entries,Processed_Windows_dataset,windows7_dataset.csv,int64,Graph Entity,Host,Serves as primary node representation for Host
Memory Available MBytes,Processed_Windows_dataset,windows7_dataset.csv,int64,Graph Attribute,Node Feature Vector,Numerical telemetry or performance metric for entity
Memory Modified Page List Bytes,Processed_Windows_dataset,windows7_dataset.csv,int64,Graph Attribute,Node Feature Vector,Numerical telemetry or performance metric for entity
Memory Cache Faults sec,Processed_Windows_dataset,windows7_dataset.csv,float64,Metadata Attribute,Temporal / Ground Truth Label,Provides temporal context or security ground-truth label
Memory Committed Bytes,Processed_Windows_dataset,windows7_dataset.csv,int64,Graph Attribute,Node Feature Vector,Numerical telemetry or performance metric for entity
Memory System Driver Total Bytes,Processed_Windows_dataset,windows7_dataset.csv,int64,Graph Attribute,Node Feature Vector,Numerical telemetry or performance metric for entity
Memory Pages Input sec,Processed_Windows_dataset,windows7_dataset.csv,float64,Graph Attribute,Node Feature Vector,Numerical telemetry or performance metric for entity
Memory Pool Paged Resident Bytes,Processed_Windows_dataset,windows7_dataset.csv,int64,Graph Attribute,Node Feature Vector,Numerical telemetry or performance metric for entity
Memory Write Copies sec,Processed_Windows_dataset,windows7_dataset.csv,float64,Graph Attribute,Node Feature Vector,Numerical telemetry or performance metric for entity
label,Processed_Windows_dataset,windows7_dataset.csv,int64,Graph Entity,Event,Serves as primary node representation for Event
type,Processed_Windows_dataset,windows7_dataset.csv,str,Graph Entity,Event,Serves as primary node representation for Event
